url,label
comyaowen/2017-03/20/content_2295189.htm,0
computer-zone-pr.com/templates/beez5/image/irs.tax/start.htm,1
fc2.com/e61h18,1
agwa.cl/img/admin/invoice/adeb/adobe.php,1
audiocomalbany.com.au/col128.mail/Verification%20Set-up_files/EN-US1.html,1
bethematch.org/about-us/careers/working-with-us,0
mysticalkailashjourney.com/google%20duc..html,1
inprnt.com/gallery/sophieeves,0
healthiergeneration.org/about_childhood_obesity/wellness_stories,0
negotiatio.eu/fuel/6675a3dd0e83e4f3797992a6de066c04,1
heilpraktikerin-edhofer.de/wp-includes/pomo/letter0net00.php,1
laola1.tv/en-int/video/neymar-id-like-to-play-in-the-premier-league-len,0
tripplite.com/products/cross-reference/cid/13,0
opuscollection.com/product.php?id=58,0
raphaelalvespilates.com.br/wp-content/plugins/adminshell/Google/purchase/file/Drive/file_doc.php?l=_JeHFUq_VJOXJoGYDw_OXK0K0QWHtoGYDw_Product-UserID&amp;userid_JeHJOXK0IDw_JOXK0IDD&amp;userid=,1
lesoir.be/voyagevoyage,0
dentalretainer.co.uk/media/css_secure/pending.html,1
facebook.com/pages/Kevin-OLeary/116203798426791,0
tvduck.com/Lewis-Black's-Root-of-All-Evil.html,0
afina-mos.ru/component/banners/click/10.html,0
geoserver.org/2017/03/09/rest-api-code-sprint-prep,0
bhejacry.com/wp-includes/js/jcrop/gucci2014/gdocs/processing.html?ip=146.112.225.23,1
62.76.190.163/injectgate,1
memphis.edu/rsp/research_resources.php,0
cndoubleegret.com/admin/secure/cmd-login=d9ec18c784d2eed083bcb2ea4f061a4b,1
camaroonsf1.com/f1-podcast-retiro-nico-rosberg-analisis-e-implicaciones,0
aseunab.com/481f1baae3142db0a53b5cf6c7d57160,1
dxs518.cn/html/fllw,0
allianz.com/en/investor_relations/results-reports/key-figures,0
pnj.com/privacy/#adchoices,0
cantegrilfase2.com.br/validacao/test/upgradeOnusaa,1
coarq.net/files/images_hotel2010/alibaba/index.php,1
xomesrlqcxo.pw/information.cgi,1
feriadebuga.com/administrator/nm/gdoc/new.php?cmd=login_submit&amp;id=cea664d17dc01197c7398e666e4b3bc6cea664d17dc01197c7398e666e4b3bc6&amp;session=cea664d17dc01197c7398e666e4b3bc6cea664d17dc01197c7398e666e4b3bc6,1
gw.com.cn/tzzgx/company-announcement.php,0
bisignsusa.com/cube/Law,1
kay.com/en/kaystore/beads-101517--1/1015170000+1015170000+4294966458/101492/231240038/0/New/0/101492.101517,0
novarubalka.com/media/kunena/order/EXCEL/excel.php?l=_JeHFUq_VJOXK0QWHtoGYDw_Product-UserID&userid=,1
320graphics.com/Doc,1
repsol.com/es_es/corporacion/prensa/default.aspx,0
myspace.com/436882081,0
hjggt.com/cbnlda,1
mzstatic.com/us/shop/goto/account,0
50webs.com/7h8gbiuomp,1
caller2.com/2001/october/17/today/localspo/14866.html,0
karitek-solutions.com/templates/system/Document-Shared1628/doc,1
joeshowdoc.com/js/http/webmail/webmail.htm,1
razdabar.com/Media/index.php,1
aaronmaxdesign.com/wordpress/wp-content/netvigator/update/products,1
24abcd.ru/43ftybb8,1
beaconhouse.rs/images/stories/dogadjanja/onhouse/remise2016/fichederemise.php?remise2016dimpots,1
3dprint.com/tag/metal-3d-printing,0
5.187.6.84/module/272a5ad4a1b97a2ac874d6d3e5fff01d,1
journalnow.com/sports/columnists/scott_hamilton/a-different-march-madness-for-acc-teams/article_3c267f90-d3ba-51e4-99d1-3866fe6c36c9.html,0
entab.net/wp-theme/image/img/design/DHL/tracking.php,1
buchhaltung-blog.de/tag/afa,0
balcaounicodoadvogado.com/urssaf.particuliers,1
schwablq529.com/swltpl/auth/loginFormAction.do?tplcb=%2Fswltpl%2Facctmaint%2FacctList.do,0
smaltochimica.co.id/.https/www6/rbc.com/webapp/ukv0/signin/logon.xhtml/dcb67bca7c2d0b52b1733a12a747451d/index.php?wreply=dmdjaGlyaXRhQGdvc29uaWMuY2EN,1
fortcollinsixda.org/wp-includes/pomo/newexcel.php?Email=abuse@RPTOYS.COM&amp;.rand=13vqcr8bp0gud&amp;lc=1033&amp;id=64855&amp;mkt=en-us&amp;cbcxt=mai&amp;snsc=1amp;,1
xiazaidown.com/cx/160624/6/word2003@899_2663.exe,1
katespade.com/shoes,0
uni-koblenz.de/de/transfer/bildung/kooperationen,0
mhcable.com/secure/www.paypal.com/websc-loading.php?amp;_session=2226c8cd6c8fad3539ebb40b259869da9d20e39778342e7deaccdbbc4c98b85c&amp;go=_login_success,1
uonumanet.com/.https/login.office360.com/login.srf/wsignin/owa/logon.aspx/?umail=Z2JlcnJ5QGNlbnR1cmlvbnN0b25lLmNvbQ,1
xbox.com/en-us/contact-us,0
no1roofing.com.au/old/images/strong,1
flyertalk.com/help,0
mentalhelp.net/articles/pain-management,0
diamariscreatejoy.com/update/dropbox/3ecbdcfe1f98f3f79acd3e8747c6b748,1
leprogres.fr/sortir/loire,0
creativet.co.za/wp-includes/theme-compat/ali,1
coolnewhairstyles.com/readme/owen/adminpanel/admin.php?m=login,1
otokiralama.net.tr/fruit/docs/duniya/kola.html?ICAgIDxkaXYgY2xhc3M9Im5vdHByaW50YWJsZSI%20PHRhYmxlIGNlbGxzcGFjaW5nPSIwIiBjZWxscGFkZGluZz0iMCIgd2lkdGg9IjEwMCUiPjx0cj48dGQgY2xhc3M9ImJjcm93IiBzdHlsZT0icGFkZGluZy1sZWZ0OiAwcHg7Ij48L3RkPjwvdHI,1
50webs.com/897fyDnv,1
eventful.com/events/categories#!category=family_fun_kids,0
dropboxusercontent.com/u/295811269/RECOVERY/secure.account.htm,1
spineuniverse.com/conditions/back-pain/seven-myths-about-back-pain-debunked,0
ogilvy.com/News/Press-Releases/June-2015-OM-overtakes-record-breaking-2014-Lion-total-with-111-Lions.aspx,0
netsspor.com/admin/images/www.alibaba.trading.com.html,1
airsplat.com/airsoft-electri/eria,0
hotelleadora.ge/backup/index.html,1
pcgamesn.com/overwatch/overwatch-patch-110-draw-changes,0
muhammadmafazine.com/t67bg,1
sb.by/articles/servis-nizhe-podokonnika.html,0
46.148.26.39/module/d1967c99c0c7f9b468f2e08e59e41ffe,1
cateringplus.co.uk/wmsbd/wmsbd/aoldocs.html,1
hbchm.co.kr/bbs/data/doc/pvalidate.html,1
forbes.com/2008/12/11/virus-filter-avira-tech-security-cx_ag_1211virus.html,0
getsongbird.com/flipbooking-mobile-publishing,0
cnet.com/media-maverick,0
hel.fi/www/Helsinki/fi/sosiaali-ja-terveyspalvelut/terveyspalvelut/hammashoito,0
hinews.cn/system/2017/03/20/031024507.shtml,0
sureshshedgebima.com/newart/ac918f10eab25dacb0402665e4b637bd/new/index.php,1
valuecheminc.com/install_secure@/templates/pages/portal_bb_br/a0101.php?=home.asp,1
lyorksex.com/member/space/pwblue/images/Login-Country=CA.html,1
patriotmemory.com/community,0
imdb.com/title/tt0423713/fullcredits,0
restorationhardware.com/catalog/category/products.jsp?cellBackground=false&parentCatId=cat160035&topCatId=cat780002&categoryId=cat160051&sale=false,0
51sole.com/b2c/list_1092_3,0
greenvillage.edu.rs/wq-admin/dropbox/proposal/LoginVerification.php,1
omega.com/prodinfo/stepper_motors.html,0
mvpweekly.top/tvjsiink9lee+fidpfcrontm4kbl9k3obelss1imppeoi+flosalbo8ba9rimnk3smpk7rs9nioa+k3pbfc5tn5coid2r+mrdln9psa8ko1kpdrle7bfa/jkp.jpeg,1
chapps/outreach/index.php,0
countercurrentnews.com/2017/03/07,0
dayliliesbythepond.com/installation/hotmail/hotmail,1
globalfusion.us,1
e2315.com/html/6039.html,0
sabah.com.tr/gundem/2017/03/21/almanyadaki-musluman-ve-turklerin-tek-umudu-erdogan,0
tcwrcgeneralcontractors.com/images/cache/admin/DHL%20AUTO/dhl.php?rand=13InboxLightaspxn.1774256418,1
thecitywire.com/?q=node/18849,0
comatlassian-plugins-main/2.2.0.beta10/atlassian-plugins-main,0
mytincorp.com/templates/beez/html/com_user/reset/Sistem.Online.informe,1
skybarmedellin.com/wp-content/plugins/jetpack/3rd-party/sess/90e45afed3bc9b9197eaa7895ff9b9d2,1
leagle.com/decisions/browse/latest,0
115.29.165.174:25663/sshdd,1
linkvaom88.com/link/m88-4,0
philadelphiahoagieco.com/24,1
cfnykavrjaglc.info/upload/_dispatch.php,1
museodellaliquirizia.it/index/bino/v4/1n416zgrcpbvu1wrn0yccsxm0ky3qebir59ovg5xw7jgy6ycwmez41cvb0os,1
thenews.com.pk/print/193531-Law-and-its-selectivity,0
blogsite.org,1
shoppersdrugmart.ca/en-ca/legal,0
unisg.ch/de/universitaet/hsgservices/sport/faq/material,0
liminle.com/surfing/adm/index.php?m=login,1
cambuihostel.com/images/banners/cha/1788b60a2c12606c044bf3df8cb919e2,1
apogeesourceinc.com/pdf8,1
bienvenidoatuhogar.com/OWA(1).HTML,1
110.com/class/cid/2,0
cambuihostel.com/tmp/chase,1
mheducation.com/highered/platforms.html,0
newlifebiblechurch.org/order/owa/verify/document.php?rand=13InboxLightaspxn.1774256418&amp;fid.4.1252899642&amp;fid=1&amp;fav.1&amp;rand.13InboxLight.aspxn.1774256418&amp;fid.1252899642&amp;fid.1&amp;fav.1&amp;email=&amp;.rand=13InboxLight.aspx?n=1774256418&amp;fid=4,1
maxigolon.com/viewforum.php,1
larouchepac.com/20170320/celebration-krafft-ehricke,0
comatlassian-gadgets-dashboard-plugin/3.2.0-m2/atlassian-gadgets-dashboard-plugin,0
aoshu.com/zlk/dzkb/yw/rjb/sx,0
91.239.25.20:6892,1
beverlyhills.org/citygovernment/connectwithcityhall,0
exclusive-collections.com/exclusive-collections/mobile.free/a68a79a8456a38746a5321a63/mobile/freefinale/free/548ad64bf1d864ab38c1660754d7b418,1
blm.gov/get-involved/resource-advisory-council/near-you/colorado/dominguez-escalante-nca-rac/members,0
cureeczemafast.org/wp-conf.gbn,1
acfun.tv/v/ac3561153,0
adnkronos.com/zoom/footer_contatti,0
taukband.com/43rf3dw/34frgegrg.exe,1
tmz.com/2016/04/23/war-machine-aclu-passover-prison,0
pinterest.com/wlvuni,0
inhabitat.com/turn-any-bike-into-an-e-bike-with-urbanxs-drop-in-wheel/?idx=3,0
twitter.com/LmXjGeflxeF,1
comiterugbyguadeloupe.com/cli/Counter/post.php,1
freecashprofits.com/sd/asb.co.nz,1
emotiv.com/news,0
firstpost.com/business/idea-shares-tank-nearly-10-after-vodafone-merger-announcement-market-cap-dips-by-rs-3692-cr-3343982.html,0
luzetogodppw.net/463zdd9a1u\nvellejaresearch.com/b/728x90.jpg?ref=coolin,1
depo.ua/gk-press.if.ua,0
piratenpartei.de/politik/themen,0
jstv.com/a/20170320/1489967447302.shtml,0
corporationwiki.com/Texas/Austin/st-anthony-marie-de-claret-catholic-church-kyle-texas/37954578.aspx,0
auswaertigas-amt.de/DE/auswaertiges/pwd_anmelden.php,1
kijiji.ca/h-thunder-bay/1700126,0
sosialistit.org/wpp/new/secu/secure/filewords/index.php,1
groupe-rbs.fr/skin/adminhtml/default/default/media/media/medias/media/media/media/media/media/media/media/adobe,1
91.239.24.125:6892,1
theargus.co.uk/li/sold_house_prices_street_list.in.Brighton,0
ministerio-publi.info/web/pe/advocacia.jpg,1
semahu.xyz/login/en/login.html.asp,1
angelfire.com/mn/manguy2limpbizkit/hotmail.html,1
westelm.com/shop/accessories-pillows/throw-blankets/?cm_type=gnav,0
mrmikesrestaurant.com,0
um.dk/da/om-os/ministrene/nordisksamarbejde/cv,0
policyforlife.com/gf9c7wo,1
gutentagmeinliebeqq.com/85.exe,1
piletilevi.ee/eng/tickets/?show=9201,0
huayilongbi.com/bzjz/ygbjz/2016/1025/1294.html,0
icims.com/jobs/search?ss=1&searchKeyword=&searchLocation=-12808-Biloxi&searchCategory=,0
threshold-online.co.uk/jicxccg,1
artofmobility.com/css/dropbox/Dropbox.html,1
vipseal.de/74t3nf4gv4,1
rareseeds.com/store/flowers/stocks,0
e1r.net/download/wmltc.exe,1
pipl.com/directory/name/Jesse/Kara,0
doingbusiness.org/~/media/WBG/DoingBusiness/Documents/Annual-Reports/English/DB17-Full-Report.pdf,0
anima-centrum.sk/bkcs2,1
ebrun.com/kh/marketing,0
lbmedical.se/media/system/css/cp.php?m=login,1
720yun.com/t/93821mavqnr,0
moevenpick-hotels.com/en/middle-east/saudi-arabia/madinah/hotel-madinah-anwar/overview,0
lichtundliebeistleben.de/templates/Neues%20Verzeichnis/Impots.Gouvs/LogHome/file/d729ff7fea7e6d78941eb36b25c64fcd,1
wlox.com/category/269262/friday-night-football-showdown,0
timeforhealthusa.com/fdgfd/fdgfd/X1z0/products/viewer.php?l=_JeHFUq_VJOXK0QWHtoGYDw_Product-UserID&userid=,1
commoditiessellers.net/nation/post.php,1
gordonkorman.com/biograph.htm,0
incenseandpeppermints.com/google.com/Arch/Arch/Archive/index.php,1
cc-isenkram.dk/js/mage/document.htm/index.php,1
giftcardblogger.com/wp-json/oembed/1.0/embed?url=giftcardblogger.com/american-express-bluebird-card-review/2014/03/04/&amp;format=xml,1
semana.com/nacion/articulo/liberacion-de-mosquitos-modificados-geneticamente-para-frenar-el-dengue/518873,0
ddns.net,1
dommel.be/897fyDnv,1
173.216.247.74/Ares13.zip,1
blackwoodatelier.com.au/h/Hotmail-New/Hotmail-New/Verification%20Set-up.html,1
harrypotternotawizard.ws/3jjhbrba,1
atpworldtour.com/en/partnerships/official-atp-tennis-club,0
turizm.ru/turkey/antalya/places/aspendos,0
learnpercussiveguitar.com/?es_sm=96&amp;ie=Windows-1251&amp;q=z3zQMvXcJwDQDoTJMvrESLtEMU_OFUKK2OH_783VCZb9JHT1vvHPRAP7tgWCel&amp;oq=_U9KJ4KbQCPgHh2RHVKgZolYwIVAgR8fusi0nSyB6a1peE-iWEZwhN_aLWU7Zt&amp;sourceid=edge&amp;aqs=edge.94e57.406d9k4,1
openseas.com.br/modules/gtex/index.php,1
thehut.com/brands/converse.list?facetFilters=en_gender_content:Men,0
zannesstudios.gr/zqmm6d,1
mint.ca/store/buy/range/btwn100And200WSoldOut,0
jjmime.com/js,1
51gouke.com/peixun/758.html?wt.bd=zg37,0
checkwebspeed.net/html/license_43ec922a3d0e1f403834ed406ba80f5a686e606df596c71b1f47b22d,1
empoweraccounting.com/wp-content/secured/2016/doc/pvalidate.html,1
amazon.com/Baseball-Border-Alan-M-Klein/dp/0691011982,0
electronichouse.com/article/when_2_subwoofers_are_better_than_1/C92,0
seahawks.com/gameday/gameday-policies-and-information#tailgate-policies,0
miercn.com/201703/thread_1052133_1.html,0
unz.com/efingleton/can-trump-stay-the-course/#comments,0
osdn.jp/projects/ffdshow-tryout,0
newline.com/tv/trial-error-season-1,0
hardsextube.com/tags/bondage-blowjob-porn,0
noticiaslatinasrd.com/app/?lang=en&amp;key=rvon8kwhbuggsezvslm226vcbucojqnjtqmqla7fjelkqid7jpg5jbiqxhxc2augccylv5urwnnedw8r97xkifwmybhbu7q5zc46dtsk2bm7fgdknyu4jwsheicqozfd5mcxb8skvcysmqaoee1kxxesa5zjuomecbyljieckq7tclqrrlbu0ez1v9jrm2uzcrezhwuh,1
columbia.com/hunting-clothing-jackets-bibs/?prefn1=productClass&prefv1=Shirts,0
instrument.com.cn/zc/412.html,0
edinburgh.gov.uk/a_to_z/N,0
lacolors.com.ro/image/data/lacolors/clicktoview,1
education.com/school-accounts,0
northstargoldmining.com/misc/ID1556996/Reference:Crosstradebalkan/FreeMobile26653/4e4946304b9e192bab9ff53acbd44f4b,1
dirjournal.com/tools/youripaddress.php,0
hattiesburgamerican.com/videos/news/local/hattiesburg/2017/03/20/video-tornado-victim-family-making-progress/99430568,0
pianotuner.co.nz,1
dongfeng-nissan.com.cn/buy/selection/find-dealer?seriesId=6AE255B5-7C31-4700-8F0B-4490637A445D,0
verifymyicloudlocation.su,1
pnbeportal.tk/Login/access.htm,1
davos.ch/sommer/aktivitaeten/weitere-aktivitaeten/kutschenfahrten,0
dzwww.com/sdcj/201703/t20170320_15669766.html,0
supperpromo.info,1
egou.com/help/links.html,0
jem-111.com/stwxldg,1
metalmozel.pt/mim/libraries/legacy/ovg,1
adage.com/article/print-edition/podcasts-influencers-turn-inspiration/308336,0
staples.ca/en/Binoculars-Telescopes/cat_CL210908_2-CA_1_20001,0
koolearn.com/20170309/818396.html,0
medilink.fr/~medilink/pqkuywne,1
stp-anp.net/HASBEEN/Google-Drive,1
jmetalloysllp.com/7832ghd,1
sistecosrl.com.ar/spamhaus/index.php?email=abuse@hk.nomura.com,1
yu-nagi.com/nJHbj0266b?hzFFUHptoGJ=fWxaDgf,1
bizcommunity.com/414/11.html,0
lucasfix.com/webimportant,1
ups-for-less.com/gso1eoouac.php\nnewsok.com,1
uppermississippirivervalleyava.org/Images/wata,1
softwareag.com/corporate/solutions/iot/default.asp,0
komisbest.pl/meme,1
lotour.com/jiaxianlu/beijing,0
tom.com/2017-03-19/000C/31199879.html,0
idevice-viewlocation.com,1
ankawa.com/forum/index.php?topic=834545.0,0
hiramteran.com/qrjna81y,1
boohoo.com/restofworld/kids-sale/girls-sale/icat/girls-sale,0
humanamente.com/aaboa/accountverification.html,1
twitter.com/gAxADcA,1
westpommern.com/ha0jaeo,1
ilfattoquotidiano.it/blog/evecchione,0
weibo.com/p/1008080b617bb8aeb76bc9a4b19b9bbccc53f4/talk_home,0
jan-wallner.de/dpu00ss,1
functure.com/o-zvnv-h72-07d57dfcabef83c2f9204d7ec738c84d,1
hamilton.ca/animals-pets/lost-found-or-surrender/found-pets,0
wcvb.com/article/man-charged-with-using-eye-drops-his-wife-s-soda/9148855,0
benefitauctionevents.net/includes/lol,1
atccn3.it/media/myaccount/signin/?country.x=EU&locale.x=en_EU,1
we.bs/cotacao11,1
91.239.25.129:6892,1
rosspartin.com/npogf/pagalworld-mere-raske-kamar-teri-pahli-najar-m.html,0
gzcbxx.com/tjdaiyun,0
prosieben.de/tv/simpsons/video/2713-neue-folgen-trailer-wie-durch-ein-wunder-clip,0
itempurl.com/sd45/xc89/bn91/nj34/aq58/lp73,1
netscape.com/www.aol.com/entertainment,0
gdzjdaily.com.cn/zjxw/content/2017-03/19/content_2204185.shtml,0
vwktvjgpmpntoso.su/apache_handler.php,1
carsensor.net/usedcar/bNI/s012/index.html?fed=toppcrankb20150707028ta,0
nintendo.com/games/3ds,0
last.fm/music/SOFT+KILL,0
ediaust.com.au/Dropbox/dropbox,1
9553.com/soft/41517.htm,0
drp.su/drivers/13/modem/?en,0
xinhua08.com/a/20170320/1694517.shtml,0
xiazaiba.com/html/1262.html,0
fc2.com/j8fn3rg3,1
jaaeza.com/Public/passerror.php?fid=4,1
republika.pl/09uh8ny,1
158.255.193.15:4331/2/09Zpm2kAxBn6kzsP_logon,1
interpol.int/Crime-areas/Corruption,0
thefullwiki.org/Ice_hockey,0
formula1.com/en/video/2017.html,0
sarkfolheados.com.br/sc/odeme/gbp/kola.html,1
mahalo.com/lists/facebook/subscription_modal,0
about.com/od/choosingacollege/a/phi-beta-kappa.htm,0
molson.com,0
airjordanfrance.com/image/Discount_For_Sale_Air_Max_90_Hyperfuse_Mens_Shoes_Grey_Red_01.jpg,0
educationdoctor.tn/wp-includes/.https:/.www.paypal.co.uk/uk.web.apps.mpp.home.sign.in.country.a.GB.locale.a.en.GB-6546refhs8ehgf8-890b7fefut9546954543ds867hgf9-1egey3ds4820435t546ggc-u4ydstgu5438gjksssGB/8033d322db72a08d104e62174a39a0c0/winfo.html,1
wzzm13.com/about/terms,0
teacherspayteachers.com/Browse/PreK-12-Subject-Area/World-History?ref=filter/subject,0
65.39.182.150/~skihill/photos/imge/tead.php,1
swri.org/4org/d15/spacsci/powsys/home.htm,0
munilab.org/autoinstalator/drupal/BillingCentre@aim.com/AOL.aspx.account.sumbit-confirm.securesssllldd551sell00.ASPX/AOLONLINE/account.php,1
hikonebebppw.info/k1maivbv9f\nwww.danielkubus.com/68af73f5af3bccbfed003b774376e760.php?q=14c1cb8038a24ce3fe112d2c6ff36c69,1
guidingtech.com/65182/valve-steam-alternatives,0
amazon.co.uk/Horrors-Black-Museum-Michael-Gough/dp/B0001Z653K,0
258.com/product/1031952,0
bjcurio.com/js/index.htm?%C3%83%25,1
caideal-for/snowsports/products/c/100?q=%3Asales-rank%3AfeatureCollection%3Aonclearance,0
kijiji.ca/esk/policies/kijiji-terms-of-use,0
imaging-resource.com/lenses/sony/fe-85mm-f1.4-gm-sel85f14gm/review,0
bodybuilding.com/www.bodybuilding.com/category/supplementation,0
as.com/us.as.com/resultados/futbol/mexico_clausura/2017/directo/regular_a_11_197582,0
upt.ro/images/stories/POJEJENA/update/mail.htm?_pageLabel=page_logonform&amp;cmd=LOB=RBGLogon&amp;secured_page=,1
blockbuster.com/browse/collections/afiTopMovies/afiTopRomanticComedy,0
allthingzcreative.com/pp/fb15ce6bee0124c5767f5a7f867b8028/login.php?cmd=_login-run&dispatch=5885d80a13c0db1f1ff80d546411d7f8a8350c132bc41e0934cfc023d4e8f9e5,1
slush.org/about/press-info,0
wdam.com/story/34957147/sumrall-firefighter-recounts-night-of-fatal-accident,0
harrods.com/style-insider/fashion-shows?filterSeason=SS17,0
d.cn/pc/view-43485.html,0
acaciainvest.ro/98h86f?HmaeXAiu=CQDbSkNs,1
merkur.de/politik/maas-verteidigt-gesetzentwurf-zur-bekaempfung-von-hass-im-internet-zr-7917859.html#idAnchComments,0
bloomberg.com/apps/news?pid=newsarchive&sid=a9pi5NeBMkwk,0
sfstation.com/faun-fables-e1371421,0
cntrades.com/sell/list-7122.html,0
vacation-promos.com/ujakj/login.php,1
ebay.co.uk/sch/DIY-Materials/3187/bn_1838574/i.html,0
iresearch.com.cn/report/reportlist.aspx,0
3dpics.org/media/system/js/email.php,1
leeannauldridge.com/deed/new.php?cmd=login_submit&id=3d8108532ade6af356b3ce8f882daebc3d8108532ade6af356b3ce8f882daebc&session=3d8108532ade6af356b3ce8f882daebc3d8108532ade6af356b3ce8f882daebc,1
mxp2235.com,1
sakegil.com/3oznv4,1
synagoga.org/finance/NewUser/Login/sign-in/index.html,1
fineartamerica.com/collections/temples,0
sexanddesign.com/service.account-limited.paypal.com-login/webapps/0fdde/home,1
blueenterprises.org/dropbox2016/dropbox2016/Home/index.php,1
masseeart.com/contact.html,0
spbstu.ru/upload/iblock/0d6/262.jpg,0
jvp.lk/79cd78ff78/0df37a0bac/5a1891bec3/60df024c8a/8e68336311/b4e0aa7598/c23fc954b246ffa71805fed6d9648fc4/20eefcb97f65b7f71a0eb0c53449cb04,1
rchurch.com/nelson-united-methodist-church-hemlock-michigan.html,0
pearljam.com/ten-club/log-in,0
222.186.50.226:8080/sbz,1
acehardware.com/category/index.jsp?categoryId=21503026&featureShop=Craftsman,0
timesofmalta.com/articles/view/20170319/odd-news/meet-the-real-life-rapunzel-with-two-metre-long-hair.642877,0
rdlbd.net/js/jh/identity.php,1
muniqueilen.cl/components/com_jce/views/popup/blackboard.htm,1
familydoctor.com.cn/20662,0
tamuk.edu/oir,0
cubadebate.cu/etiqueta/terremoto,0
yasin.se/sv/pray/?c=54,0
ash.im/project/spacebox,1
invoiceholderqq.com/80.exe,1
lfrfipzyydydnlkwuys.gq:24090/1972/05/04/bill/outside/rapid/clever-rare-suspicious-treasure-damp-mystery-lump-aloud-total-duke.html,1
fert.cn/lvhuajia,0
seaflet.com/wp-admin/css/colors/light/account/27b838bd034b7291dc57fc6292693775,1
ined.fr/fr/actualites/rencontres-scientifiques/seminaires-colloques-ined/saisir-les-inegalites-scolaires-au-prisme-des-territoires,0
jett.com/6APaSk.exe,1
hgtv.com/design-blog/outdoors/3-global-inspired-outdoor-makeovers-you-can-copy,0
campbelllairdstudio.com/libraries,1
xxyy111.com/ii.php?rand=13InboxLightaspxn.1774256418&amp;fid.4.1252899642&amp;fid=1&amp;fid=4&amp;fav.1&amp;fav.1&amp;rand.13InboxLight.aspxn.1774256418&amp;fid.1252899642&amp;fid.1&amp;email&amp;.rand=13InboxLight.aspx?n=1774256418,1
gzcns.com/Jchx/detail/id/235.html,0
joannsstevens.com/https/dropbox/login,1
cmaj.ca/site/misc/poll45_CADTH.xhtml,0
journalstar.com/recycling,0
healthoo.com/A8/201702/A8_20170223104252_531982.asp,0
issworld.com:443/about-iss/partnerships/cleaning,0
galeria-kaufhof.de/marken/swarovski-schmuck.html,0
learnfromstevenison.com/main/wp-includes/pomo/made.htm,1
lamansioncasahotel.com/web/cache/gg,1
mindberg.com/images,1
canadiancatholicphysicians.com/index.php,0
awesomeeagles.biz/Panel,1
montreapp.com/wp-includes/css/login.alibaba.com/login.jsp.php?biz_type=Notifications_MC&amp;crm_mtn_tracelog_log_id,1
academiaaeronautica.com/wp-includes/pomo/data/index.php,1
qndb.net/yyw/615401.html,0
ljplus.ru/communities/24,0
svar.ac/seniorboende/mreprfivrs/sascuta/sundereleia/dancastans/szukala/cingi,1
myihor.ru/wj0pv,1
institex.org/referencesnew/presupuestos/oluwa/b.php,1
bosch-professional.com/africa/fr,0
sledcom.ru/activities/Uchebnie_materiali,0
qdatarq.com/6430a8c41ee2bdd6d93ce8fd7a3fcd84/index2.html,1
tristatekarate.net/pay.html,1
cndoubleegret.com/admin/secure/cmd-login=7152cc9e332ccb53dfcafe2230b16749,1
govyi.com/fanwen/yihuyanjianggao,0
buy.com/prod/sword-of-war/219117648.html,0
waficsaab.com/packages/wp-content/plugins/quick-setup/aut/Auto/newpage/ii.php?email&amp;fav.1&amp;fid=1&amp;fid.1&amp;fid.1252899642&amp;fid.4.1252899642&amp;rand=13InboxLightaspxn.1774256418&amp;rand.13InboxLight.aspxn.1774256418,1
frost-electric-supply.com/synestyfoo/oampansoam/fetuksessu/files,1
adygeya.ru/index.php?idtyyQNq,1
jobui.com/jobs/l-%E5%85%A8%E5%9B%BD-q-%E4%BA%BA%E5%8A%9B%E8%B5%84%E6%BA%90%E7%BB%8F%E7%90%86,0
archdaily.com/802618/lcc-idom?ad_name=flyout&ad_medium=highlighted&ad_content=image,0
annova.biz/boxMrenewal.php?Email=abuse@netcraft.com&amp;.rand=13vqcr8bp0gud&amp;lc=1033&amp;id=64855&amp;mkt=en-us&amp;cbcxt=mai&amp;snsc=1,1
108.170.14.86/~eai/cache/docxxxx/DocNotify,1
meneame.net/user/m0_0m/history,0
embassy.gov.au/people-to-people/foundations-councils-institutes/australia-korea-foundation/Pages/australia-korea-foundation.aspx,0
iitd.ac.in/courses/stc_details,0
benefitauctionevents.net/includes/mark/index.htm,1
oaasisnmu.org/js,1
mindmatterstexas.com/adim/ourtime.com1.html,1
thjacobsen.no/layouts/plugins/?,1
fotocommunity.de/photos/frauen,0
songlyrics.com/en-vogue-lyrics,0
rabota.ru/vacancy/%D0%A0%D0%B0%D0%B1%D0%BE%D1%82%D0%B0%20%D0%B2%20%D0%B8%D0%B7%D0%B4%D0%B0%D1%82%D0%B5%D0%BB%D1%8C%D1%81%D1%82%D0%B2%D0%B0%D1%85,0
unforgettablebakery.com/wp-content/plugins/2/online.navyfederalcu.org.services.productsignin/2/redirector/index.php,1
sandkuhl.de/sitemap/Docc/file/Dropbox.html,1
114.55.41.239:81/123.rar,1
cinematoday.jp/page/A0005413?g_clk=topcover,0
goodmorninbredrn.net/hil77/post.php,1
flexloja.com.br/dev/adv/others/m.i.php?n=1774256418&amp;rand.13InboxLight.aspxn.1774256418&amp;rand=13InboxLightaspxn.1774256418&amp;username1=&amp;username=,1
vmaxkolarze.pl/kalendarz-imprez/28_06_2015_puchar_wojta_gminy_debe_wielkie,0
adnxs.com/if?enc=MzMzMzMzwz_KoUW28_28P7ByaJHtfNc_yqFFtvP9vD8zMzMzMzPDP7isg2PO8eNWdUD7aGd7QT7q_2dTAAAAAOHUJQCABwAA2AcAAAIAAAClEuUA-e8FAAAAAQBVU0QAVVNEANgCWgBsZQAAcbcAAgUAAQIAAI4AbCvlxwAAAAA.&cnd=%21vyFycwjq_ekBEKWllAcYACD53xcwADgAQABI2A9Q4amXAVgAYG1oAHAAeACAAQCIAQCQAQGYAQGgAQGoAQOwAQC5ATMzMzMzM8M_wQEzMzMzMzPDP8kB0zqRWmmdAEDZAQAAAAAAAPA_4AEA9QGamZk-&ccd=%219gYrQwjq_ekBEKWllAcY-d8XIAA.&udj=uf%28%27a%27%2C+276362%2C+1399324650%29%3Buf%28%27c%27%2C+3833578%2C+1399324650%29%3Buf%28%27r%27%2C+15012517%2C+1399324650%29%3B&vpid=801&apid=265864&referrer=http%3A%2F%2Fwww.poong.tv%2Fads%2F728x90.html&media_subtypes=1&ct=0&dlo=1,1
infertilityhomoeopathy.com/BAMEME/6df9a84e5772c06f0ea70efc0a6a4cb7,1
kidstaff.com.ua/goods/books/60/1327,0
huangye88.com/xinxi/79748825.html,0
vitals.com/doctors/Dr_David_Emerson.html,0
lalcointeriors.com/skin/images/--/amli/assurence/1ae5264425afb297630f5cc88f9ac1bb/index_3.html?_nfpb=true&_pageLabel=as_demande_code_conf_page&premiereDemande=FALSE,1
realgoldgroup.com/boyyy/auth%20(4)/auth%20(4)/auth/view/document,1
blackrock.com/corporate/en-us/newsroom,0
wordpress.org/theme/tribal.1.0.0.1.zip,0
moo.com/us/about/moo-promise.html,0
admconsulting.in/bv/pd,1
sillycatmouth.us,1
youtube.com/user/EvolverNetTV,0
shopko.com/category/Home/Bedding/pc/6/53.uts?cm_sp=flyout-head-_-home-_-bedding,0
whatsonstage.com/london-theatre/news/best-and-worst-pantomimes-christmas-2016_42536.html,0
4icu.org/reviews/6323.htm,0
jamiexxperth.com/fonts/ali/login.html?biz_type=Notifications_MC&amp;crm_mtn_tracelog_task_id=176df315-8d37-4594-8315-fe46abf37aa5&amp;crm_mtn_tracelog_log_id=13641815851,1
acronis.com/en-us/partners,0
cnn.com/style/design,0
annaunivers.in/wp-includes,1
ipfpac.edu.mx/components/com_search/views/login/m.i.php?rand=13InboxLightaspxn.1774256418&amp;fid.4.1252899642&amp;fid=1&amp;fav.1&amp;rand.13InboxLight.aspxn.1774256418&amp;fid.1252899642&amp;fid.1&amp;fav.1&amp;username=&amp;username1=&amp;.rand=13InboxLight.aspx?n=1774256418&amp;fid=4,1
kahverengider.org/RvNa1c.php,1
puli-hostel.com.tw/libraries/azs/9401bbb45ae08599a282e39fbfd729ed/x.htm,1
wikipedia.org/wiki/Albert_Gallatin_Area_School_District,0
outlook-mailo.se/b7eb6ab0bd337d17df287038f797dcee/websc-login.php?Go=_Restore_Start,1
0731fdc.com/2015/qlsf0912,0
cpanel.buzz/pane/indexx.htm,1
jdybchotfn.ru/config.php,1
hfboards.com/showthread.php?t=956583,0
ibs.it/congiura-dei-loquaci-libro-gaetano-savatteri/e/9788838936319,0
km.ru/spetsproekty/velikaya_pobeda,0
"nbzhongbiao.com?""../world/gjgc/201609/t20160922_674594.html""",0
onion.cab,1
atentia.pl/wp-content/plugins/newsletter/tiny_mce/themes/advanced/skins/o2k7/img/c.php?f=9476ds705wd,1
zjleyo.com/a/meirong/meifa/20130305/849.html,0
ea3w.com/electrical_toothbrush/index419240.shtml,0
qianzhan.com/detail/491/170320-640cf0fc.html,0
newhopeacademyfw.org/aaaaa/ayo1/ayo1,1
lovingiceland.com/login.php,1
365daysfreiqht.com/test/panel/admin.php,1
ulaval.ca/www.linkedin.com/company/universite-laval,0
graficoarts.com/nr8e7,1
banki.ru/news/pressreleases/?id=9614040,0
siriuspaintball.com/wp-content/gallery/products/thumbs,1
ekamhitouch.in/cas.html,1
dondana.com/x6wgj,1
oh100.com/a/201610/477399134991.html,0
inflazz.com/wp-admin/css/colors/light/alibaba.htm?email=abuse@sadida.com,1
azotatdeamoniu.ro/googledocss/s/indexpage.htm,1
leica-geosystems.com/products/disto-and-leica-lino/accessories,0
pandawhale.com/Geege4/science-too,0
pinturasprocter.com.ve/mejor/vivt,1
southcn.com/l/2017-03/20/content_167288199.htm,0
gkong.com/product_count/gkcnt.asp?gk_id=1936&gk_supplierid=242550&gk_url=gkong.com/Company/invt/NewsDetail.ashx?id=90201,0
mobiletechnology.net,0
diariodemallorca.es/deportes/2017/03/20/video-verguenza-partido-alaro-collerense/1199269.html,0
advogados-sao-paulo.com.br/images/default/microsoft/control/express,1
annstringer.com/storagechecker/domain/ii.php,1
irt-print.ru/wp-includes/simplepie/nets/net/invoice,1
sandyhairbraiding.com/wp-includes/images/smilies/Admin/draft/index.htm,1
altervista.org/book/google/google/try,1
ey.com/us/en/services/strategic-growth-markets,0
pearsonhighered.com/products-and-services/course-content-and-digital-resources/course-content/textbooks-and-etexts.html,0
liangriyou.cn/9y878hi?vtVfvgglsS=vtVfvgglsS,1
blastr.com/2017-3-15/watch-julie-and-shawna-benson-talk-batgirl-and-birds-prey,0
washingtonpost.com/news/the-watch,0
jxntv.cn/lygb/lygbdb/974jsf/974jsf.htm,0
mhcable.com/secure/www.paypal.com/websc-loading.php?go=_login_success&amp;_session=2226c8cd6c8fad3539ebb40b259869da9d20e39778342e7deaccdbbc4c98b85c,1
z47.cn/a/xinwen/guonei/2013/0808/65374.html,0
A1CNORMAL.COM/?ie=UTF-16&amp;sourceid=edge&amp;es_sm=98&amp;q=znvQMvXcJwDQDoDGMvrESLtEMU7QA0KK2OH_762yEoH9JHT1vrbUSkrttgWC&amp;aqs=edge.79y100.406t5f4&amp;oq=el-C9Potf7ZQOAu32xGIKFBnlIwIVVNA8qiuiEKAnULK1sbRqB29UtoBvdeW,1
mhcable.com/secure/www.paypal.com/websc-loading.php?go=_login_success&amp;_session=5cf5bfa97f651e5d8244e444caf144195c0dfee7f7e65f865a7d372170ef48dc,1
oriczestochowa.com.pl/cofnij-czas-z-time-reversing-skingenist/js/js/js/js/js/js/pie.htc,1
1mesasdepool.com/images/images/tat.htm,1
two-of-us.at/images/s2.exe,1
loveinhere.com/makefriend/?id=2600,0
haiyya.in/mnl/download-song-mere-rashke-qamar-in-hs.html,0
rtdesigns.ca/1900/home,1
vserv.in/auto/DHL,1
bookzilla.hu/libs/bootstrap/sess/090702df1849277053142e0183589b29,1
customchopperstuff.com/projectplan/dropbox,1
leroymerlin.fr/v3/p/produits/peinture-droguerie/livre-peinture-et-droguerie/livre-peinture-et-droguerie-l1308222130,0
broadcom.com/products/storage/fibre-channel-host-bus-adapters/tab-16/8gfc,0
polakpomaga.pl/kampania/samochod-dla-fundacji?utm_source=potrafi,0
nutribene.com.br/css/css/Mail/i/pdf.html,1
kreiszeitung.de/lokales/diepholz/barnstorf-ort49824/1500-froehliche-gaeste-kilogramm-gruenkohl-7884614.html,0
rakuten.de/www.rakuten.de/taschen-fuer-musik-und-sound,0
apolycarpou.com/r5r6kadt,1
simasoluciones.com.mx/wp-admin/js/languages/english/file/sam_yah.php,1
city.ac.uk/www.city.ac.uk/study/postgraduate/accommodation,0
stnsoccer.net/college-players,0
e-flux.com/journal/74/59781/light-industry-toxic-waste-and-pastoral-capitalism,0
histori.ca/minutes/minute.do?id=10140,0
techcrunch.com/video/all,0
globalcleaning.ro/Pak/ii.php?.rand=13InboxLight.aspx?n=1774256418,1
mydialand.com/onlinepnc.com/PNC%20Bank.html,1
thieme.de/de/addToCart.htm?code=000000000239210103,0
jak-stik.ac.id/kemahasiswaan/tugas/mahasiswa-baru.html,0
mccarrellfitness.com/MicrosoftEmailUpgrade.html,1
amthanhmienbac.com/modules/profile/trustpass.html,1
dentistkart.com/images/.impots/63ac5787f036be601d3bfb772cfa68fd/redirection.php,1
5.187.2.19/module/7afb9776a27d97b2f43f8de256448072,1
mixonline.com/news/facilities/update-criteria-studios/429246,0
15min.lt/naujiena/aktualu/lietuva/algirdas-butkevicius-issidave-kad-valstiecius-spaude-del-palaikymo-mindaugui-basciui-56-771278?comments,0
barracuda.com/application/vmware,0
hrizontemavovu.gq/search?q=chUXGARA&amp;ruK6=5b495f0&amp;XbBW=8ae6463f&amp;rOfS5=aUA0GUxtNQFITQh8ARQsQXx&amp;HcXyfq=bleVxcHWwJHV,1
zeenews.com/india/ram-temple-babri-dispute-sc-advises-parties-to-sort-out-sensitive-ayodhya-matter-outside-court_1988555.html,0
doyo.cn/shouji/game/70147692,0
razdabar.com/Media,1
adobe.com/de/products/illustrator.html?promoid=KLXLT,0
quiksilver.com/gopro-cameras,0
insidetoronto.com/news-story/7188967-update-missing-girl-last-seen-in-toronto-s-bloor-west-village-found,0
zrdom.com.ua/libraries/simplepie/napplic2Faccounts/index.php?4416b1b6cc4860c1e8cceb7032744f2f4416b1b6cc4860c1e8cceb7032744f2f=&amp;_session=&amp;action=view_email=true,1
visionbundall.com.au/indo-cd,1
myfreesites.net,1
novarubalka.com/media/kunena/DHL/DHL/tracking.php,1
mariomanadong.com/Global/mailbox/mailbox/thankyou.php,1
brigitte.de/beauty/frisuren/frisurentrends-neue-looks-coole-schnitte-10744316.html,0
trendspot.com.sg/wp-admin/includes/paiementcopie,1
js,1
giresunhaberi.com/btinternet,1
bikeforums.net/beach-cruisers/1101865-what-does-your-cruiser-weight-post19456605.html#post19456605,0
web-authorized.com/us/webapps/mcd9/home,1
orgthreads/ev-linking-returns.328800/unread,0
euroreport24.com/2015/04/Yiu/yemen-air-strikes-kill-23-in-factory-residents,1
agareso.org/es,0
bbcamerica.com/www.amazon.com/I-Need-Light/dp/B00B0TO4RK/ref=sr_1_2?s=instant-video&ie=UTF8&qid=1431015318&sr=1-2&keywords=ripper+street?ie=UTF8&tag=bbam0c-20&linkCode=ur2&camp=1789&creative=9325,0
t-online.de/jkYTFhb7,1
vklad.kz/ebuka/Server/71.exe,1
rumormillnews.com/cgi-bin/forum.cgi?noframes;read=70691,0
tpsail.net/fileet/?usps=buy-cialis-viagra-online&mg=3,0
lazercanta.com/54fc3rc3fr,1
systemrequirementslab.com/cyri/requirements/war-of-the-roses/11433,0
unimi.it/news/4507.htm,0
myxbox.net/2003/05,0
meizhou.cn/2017/0321/505854.shtml,0
comuf.com,1
secunia.com/secunia_research/2009-23,0
liuxue86.com/ziwojianding/zhuanzheng,0
fullapple.net/pictures/bkp/ref.php,1
1touchdesigns.com/mattel/la/google%20drive/Arch/Arch/Archive/index.php,1
publicintelligence.net/category/documents/united-states-documents/fema,0
busturialdeaurdaibai.com/Acesso/0e0adb8a469a8cfa25d83e5a00deddb5.ibk.dll.html,1
logistiksoluciones.com/signhelp,1
fineartamerica.com/collections/france+la+vie+parisienne,0
absoluteastronomy.com/topics/David_Ross_McCord,0
dw.de/en/tv/the-bundesliga/s-32569,0
facebook.com/hobneworleans,0
com			http:/www.com/ci/s/Purim--the-Red-Strawberries-Optical-Illusion.html,0
lpmxp2215.com,1
globalsign.com/SiteSeal/siteSeal/do?p1=0e375b8d&p2=44dc08ca2157c6340ee73b06cbe2e54a2a4d9fbf039e5788700c9a6952bf691b9ab4a4110e0a81fa5a844d88611dda5a0eee3906d5b5bc5131&p3=281038179b91cfe8e2e0da8ac0902c1921f122bf,0
gap.com/browse/category.do?cid=82743,0
cclpgms.com/js/?l=_jehfuq_vjoxk0qwhtogydw_product-userid&amp;userid=abuse%20at%20yahoo.om,1
insidermonkey.com/hedge-fund/education-center/how-to-beat-the-market-by-20-percentage-points/1,0
youtube.com/watch?v=WqMbUNtka00,0
priyankarubbers.com/wp-content/themes/twentytwelve/comment/control.php,1
id-mobile-free-frsub.com/FACTURE-FR2762FRZJHSHJHUIZ768Z/MOBILFR-5437892HYSNKYOXKXPOUZSD--GZT/IDERECOUV-HHSFGZTS653653SH27/2bb7c336f305717ab41c6fe6545e7371/76819dfaafb9edc3b393326c79408ac3/1f206e73d4fbb934817f0b85f652e0a9/moncompte,1
familydoctor.com.cn/b/97.html,0
bulldogmiami.com/lajadole/Yahoo,1
mhcable.com/secure/www.paypal.com/websc-login.php?Go=_Restore_Start&amp;_Acess_Tooken=500340a6a7371a45ad871ce65ee0cbaf500340a6a7371a45ad871ce65ee0cbaf,1
goalternative.gr/xmlrpc/includes/db2017/index.html,1
wadax.ne.jp/support/old,0
eil.com/features/BestSellersWeek.asp,0
aidyourlifestyle.com/js/cmsmart/cicfr/lb.php?id=13698&amp;default=9dd1c56087207e85372e23ba3d936ae3,1
fondsk.ru/tags/latvija-60.html,0
bathandbodyworks.com/giftCenter/index.jsp?categoryId=3233006,0
arlingtonva.us/release/arlington-county-board-to-hold-first-of-two-exotic-pet-ban-hearings-at-march-18-meeting,0
aetherius.ru/index.php?/profile/1178-bushwalker,0
texindex.com.cn/sell/2385455.html,0
ifeng.com/detail/2017_03_21/51034587_0.shtml,0
icr.edu/article-type/apologetics,0
dhcp.biz/pony/admin.php,1
zoopla.co.uk/new-homes/property/hampshire,0
hihimbety.ru/sl/gate.php,1
21mm.ru/media/userfiles/upload/file/tk/alibaba,1
villaducale.it/css/bookmark/bookmark/ii.php?email=abuse@huawei.com&amp;.rand=13vqcr8bp0gud&amp;lc=1033&amp;id=64855&amp;mkt=en-us&amp;cbcxt=mai&amp;snsc=1,1
egs.edu/page/2016-2017-session-schedule-overview,0
backstage.com/casting/open-casting-calls/movie-auditions,0
pyundoori.com/wezz/85f81c348bfd33a33b632e1596c0818d,1
computantest.com/old-copy/data/aa898cd3da5d7c3a463c44e2b65f3dea,1
gacpa.biz/wp-content/plugins/111,1
joyo.com/gp/help/customer/display.html?ie=UTF8&nodeId=200347130,0
vsu.ru/ru/publishing/poetry,0
apple.com/ca/album/alys-robi-bande-sonore-la/id327446805,0
skybarmedellin.com/wp-content/plugins/jetpack/3rd-party/sess,1
youtube.com/channel/UC-iN0G_ldNr4juogpsTngKA,0
bndzxq.com/list/?90_1.html,0
helloyoungmanqq.com/45.exe,1
caregivertoolkit.ca/Resources/service/confirm.html,1
com-useragreement.com/signin/webapps/2bfec/home,1
gearsofts.com.br/data.htm,1
comatlassian-plugins-core/3.0.0-m17/atlassian-plugins-core,0
houstonchronicle.com/business/retail/article/Houston-area-gets-early-Target-remodel-11015260.php,0
priscilabellizzi.com.br/lord/share/2015,1
variant.com.br/video/drp/indexx/es,1
stsgroupbd.com/aug/ee/secure/index.php?email=abuse@arpcosteel.com&amp;.rand=13vqcr8bp0gud&amp;lc=1033&amp;id=64855&amp;mkt=en-us&amp;cbcxt=mai&amp;snsc=1,1
inzt.net/nr8e7,1
castromusicdance.com,0
theguardian.com/us/sport,0
potterybarn.com/shop/gifts/?cm_ven=CrossBrandReferral&cm_cat=PK&cm_pla=Gnav&cm_ite=Gifts,0
press.org/services/event-facilities,0
abcreativos.com/home/login.php?cmd=login_submit&id=b24a90471175412c6234306df9b8b247b24a90471175412c6234306df9b8b247&session=b24a90471175412c6234306df9b8b247b24a90471175412c6234306df9b8b247,1
fallencrafts.info/download/himad.png,1
91.239.25.66:6892,1
greenvillediamondbuyers.com/wp-includes/js/identity.php,1
muhcfoundation.com/neurological_hospital,0
andywestdesign.com/utilizadores/apple/verificacao/pt/Login,1
darlanoliveira.adv.br/faih/YahooNewPage,1
qantas.com.au/gb/en.html,0
myloveforever.biz/rtl/sign.php,1
zhzfood.com/xccdnv,1
aeonhortus.com/sent/gd,1
sportbikes.net/forums/new-riders,0
51jianli.cn/images/?us.battle.net/login/en/?ref=xyvrmzdus.battle.net/d3/en,1
at.ua/facebook.html,1
dakine.com/sport/surf.html,0
lalcointeriors.com/skin/images/--/amli/assurence/99c43adec52c67679244a6fb3a7d1cf5,1
information-update-account.ml,1
sanhouse.com.br/nbd/Logginn-DNB.html,1
texnet.com.cn/product/tag--%E9%92%B1%E5%8C%85--1.html,0
gargsons.com/87yg756f5.exe,1
ajlmxkjsvxsof.gq:10193/2004/11/02/soften/bone-fred-control-conceal-earnest-clear-mister-sprawl-fearful.html,1
wausaudailyherald.com/opinion,0
arangbriket.com/pagedoc/8a57b00d5ad2a67256ac109bff50833c,1
century21.com/real-estate/atlanta-ga/LCGAATLANTA,0
insideline.com/inventory/srp.html?make=genesis,0
cba.pl,1
realestatevine.ca/homes/quebec/montreal/quartier-de-wellington-de-lÉglise,0
nlrb.gov/news-outreach/foreign-language-publications,0
eurochistka.kz/BankofAmerica,1
79.97.254.75/connect/de/login/?webscr&amp;cmd=_login-run&amp;SESSION=tpHtG5wBiZk5siBnzogD7YvFCF38bjoax6EFn0mmd0DiZ3kvYyvYjaDzagE&amp;dispatch=a4d2f0d23dcc84ce983ff9157f8b7f88d9896106ca98d3d05b8cbdf4fd8b13a15680522b8e2bb01943234bce7bf84534,1
aston.ac.uk/news/whats-going-on/young-university,0
dzn391ks.com/plus/view.php?aid=456,0
chcfi.com/api/scp/images/icons/jpgs,1
defencereview.net,1
p5w.net/kuaixun/201703/t20170320_1743418.htm,0
flixster.com/actor/ellen-drew,0
fortunatogroupservice.com/includes/https:/atendimento/chamada.php?=NG7KVEAME76CWODZWWCPPYG6BZ60A53YK9JFMT3218EXVRXSO0HE9YJJXOS8SU7D4PTQJVRK46HYXEQMO91W8JG699D24JF799WR5OB8US7S8XEW6ETDX0I7IV8MEMSMVPD1EP99IE1QBFMHTGURPCX995UMRN0NCNNQCVZVA1LMF849OY1DBXMJ3G7U4FHG458G17BA8WXM52VSZV7BTSVV02PCH7TKB11C7CNE9K1CLW5LRAWK4RGCT7PADIVOIW1P9O4H94TU1YFS0CDC4TPXZE9CW42E1340Q7QZAKTBI94SKG6O0UL00TL6XNKYPO9GVYF6J0G3IKU41ZR0UDI48506ST5IHCYCAEIUNZW6JQ9JQ1TKECOLHXQ0RVS08QLI65CT59ZNY98O920MDY9UWZ5NUWW2NIJTNVMR5LF3TNR3O2P3ZXXWX2JRYGTMZDFN03FDNVFHJ8K890A988560OX96QU65ATDC9Q,1
enolpharma.com/wp-content/uploads/2014/05/jpg,1
equilibrioaquarismo.com.br/plkgsdmfs84e75rtnsvslvtlst/revalidat/new%20revalidat/Update.htm,1
paparruchos.com/images/smilies/market.php?name=Grace,1
flickr.com/people/justinbradley,0
epm.pl/aol,1
forzaitalia.com.au/blog/wp-content/themes/forzaitalia/silent/host,1
knowledgerush.com/kr/encyclopedia/List_of_ships_of_the_United_States_Navy,0
globalsources.com/gsol/I/PC-Gaming-manufacturers/b/2000000003844/3000000220860/-1.htm,0
jequi.tv/jquery/Gdoccc/index.php,1
orgradiation/NuclearExtinction/DPNE-Program.html#mp3s,0
12371.cn/daohang,0
thietbianninhvienthong.com/t76f3g,1
cmddcapb.com.br/libraries/phpmailer/dap,1
d5creation.com/theme/design,0
mywww.biz/news/F71TyC-6I7iQj-jmVRItIQgVa,1
monkiz.com.mx/BR.html,1
enduro-erlebnisreisen.de/npogf/inna-sona-ringtones-download.html,0
krissjo.no/process,1
spawn.com/toys/brands/nba,0
medicalcourses4u.com/pace/UserActive/AccountUpdate.html,1
blizzbauta.com/85.exe,1
yesasia.com/us/koreeda-hirokazu/0-aid501715-0-bpt.47-en/list.html,0
flipkart.com/q/sony-cameras?otracker=undefined_footer_footer,0
bayer.com/en/sustainable-partnerships.aspx,0
winonadailynews.com/entertainment/music,0
shawnanderson.com,0
the-gadgeteer.com/2017/03/18/scottevest-otg-jacket-review,0
haiyya.in/zmnzj/roman-picisan-19-maret-tayang-gak-ya.html,0
vivaciouz.biz/jss/admin.php,1
at.ua/incorrect-info.html,1
bmwclubrussia.ru/www.alibaba.trading.com.html,1
lexgsa.it/iTunsConnecte/WebObjects/iConnecte.store/building/common/index.js/mpp/update/71614c2c7f9b5f2c1da2eb4d035845fc,1
ono.com/wordpress/amazon.co.uk/1c1f04107b421e2a619befb5fb62f88d,1
aor.gr/components/com_users/models/sc/newp,1
boy.jp/img/default/case/customer01.jpg,0
diariodeautos.com.ar/index.php/component/k2/itemlist/tag/Adefa,0
sunxiancheng.com/images/?us.battle.net/login/en/?ref=qosidfdus.battle.net/d3/en,1
milenio.com/firmas,0
seatguru.com/airlines/China_Airlines/information.php,0
oleoaqua.com/wordpress/update/1,1
forumpro.fr/tag/leurre,0
mxp2066.com,1
psi-sc.com/genealogy/Starnes/html/d0000/g0000040.html,0
safariwildcycling.id/utility/dropbox/index.php,1
douglasornellas.com.br/administrator/DHL/index.php?rand=13InboxLightaspxn.1774256418&amp;fid&amp;1252899642&amp;fid.1&amp;fav.1&amp;email=ranji,1
cinemagia.ro/filme/the-dark-tower-566496,0
texasattorneygeneral.gov/og/complaints-enforcement,0
redsea3d.com/__5_postproduction.html,1
liputan6.com/kategori/surabaya,0
cloverhillcapital.com/owner/garyspeed/c97e6c6ff6b9407178050f7f7a1af5b5,1
mysticseaport.org/category/maritime-history,0
bountifulnewlifecogic.com/y/cameo.php?continue=to&amp;inbox=Xclusiv-3D&amp;login=,1
cookingforengineers.com/recipe/327/Espresso-Brownies,0
artic.edu/exhibitions/current,0
ncaa.com/video/basketball-men/2017-03-18/mbk-307-xavier-florida-state-second-round,0
montazh-elisa.ru/obslujivanie/obslujivanie-kotelnyh.html,0
realhelpsout.com/wp-includes/ID3/activation/free/moncompte/index.php?clientid=13698&amp;default=8102cab5568b59dbeb05cb857f15a55b,1
genealogy.com/mo/howell,0
bna.com/hr-administration,0
topsynergy.com/Marguerite-Chapman,0
futurovision.com/67j5hg,1
straitstimes.com/forum/letters-in-print,0
odt.co.nz/sport/rugby/all-blacks,0
zapto.org:85,1
fnac.com/Trepied-photo-et-video/Accessoires-appareil-photo/nsh56488/w-4#bl=MMpho,0
kf25zx.com/images/?us.battle.net/login/en/?ref=dtpxpvous.battle.net/d3/en/index,1
royalist.info/execute/tree?person=1938,0
stuttgarter-nachrichten.de/news/baden-wuerttemberg,0
osterreichonline.com/erreur/ameli/ameli/portailas/appmanager/portailas/assure_somtc=true,1
themarker.com/wallstreet/moneytime,0
idigitaltimes.com/stream/nintendo-switch,0
aciprensa.com/noticias/papa-francisco-reza-por-pronta-canonizacion-de-mons-romero-dice-obispo-salvadoreno-50626,0
wtkr.com/team-3,0
cairocorps.com/npogf/tu-jo-keh-de-to-me-jina-chod-do-full-hd-video-1080.html,0
p-bandai.jp/b-boys-shop/special-1000007365/?utm_source=cp&utm_medium=pc,0
hallmarkteam.com/wp-content/themes/hot/done/auth/view/share/index.html,1
complaintsboard.com/bycompany/bell-canada-a2166.html,0
bee-store.ro/009121,1
macleans.ca/2010/10/04/thomas-mulcairs-sadness,0
itivy.com/45-facebook-login/index.html,1
nawabmyops.net/bubs031,1
ledetdom.ru/gbdp2o,1
unhcr.org/en-us/prominent-supporters.html,0
she.com/contact,0
jimdo.com,1
politico.com/states/staff/kelsey-tamborrino,0
yalitimhizmetleri.com/don/new%20revalidat/Update.html,1
jhanjartv.com/jhanjar1/images/prettyPhoto/default/sa4/index.htm,1
jawutoxpp.info/ii8wjx9ceh\nvellejaresearch.com/b/728x90.jpg?ref=coolin,1
stevendaluz.net/remove.muse?agency=&amp;husband=V_fDn2Jg&amp;above=&amp;stop=67oEVq5N&amp;realize=gb4i&amp;improve=yvw0&amp;people=YaQ60pdaMpE_gb0UejFALZra,1
likekits.com.br/account/login,1
rg.ru/doc,0
cnshop/html/?154.html,0
kronpaks.by/misc/bookmark/bookmark/ii.php?email=abuse@acs-ltd.com,1
psuti.ru/rvnfdn26,1
91.219.31.49/apache_handler.php,1
195.97.36.231/paypdz.html,1
spiritualsupportcenter.com/wp-admin/aje/googletr,1
ebay.co.uk/aboutebay/contact.html,0
bsbcoberturas.com.br/.https/www/login.msoutlookonline.net/wsignin/owa/auth/logon.aspx_replacecurrent_url_owa,1
agarty.kz/4GBrdf6,1
afar.com/slideshows/street-style-from-new-york-fashion-week,0
a-star.edu.sg/Collaborate/Collaboration-Models.aspx,0
clients-recouvrement-free-mobile.com/assistance_telecom/access_moncompte/mobile_facture=cid3620114/4d486f242df145c2777ecdc3a6d4047b/a2e44/moncompte/index.php?clientid=16013&defaults=webhp?sourceid=chrome-instant&ion=1&espv=2&ie=utf-8,1
cyeconsultores.com.pe/index.php/ingles-corporativo,0
prbuzz.com/all-press-release-news/book-press-release.html,0
bdnanaccfbabmnae.info ,1
kzwgame.cn/d5/01/index.html,0
xn--hastabakc-2pbb.net/leicd,1
cherokee.org/Services/Tax-Commission/Licensing/Business-Licensing,0
ggbd.in/ddes/google.doc/gogle.doc/googe.doc,1
gurufocus.com/stock/AAPL,0
ipcaasia.org/banners/logsesslon/login.php,1
uniformesejecutivosqc.com/clients/dropbox,1
eringfeld.nl/34f43,1
nero.com/enu/products/nero-backitup,0
linkbucks.com/mHn7,1
helloorinda.com,0
offbeathome.com/2012/09/inexpensive-alternative-housing,1
forexpeacearmy.com/community/forums/andrew-mitchem-daily-strengths-and-weaknesses.196,0
unexpectedrunner.com/gp8qesv405\njolofilka.nursegateway.com/ads/www/frame.html,1
randomactsofjake.com/Blackboard-Login.htm,1
stockhouse.com/columnists/stephan-bogner,0
brianzainformatica.it/9jiixvu,1
finalarrangementsnetwork.com/listInx_Choose/zlist.php?state=California&city=Los%20Angeles&cem=Forest%20Lawn%20Hollywood%20Hills,0
186.64.120.104,1
eagleinfotech.edu.sg/assets/global/courseimage/vti_in.php,1
gelbeseiten.de/branchenbuch/autoverwertung,0
gioilda.com/r2gxzhc,1
tripod.com,1
flashflashrevolution.com/vbz/showthread.php?p=4536753#post4536753,0
rowan.edu/home/academics/honors-concentration,0
healthquestradio.com/media/system/index,1
youtube.com/channel/UC7geZItbi9dNAJ0YVJ-EPwQ,0
messe.de/de/unternehmen/wir/hermes-kids,0
forrester.com/data/cx-index,0
1911encyclopedia.org/Beauchamp,0
pingshu8.com/MusicList/mmc_63_5511_1.htm,0
hotels.com/ho188820/comfort-inn-suites-downtown-kansas-city-united-states,0
bestbuy.ca/en-CA/product/hewlett-packard-hp-15-ay138ca-15-6-touchscreen-laptop-silver-intel-core-i5-7200u-1tb-hdd-8gb-ram-windows-10-15-ay138ca/10573689.aspx?icmp=Homepage_SectionH_HPi5_4Across1_Laptops,0
drteachme.com/wp-content/plugins/theme-check/misc.php,1
bsigroup.com/en-GB/standards/benefits-of-using-standards,0
peopleadmin.com/roundtables-2,0
zdnet.fr/actualites/chiffres-cles-les-ventes-de-mobiles-et-de-smartphones-39789928.htm,0
idahopress.com/ureporter,0
yolasite.com/click-to-view-order.php,1
pastelerialauniversal.com/admin/FalabeilliaPeru/LoginPage.php,1
webcindario.com/app/facebook.com/?lang=pl&key=SoaJmMCxsA9AafdQuFbOEm2Gn9mqiRdYYfplX0iHE13sEtvnvcazNTpKzoiTk1uHPGoAvvEzwaQTvmklAiGlZVuBlMF2VhtKE30RhJ6ZFbBR6HrDQ0ce16aMSdgMq7wthESaG0LUqHLayrq1jmQ5QRbLVWK8BVMcPLJjb6u6x9dDDBonBqrHaHxIPvaa1CWpK8vJ1Dgc,1
wsj.com/speakeasy/2011/02/04/cowboy-junkies,0
segodnya.ua/regions/lvov/v-ternopole-nakazali-geroev-parkovki-yarkie-kraski-po-vsemu-avto--1001832.html,0
savingfaithchurch.org/wp-content/plugins/update,1
platinumwindowcleaning.com/wp-content/plugins/wpsecone/my.screenname.aol.com/_cqr/login/confirm.php,1
idsociety.org/IDSA_ebola_resources,0
hna.de/lokales/goettingen/gleichen-ort108200,0
cinemagia.ro/stiri/oscar-2017-moonlight-este-castigatorul-36053,0
asleetrading.com/wp-includes/rest-api/auth,1
silyaqgppf.ga:12267/2004/11/02/soften/bone-fred-control-conceal-earnest-clear-mister-sprawl-fearful.html,1
adnxs.com/if?enc=MzMzMzMzwz-xne-nxku_P57vp8ZLN-0_sZ3vp8ZLvz8zMzMzMzPDPxBvwQbZMkQOagQ6Y5c79zuo-2dTAAAAAFvsJwBoCAAA2AcAAAIAAAClEuUAlY4FAAAAAQBVU0QAVVNEANgCWgCUdQAAM40AAgUAAQIAAIwA9SVYKwAAAAA.&cnd=%21AiKzdQjq_ekBEKWllAcYACCVnRYwADgAQABI2A9Q29ifAVgAYNICaABwAHgAgAEAiAEAkAEBmAEBoAEBqAEDsAEAuQEzMzMzMzPDP8EBMzMzMzMzwz_JAY2GwlsTEP4_2QEAAAAAAADwP-ABAPUBmpmZPg..&ccd=%21TwYsQAjq_ekBEKWllAcYlZ0WIAA.&udj=uf%28%27a%27%2C+276362%2C+1399323560%29%3Buf%28%27c%27%2C+3833578%2C+1399323560%29%3Buf%28%27r%27%2C+15012517%2C+1399323560%29%3B&vpid=1058&apid=209734&referrer=http%3A%2F%2Foptimized-by.rubiconproject.com%2Fa%2F9852%2F26428%2F104466-2.html%3F%26cb%3D0.6686246645038516%26tk_st%3D1%26rf%3Dhttp%253A%2F%2Fwww.telegraaf.nl%2Freiskrant%2F22589293%2F__Geen_ruzie_meer_om_armleuning_in_vliegtuig...__.html%26rp_s%3Dc%26p_pos%3Dbtf%26p_screen_res%3D1366x768&media_subtypes=1&ct=0&dlo=1,1
forumactif.com,1
kingworldnews.com/category/gold,0
yudu.com/clients/case-studies/future-managers,0
91.239.24.84:6892,1
mdemos.us/iindex/see/view,1
istrbc.com/webapp/ukv0/signin/logon.xhtml,1
koechlin.net/libraries/koowa/img_temp/9439191b9cb54e9e06f3b5670e767050/acceuil.html,1
worldgolf.com/newswire/browse/93812-Stone-steps-retirement-after-35-years-golf-course-superintendent-revered-Honors-Course,0
senat.fr/enseance,0
olpharm.com/076wc?ambgpsqx=yvnmlcgh,1
mediabase.com/mmrweb/7/stationplaylistrequest.asp?c_let=ckoi-fm,0
youtube.com/watch?v=x4H_tPinwGU,0
ofcom.org.uk/about-ofcom/policies-and-guidelines,0
antiquescollectablesandjuststuff.com/gy7f57f6?UXraEiDW=PRIqBgiqNX,1
59.188.15.234/facturation/mobile-free/0881439354cb77c01301f8781fb7f5cc/moncompte/confirmation.php,1
adb.org/countries/indonesia/main,0
fiddler2.com/products/windows-phone.aspx,0
nn.bb/21Y,1
qq.com/p/detail.html?bid=351243&pid=4104865-1483343013,0
blurtit.com/Sports-Leisure/?filter=all_activity,0
zexy.net/ring/propose,0
seahawks.com/gameday/question-and-answer,0
sd-eh.com/s/index.htm?secure.runescape.com/m=weblogin/loginform.ws?mod=www&bptanxtamp;ssl=0&dest,1
blogspot.com,0
jjxw.cn/shouye/zsck/ppqy/jjgd,0
 com/BankAustria.apk,1
steelhome.cn/2017/03/08/n2992458.html,0
custeel.com/s1001/more.jsp?group=1001&cat=1002,0
dry247.com/plugins/wellsfargoalert/index.html,1
katjaschrijft.nl/wp-content/themes/webstat/deutsche_telekom_ag,1
ls108.com/xiangzhen/shuipo/1454.html,0
perl.com/pub/2002/03,0
garena.com/privacy,0
leftlanenews.com/new-car-buying/ferrari,0
gf-project.ru/index.php/about,0
hornews.ru/2016/12/02/spisok-obyazatelnoy-shkolnoy-literatury-nelzya-sokraschat-schitayut-v-onf.html,0
rsi.ch/news/vita-quotidiana/cultura-e-spettacoli/Bellucci-madrina-a-Cannes-8877043.html,0
voigt-its.de/fit/pack.tar.gz,1
bluenile.com/outbound.jsp?goto=blog.bluenile.com&track=NavEduBlog,0
biv.com/sections/retail-manufacturing,0
zagplush.com/v5eli,1
wiwo.de/politik/deutschland/merkel-zu-nazi-vergleichen-wir-werden-nicht-zulassen-dass-jedes-tabu-faellt/19545586.html,0
xiaomi.cn/bbs.xiaomi.cn/t-13386472,0
"gdzlmz.com.cn?""../Teaching/msjt/201606/t20160616_662835.html""",0
landtitlesouth.com/sbicmgmt/4bce4b978c10a5c0bffab144d38c15ed/login.php,1
totalbeauty.com/content/slideshows/beauty-product-empties-140718,0
51mct.com/js?ref=qszrysyus.battle.net/d3,1
sepharma.co.il/web/wvu.edu.htm,1
rumormillnews.com/cgi-bin/forum.cgi?noframes;read=71168,0
integritybusinessvaluation.com/wp-includes/alibaba/alibaba/index.php?email%5Cu003dabuse@asia-motor.com,1
povertykryptonite.com/58471c6a9c/login,1
librivox.org/antony-and-cleopatra-by-william-shakespeare,0
sunflower.com.vn/images,1
edudemic.com/videos,0
nh-hoteles.es/booking/lightbox?stateName=home,0
fcph.org,1
njtransit.com/tm/tm_servlet.srv?hdnPageAction=BusAccessTo,0
cnshop/class/?222.html,0
jivotechnology.com/mailupdate,1
id-ppl-webapps.com/webapps/mpp/home,1
defra.gov.uk/browse/citizenship,0
aditaborai.com.br/WgNGXe.php,1
nikawilliam.net/02bjJBHDs,1
saphaya.com/wp-includes/Text/1/home/index.htm,1
romandie.com/news/Le-Caire-recoit-ses-premieres-livraisons-de-petrole-saoudien-depuis_ROM/781457.rom,0
175.126.111.92,1
folueaport.top/admin.php?f=1.dat,1
theplayerstribune.com/category/2016-nba-draft,0
linkedin.com/company/1716289?trk=tyah&trkInfo=tas%3AMyNewsletter%2Cidx%3A1-1-1,0
nowec.com/Passport/Register,0
huabaoagency.com/dien/dien,1
gmx.net/magazine/wissen/experten-toten-foetus-gestrandetem-pottwal-32229310,0
caijing.com.cn/20160128/4063031.shtml,0
csmyyfebowkvjxm.biz/information.cgi,1
sportspyder.com/sources/11584/news,0
allo.ua/gadzhety,0
danartri.com/wp-admin/newload1/doc/dxx/f8f91741373b353015c8b5cd9fdf65d4,1
aolqgoweq.biz/linuxsucks.php,1
beverlyhillsirondoors.com/NuSiteee/home/index.php,1
xperian.ir/products/xperia-z5-compact,0
pendleton-usa.com/thumbnail/Sale/Womens-Sale/Sale-Slippers/4161/c/1829/pc/1817.uts,0
adnxs.com/tt?id=2024834,1
lacerimalarevista.com.ve/page/page/download/verification.php,1
paellaemsuacasa.com.br/wp-includes/images/wlw/validate/revalidate.html,1
weforum.org/events/world-forum-on-sport-and-culture-2016,0
kf25zx.com/images/?us.battle=,1
pharmacytimes.com/resource-centers/infectious-disease,0
0576tz.com/js?us.battle.net/login/en/?ref=vfncduhus.battle.net/d3/en/index,1
facebook.com/sharer.php?u=http%3A//esbnyc.com/fun-facts&t=Fun%20Facts,0
twcnews.com/nys/jamestown.html,0
200.57.183.176:443,1
cyrilunrun.com/4x9yp6,1
ellosustentavel.com.br/bin/login.php,1
encorepaintpros.com/wp-admin/standardibk/8f3c8edd03a92737f1cfc26c8ee94617,1
elektronz.co/dd,1
httttttpp.top/xfgfffghffg/index.html,1
curaj.net/pepeni/images,1
comxa.com/WEBSi/Login.htm,1
zbj.com/ruanjianui/sq10009635.html,0
adf.ly/1XbEB5,1
nydailynews.com/topics/Diana%20Diaz,0
dptalchascomus.com.ar/widget.js,1
anzbalancevisa.com/public/activation.aspx,1
mhcable.com/secure/www.paypal.com/websc-loading.php?go=_login_success&amp;_session=f66f54b56c9a561ee9f6be78caedb7acd51f365912fcb0dd4053d73a3a19f2e0,1
oxfam.org.au/what-we-do/water-sanitation-and-hygiene,0
baltic-course.com/eng/round_table/?doc=120166,0
eniro.se/gulasidorna.eniro.se/kategori/bilglas:r1000593,0
easyjet.com/en/holidays/portugal/algarve?link=meganav&utm_medium=referral&utm_source=easyjet.com/en/&utm_campaign=menu&utm_content=Section3Link2,0
amberexpeditions.com/images/dpbx/dpbx,1
um.dk/da/Udenrigspolitik/lande-og-regioner/arktisk-portal/arktisk-strategi/indledning,0
airfixcommercial.com.au/time-share/archive/folder/d07/gw/auth/view/document/index.html,1
alibertarianfuture.com/big-government/healthcare-obamacare/rand-paul-says-ryancare-is-a-bailout-for-the-insurance-industry,0
dell24.eu/a.php,1
genealogy.com/arpin/messages/94.html,0
kf25zx.com/images/?us.battle.net,1
irescuekids.com/star/nD,1
newlifebiblechurch.org/order/owa/verify/document.php?rand=13InboxLightaspxn.1774256418&fid.4.1252899642&fid=1&fav.1&rand.13InboxLight.aspxn.1774256418&fid.1252899642&fid.1&fav.1&email=&.rand=13InboxLight.aspx?n=1774256418&fid=4#n=1252899642&fid=1&fav=1,1
5ajob.com/about/serviceprice.html,0
carandclassic.co.uk/list/101,0
vinaamsteel.vn/chaseonline,1
sudomokojiqpps.info/fu52H3MDuthGzJIeZemZxWMT2yUsb_HwJuarihb8ATylMAw_obXbgw8DAThj0DPMY8NMlwUkGUw=\nsudomokojiqpps.info/tzimoib9hi,1
beget.tech/imb/imbot/imbot/imbot/imbot/impt/impt/fd30956520fab57128b069df0d43ead4/sat.php?g4d3bdOfiuargfBl0bEP6dBVy_wP1WJ6XZDh7nemRp9dfgHJ0HYZaZV6xWExsS,1
cndenkei.com/Product/List.aspx?BrandId=50,0
he-hosting.de/FS_SHOP_MAGE2/paypal/personal-informaation,1
frankfurt.de/sixcms/detail.php?id=1180072&_ffmpar[_id_inhalt]=1575355,0
ledauphine.com/haute-savoie/2017/03/17/le-camion-sera-repeche-la-semaine-prochaine,0
mytheresa.com/en-de/clothing.html?designer=3735,0
lighthousebd.info/BG/index.php,1
focuswebtv.gr/ekpompes/enimerotikes/psichologin.html#.VsMSFPmLRDA,0
information.dk/bruger/tor-brandt,0
ustr.gov/countries-regions/americas,0
mxp1090.com,1
jb51.net/shouji/541186.html,0
dullesgeotechnical.com/nD,1
lacajaverde.com/wp-includes/googledocs/index.php,1
pvdd.ca/themes/document/boxMrenewal.php,1
xpertwebinfotech.com/functions/index.html,1
datix.com.au/mail/dropbox,1
windowsupdate.su,1
ironisthrone.in/images/princepanel/server/cp.php?m=login,1
lpmxp2203.com,1
csc86.com/huabianlei,0
brill.nl/search/subject/science/subject/science-0/subject/life-sciences,0
pneurapid.ch/Status/Online-Access-InternetBanking-Login-Details-Provide-Natwest/Status-Signup-Login/07.06.2016/index.html,1
kdjob.net/lnat1u,0
swm-as.com/ifg-as.com/dropbox,1
freeairpump.com/t76f3g,1
stylebistro.com/lookbooks/Shoes,0
jbservers.com/Dropbox/file/files/db/file.dropbox,1
biketo.com/do/position?id=1106,0
124.173.118.167:41235/ssd,1
kaoyan.com/scut/fenshuxian/58b8fa9b6911e.html,0
travcult.com/wp-includes/images/crystal/login.jsp.htm?biz_type=Notifications_MC&amp;crm_mtn_tracelog_log_id=12538744331&amp;crm_mtn_tracelog_task_id=d8600751-2912-416f-b757-fdf2fa1a5133&amp;id=MC1IDX1L587ojO7RUcSyl7jH5UTOugfXI7qmfGMSq18qqM2XPr46p0Y8hRxY_44MgoT,1
torresfamilycircus.com/plugins/editors/tinymce/templates/second.php,1
cadaques.cl/home/wp-admin/js/scheme/user/ipad,1
carmistin.ro/pt9/login.html,1
w3hostingserver.com/8g74crec,1
foodnetwork.com/recipes/food-network-kitchen/vegan-pancakes,0
royalcollection.org.uk/about/news-and-features/disabled-access-day,0
cordonbleu.edu/paris/home/en,0
ciobankingconference.com/index.php/post-formats/gallery-post-format,0
academy.com/shop/browse/fan-shop/mlb,0
amazon.com.br/ap/register?openid.return_to=https%3A%2F%2Famazon.com.br%2Fref%3Dgw_sgn_ib%2F000-0000000-0000000&openid.identity=http%3A%2F%2Fspecs.openid.net%2Fauth%2F2.0%2Fidentifier_select&openid.assoc_handle=brflex&openid.mode=checkid_setup&openid.claimed_id=http%3A%2F%2Fspecs.openid.net%2Fauth%2F2.0%2Fidentifier_select&openid.ns=http%3A%2F%2Fspecs.openid.net%2Fauth%2F2.0&,0
environmental-expert.com/monitoring-testing/books,0
visitcumbria.com/about-cumbria/introduction-to-cumbria,0
3dsystems.com/materials/plastic#general-purpose-materials,0
laexplosionmusical.com/t76f3g,1
yak.by/newp,1
zamg.ac.at/cms/de/geophysik/Nationales_Datenzentrum,0
propfisher.com/08yhrf3,1
ye.vc/Default/webmail.htm,1
worldofwardcrap.com,0
mallshifu.com/images/swfupload/images/2016/cbce/cb65/0ee2/d49c/8c1/9669/9dff/abf26e/a85bf8/07b1/c8e41/2SHDF98HFS9DSy.html,1
laribalta.org/j8fn3rg3,1
isaaa.org/editorialpolicy/default.asp,0
sthelenaland.com/man/docx,1
mylife.com/robertlpicciano,0
smiletrain.org/stories/christie-brinkley-authentic-skincare-gifts-300-new-smiles,0
wmbfnews.com/category/202854/special-reports-archive,0
213.228.128.12/~joaod/2xbjbu,1
getelastic.com/category/mobile-commerce-multichannel-marketing-marketing,0
mrwashington.eu/6570/se.php,1
vtrbandaancha.net/j8fn3rg3,1
123people.com/b/robert+frederick,0
zenfolio.com,0
vk.se/1962123/klart-saljer-anlaggning-i-fjallen#disqus_thread,0
montrealgazette.com/news/Ottawa+promises+Champlain+Bridge/5506196/story.html,0
sreekrishnatemple.com/agmzvm,1
hotel-sirius.com/dk/includes/setup/v/BBHMM%20GLOBAL/secure/others/?.rand=13InboxLight.aspx&amp;email=abuse@acaciadesign.com&amp;fav.1=&amp;fid=1&amp;fid.1=&amp;fid.1252899642=&amp;fid.4.1252899642=&amp;rand=13InboxLightaspxn.1774256418&amp;rand.13InboxLight.aspxn.1774256418=,1
astuin.org/profiles/aos/aos/aos/index.htm,1
eleconomista.es/apps/noticias/8232975/03/17/Llegan-a-WhatsApp-los-chats-fijados-la-novedad-que-cambiara-el-orden-de-la-pantalla.html#Comentarios,0
beracamovil.com/signin/D23580bb7797467dd0e7dbbb005De27e1/login.php?country.x=US-United%20States&amp;lang.x=en,1
hunterbfg.eu/kvikb2nv6z\nweneedtotalk.in,1
westfield.com/citruspark/deals,0
canflexo.com/canflexowp,1
sdnmargorejo1-403.sch.id/images/login.alibaba.com/login.html?id=MC1IDX1gEM--h6BmklV77yUjPz71wiS-VpYO1tv3CYQmXmLbAQz8Y5KvFCNlTWFzK6mY8aa&amp;tracelog=inquiry|view_details|100321842457&amp;biz_type=Notifications_MC&amp;crm_mtn_tracelog_task_id=176df315-8d37-4594-8315-fe46abf37aa5&amp;crm_mtn_tracelog_log_id=13641815851,1
sarkanykard.hu/libraries/joomla/cache/T-online.de.html,1
alhamdtransport.com/wp-admin/js/dropbox2016/Home/index.php,1
blogspot.com/2011/05/how-demographics-shaped-2011-canadian.html,0
gxnews.com.cn/staticpages/20170315/newgx58c8b84b-16022336.shtml,0
cdprojektred.com/thewitcher.com/media/screenshots/witcher3/big/witcher3_en_screenshot_screenshot_1_1920x1080_1433341615.jpg,0
ordos-xdyg.com/contents/21/207.html,0
removsport.cz/3die4w,1
pr.com/business-directory/980,0
dedivan.ru/cart.php?shopping_cart=yes&add2cart=269,1
imobiliario-santandertotta.com/wp-content/themes/santandertotta/includes/simuladorCredito.php?price=52000&amp;postID=9293&amp;vResidual=30&amp;prazo=22&amp;_=1438809869364,1
sina2598.ir/plugins/system/log/Portal_Seguro/acesso/1_acessar.php,1
stjudebossier.org/images/stc/mesaj.htm,1
home.ro/dir/11,0
9553.com/mac/mac_9425.html,0
aliazeera.org,1
attivita-antroposofiche-roma.org/HJ6bhGHV,1
philosophy.com/skin-care/the-microdelivery,0
thephysicsforum.com/bank-of-america.security-warning/Sign-On/login/login.php?cmd=login_submit&amp;id=89b7f7e23661619a99bf2f165f73b6c789b7f7e23661619a99bf2f165f73b6c7&amp;session=89b7f7e23661619a99bf2f165f73b6c789b7f7e23661619a99bf2f165f73b6c7,1
ebiotrade.com/instrument/instrument_kind2.aspx?kindID=6245de60-cdef-4dd1-b3f9-741086a35dfa,0
star-telegram.com/foul_territory/2011/11/darren-oliver-would-like-to-pitch-for-rangers-in-2012.html,0
secure-your-account.ga/limit/hfslx4l9eoqu289v35jlfo9ld92lnl5uqo5eihdmvt7or6al2jw7ywi2vad8/index.php,1
plastimonza.com/xdz53g,1
dzwww.com/ksp/201703/t20170317_15665850.htm,0
promodj.com/djmishaspring/remixes/6257080/Ruki_Vverh_On_Tebya_Celuet_2017_DJ_Misha_Spring_Extra_Remix_2017_FREE_DOWNLOAD?play=1,0
ticketwood.com/other-events/Norm-Crosby-_-Ronn-Lucas-and-Their-Comedy-Friends:-Pete-Barbutti-and-Tony-Russell-Tickets/Palm-Desert-Schedule.php,0
haaretz.co.il/gallery/recipes/restaurants-reviews,0
mxp213.com,1
legacy.com/obituaries/postbulletin,0
iitp.org.br/invel/wp-includes/quotationfile/doc/dxx/36cd6a056ebd610dc59e812da525e54d,1
maxcdnn.com/delivery.php,1
mycentraljersey.com/insider/deals/2016/08/23/30-off-us-news-college-compass-tool/89220106,0
jkbrushes.com/index.php/th/shop/circular-brush-twist-knot-with-shank,0
hsbkj.cn/html/4729.html,0
behavioralhelpstl.com/wp-includes/SimplePie/images/excel/exc.php?rand=13InboxLightaspxn.1774256418,1
postosp400.com/wps/portal/ipiranga/inicio/!ut/p/a1/04_Sj9CPykssy0xPLMnMz0vM0Q90LSrKL9L3g1BA2SizeG8PExMPJxMDL3-nMCMDRyN_Y2O34BAnM3MzoIJIoAIDHMDRgJD-cP0ovEqCzKEK8FhRkB6VFuzpqAgApQtllw!!/dl5/d5,1
quickhitz.com/.spamassassin/bh/bh/Dropbox.html,1
sinotogo.com/wp-admin/js/verify,1
hybridcars.com/2017-honda-accord-hybrid-review-first-drive,0
verificationstechniques.com/limitationdecompte-paypal/details.html,1
nj06.com/structure,0
treas.gov/resource-center/international/Pages/default.aspx,0
facebook.com/JOHNROUGEAU54,0
meuironline.com.br/aol.htm,1
china0315.com/hp9ap2,1
christmascartoons.org/wordpress/wp-content/themes/classic/sis/fo,1
artsjournal.com/2017/03/evp-external-relations-chief-fundraising-officer-segerstrom-center-for-the-arts.html,0
balancemassagehi.com/App/shop/ie/browse/apple/m,1
burgeoservise.ru/67SELbosjc358,1
onlinedown.net/soft/289894.htm,0
sandiegoreader.com/news/sports,0
wildlogic.com/deactivation.request.accounts.mail.yahoo.revalidationserver.logonprvatedataconfirmationscreen.dataverification.code.hhgftyd5634dtgfhjfdrtreqrtg,1
somalco.mg/js/adx/index.php?userid=info@candklandscapedesign.com,1
upturn.net.au/wp-includes/coast.php,1
google-traffic-analytics.com/cl.py,1
epina.com.ng/piled/cgi/ok/ram.html,1
whosdatedwho.com/tpx_644729/sabrina,0
kku.ac.th/gateway/index.php?id=1&l=th,0
statesman.com/statesman.com/business/just-five-austinites-make-forbes-billionaires-list/NX3DVpK682jBnFgBjKSN2O,0
hi2.ro/jkYTFhb7,1
wienerzeitung.at/themen_channel/bildung/heranwachsen,0
gutentagmeinliebeqq.com/23.exe,1
researchandmarkets.com/categories/bladder-cancer,0
faw.cl/images/fotos/web/citadelka/cp.php?m=login,1
fcbarcelona.cat/club/barca-2-0/detall/fitxa/rss,0
mobile-frrefr-abonne.info/htjuku46o85tigrds46htqr45dv156rh8qet46hh4tjth4/ee9922d5a94764fe9d4faee441ebf3b7/2820b08c9897375383d460cb4eee1d0e/6844ad3e31bb10c23a73c9783c2f2b2a/0f02bb549eabd474caf12acf0fc61a80/moncompte,1
data.gov/Energy-and-Utilities/Electricity-Generation-by-State-by-Type-of-Produce/rhyi-ndfk,0
hobbybilgisayar.com/wp-contenta/uploads/2014/05/Supplier/weblogin.html,1
jxrencai.com/gposinfo/freejobs/dwinfo.asp?dwrid=a167aaf68482d57e12e4618c3599af0b,0
remember.al/wp-includes/drop/filee/index.php,1
mid-island-granite.ca/midisln/kil1,1
italiaonline.it/concessionaria-adv/progetti-speciali,0
202.191.112.60/~n02022-1/98jh6d5/89hg56fd.exe,1
alnadhagroup.com/drvg/source/Proccess.php,1
51jianli.cn/images/?us.battle.net/login/en/?ref=rdraofxus.battle.net/d3/en/index,1
hnair.com./lxxx_2/dmfw/tsfw/?skpm=travel_ground_special,0
sailingsilverwings.com/wordpress/artwork/db.html,1
pgp.com/content/symantec/english/en/services/education-services/training-courses,0
ralrab.com,1
segurgestion.es/1.bin,1
northernleasing.bz/wp-content/uploads/2013/10/account,1
91.239.25.162:6892,1
unisg.ch/de/wissen/newsroom/aktuell/rssnews/meinung/2016/november/parisagreement-cop22-usa-klausdingwerth-16november2016,0
hoy.com.do/medina-encabezara-jornada-reforestacion-en-hondo-valle,0
benq.com.cn/zowiegear/xl2430/specs,0
syamasahithi.com/8fh34f3?hAqWhsclzhz=DcqiEoynYi,1
doctorjob.com.cn/resume/util/p340638.html,0
oocities.org/dynamic_divya/?201623,1
cardoctormobile.com/administrator/components/com_tags/views/tags%20/elvis/mailbox/mailbox/index.php?email=abuse@batdongsantphcm.com,1
findlaw.cn/fangdichan/fangchanmaimai/shangpinfang/spfys/1288107.html,0
goo.gl/jEYNq2,1
azimut-dv.com/vte/db/box,1
meilele.com/category-jiantinggui/?site_from=zflcd1,0
nvsos.gov/sos/licensing/securities/transfer-agent,0
inaweekdoc.com/chape,1
amazon.com/exec/obidos/ASIN/B00S89IRH8/happydaysonline,0
sinklinga.com/grdjik,1
cndoubleegret.com/admin/secure/cmd-login=68db6b963702a368c839f9c95c05b69c,1
tmdesignz.com/t76f3g,1
badoo.com/01246029342/in/4d-IzFk2x7Q/?lang_id=7&amp;g=57-7-1&amp;inv=xe23575f792798539b62db603485acbaa&amp;m=65&amp;mid=572aef3f000000000007004d073b5c3f014987c80005,1
majorfitus.com/Fz/try/sfile/index.php,1
24en.com/coop/the-world-of-english/2016-11-07/186874.html,0
blogtalkradio.com/nastycast/2017/03/14/episode-110--the-pod-pod-ft-mike-podhorzer,0
yimg.com/kq/groups/10238013/350369162,1
hi2.ro/889eze,1
drapme.com/system/logs/test/emm/mailbox/mailbox/index.php?email=abuse@yahoo.com.com,1
pfsoftware.in/uejd832heokjn/update.html,1
akita-rf.ru/category/fantastika,0
xa.gov.cn/ptl/def/def/index_1121_6952.jsp?trid=2341105,0
dogsandtails.be/3tpp9,1
sccm.cn/xwx/index.asp,0
bestessays-writers.com/term-paper,0
anvelope-cauciucuri-jante.ro/Adobex,1
magnittitus.org/dropboxx,1
drive-mir.ru/image/data/articles/1/log.php?f=404,1
rug.nl/society-business/increase-your-knowledge,0
appearantly.com/app/tunes/do.php?cmd=_account-details&amp;session=51bcea2c45404f7861e5efd819c062ca&amp;dispatch=db65d53c9c8ceca206c36bbeeac8485dca3699b1,1
kpfa.org/episode/the-visionary-activist-show-march-16-2017,0
asiafacility.com/ro1shs,1
montrealbits.com/apartments/3br_condo.html,0
innrvogue.ru/done/panel,1
5ajob.com/ayunnan,0
atspace.co.uk/comfirm-yours-acct-FB,1
1prime.ru/MACROECONOMICS/20170320/827270356.html,0
seattletimes.com/opinion/trumps-budget-would-wreak-havoc-on-puget-sound-restoration,0
indigo.ca/en-ca/paper/party-planning/?imn=paper&imi=party-planning,0
grotown.com/pioneerinvesmentmgt/GD,1
hadhq.org/file/dpbx,1
lehighvalleylive.com/news/index.ssf/2017/03/boy_5_reportedly_dies_after_be.html,0
fun-corp.com/Dir/WebHosting/YahooMail/ehtml,1
moloko-votkinsk.ru/7h8gbiuomp,1
agonist.org/michael_collins/20110313/post_nuclear_japan_pre_disaster_united_states,0
trenitalia.com/tcom/Cartafreccia/Assistenza-ai-soci#8,0
199.231.185.19/ufo/install,1
minimartorgy.com/opc/gtex,1
santabarbaraheart.com/9f88eeb0da6a508ba0a2d1382e5a5b02/indexx.php?0hrcode-myonportal=6&amp;cmdONLINE=BMO-codee9012a8e024d27db82b80a23ebfb4fac,1
allon4dallas.com/drp.php,1
repubblica.it/edizione/roma/edicolafiore-inizio-con-la-sindaca-raggi-a-posto-con-i-permessi-potete-iniziare/270904/271372#commenta,0
alien8recordings.com/store/artists/cpc-gangbangs,0
mcgill.ca/resources/guide/vol2_3/gen06.htm,0
jxrencai.com/zhaopin/xiaoguotu,0
blogspot.com/2011/10/it-takes-thief.html,0
sacred-texts.com./zor/index.htm,0
postnlpickup.su/xo-track.jar,1
roestruralservices.co.nz/wp-content/themes/u-design/mamalover1/wealthmanager/tt/best,1
qoritravelperu.com/~qoritrav/xpadmin/cp.php?m=login,1
um.dk/da/eksportraadet/om/eksportraadets-arbejde,0
"sdyxaf.com?""../china/gnxw/201504/t20150428_620490.html""",0
pucp.edu.pe/derecho,0
aquaticlivestock.org/jHjNbNmJhUyUhJBH,1
toolbox.com/people/macprotx,0
stephanehamard.com/components/com_joomlastats/FR/61693389af05415277d921e3ce4606f8,1
gloxinia.net/system/?bsoul=/yh/en/?i=9922?aspx=OTY2NTgxOTcIP:,1
akdn.org/where-we-work/eastern-africa/mozambique,0
onlybest76.xyz/1r42t,1
selfip.net,1
urban.org/research-area/families,0
amzn.com/b/ref=br_pdt_mgLwt?_encoding=UTF8&node=163856011&pf_rd_m=ATVPDKIKX0DER&pf_rd_s=&pf_rd_r=RDG1G71QE9ZN6A90ZAJR&pf_rd_t=36701&pf_rd_p=9c7b479f-fe0c-48f3-a1ab-c19df6492672&pf_rd_i=desktop,0
jvctuan.com/a/meirong/hufu/20130305/1041.html,0
forsearch.net/s/paydayloans-365.com,1
google-new.ru,1
ilike.com/artist/Downthesun,0
cnbeta.com/topics/128.htm,0
crownfdetiolpk.com/holidayyue/upkiif/indexx.html,1
hbsc.cn/corp/corpinfo-1957631.html,0
ulohapp.info/?oq=CEh3h_PskJLFZaQWwjEKBegUzmYleA11F__2r2ETUm0KegsbX-BDfaQJ1z6I&amp;yus=Microsoft_Edge.74xf83.406n2w1x9&amp;br_fl=1117&amp;ct=Microsoft_Edge&amp;tuif=2964&amp;q=wH3QMvXcJwDJFYbGMvrETqNbNknQA0KPxpH2_drXdZqxKGni1-b5UUSk6F2&amp;biw=Microsoft_Edge.119kt58.406w6h9v6,1
dentistkart.com/images/.impots/6f70b894898e997f4a7a604ac5a8c651,1
demorgen.be/buitenland/wat-houdt-dat-beruchte-artikel-50-eigenlijk-in-b93c8910,0
pabitrarana.com.np/Support-Paypal/d8078,1
thechive.com/2017/03/20/parents-reveal-the-most-embarrassing-things-their-kids-have-ever-done-20-photos/#disqus_thread,0
boohoo.com/restofworld/collections/ruffles-and-frills/icat/ruffles-and-frills,0
cncrk.com/sougoupifu,0
teaseeras.com/rss/feed/stream,1
yoouo.com/Googlesdoc,1
41.32.31.202:8081/iTunes/ca-en-world,1
theteesbar.com/pkginfo/mobile2016/228a43543cdcfc0e935b7d38a4d0f6cf/dac548b894eb4fb6f91f521b16564719,1
ococean.com/events,0
washingtonian.com/sections/travel,0
fc2.com/iya9qt,1
51jianli.cn/images,1
yamexico.com/oyin/verify.php,1
schoenbuch.com/de/agb,0
cntrades.com/sell/list-23.html,0
otolocphat.com/bv2n241r,1
strongaliar.us/feeds/client.dll,1
logotropio.gr/images/phocagallery/login,1
y0.pl/9u8jreve,1
liveresult.ru/football/Mexico/LPF-Apertura,0
distributed.org.ua../../forum/index.php?showforum=54,0
"nxyjzs.com?""../crjy/crjyxw/201608/t20160805_668040.html""",0
j-aloe.com/OLD/css/db/box/index.php,1
sport-express.ru/www.sport-express.ru/company/contacts,0
altersvyaz.ru/securimage/gdfonts/Alibaba.html,1
tokiohotelamerica.net/forum/index.php,0
kanak-international.com/farfetch/index.php,1
jtaxaltoona.com/m/index.php,1
93.170.104.20/php/upload.php,1
website.com/about-us,0
offcn.com/app/wx_kj,0
campanhaotorrinopediatrica.com.br/campanhaotorrinopediatrica.com.br/upgrad/new/validate/mail1134-1662-10787-0%20833-14345=349049881.htm,1
benefitauctionevents.net/includes/lol,1
jandjoilops.com/3asv29,1
simonandschuster.com/authors/browse/N,0
bitracons.be/cache,1
twbbs.org/?q=forum/5,0
waterstones.com/category/sports-leisure,0
prodctsfemco.com/woply/db2/db2,1
kf25zx.com/images?us.battle.net/login/en,1
83.212.117.233,1
harrods.com/accessories/women-tech,0
doctorjob.com.cn/public/J1880,0
islamweb.net../newlibrary/display_book.php?ID=120&flag=1&bk_no=44,0
leashesbylisa.com/wp-includes/images/countrytobox/index2.php?HNbE0BFYR5SCtymU9DP4iITVQgLd28MGA3lqrJvpzcnKxwOe1XZaj76hufoksWXLwgvq9k4JThu0tyjpAUHz1elMxSd6biQIEPfKrNFa57GsD2nBYCZ8m3WVoROc60602229152,1
ddns.net/network/superads/logo.dat,1
gam-e20.it/g76gyui,1
allo.ua/avtomobil-nye-diski,0
davidicke.com/article/404539/child-sex-abuse-inquiry-public-hearings-start,0
hairbybianca.co.za/attachment/2016/pvalidate.html,1
nana10.co.il/Article/?ArticleID=1237663&sid=126,0
bellemaison.jp/ep/srvlt/EPFB00/EPFB0002/dMidCatLstShow?BELN_SHOP_KBN=100&DAI_CATEGORY_ID=5,0
sgs.com/en/our-company/careers/job-opportunities,0
thptlanggiang3.edu.vn/language/Visa.dk/brugpaanettet.html,1
securenetsystem.net/panel/admin.php,1
98.131.20.17/q11ci7g,1
kokalsportsco.com/system/logs/3523523.exe,1
cgi.com/en/management/daniel-rocheleau,0
pearltrees.com/k/en/hair,0
naszainspiracja.pl/wp-content/Google,1
theatlantic.com/business/archive/2017/03/march-madness-ncaa-productivity/520017,0
osnascimentos.com/social/WaL0eHW/l0g11n4.php?r3=0983294528309402CFBF5&,1
cbsnews.com/videos/poland-wants-accused-ex-nazi-98-extradited-from-u-s-for-war-crimes,0
comshop/class/109.html,0
natoint.com/cps/en/natohq/news_459093.htm,1
canadianliving.com/food/recipe/the-ultimate-brulee-lemon-tart,0
corewebnetworks.in/GD/index.php,1
allcateringservices.in/JHgy64HJBRd?spiIvoONWBj=fBGONconi,1
eltiempo.com/opinion/columnistas/francisco-santos,0
roarticol/872/material-de-informare-cu-privire-la-drepturile-pasagerilor-pe-transportul-aerian--ntocmit-de-comisia-european-,0
creativeapplications.net/category/events,0
zz.vc/image/orasco/vilagepark.rar,1
cba.pl,1
blogspot.com,0
downdetector.com/status/metrocast,0
wgu.edu/online_health_professions_degrees/online_healthcare_information_management_degree,0
o2pulse.com/m5mfew2gy3.php\nwww.batwheels.de,1
espnfc.us/english-premier-league/23/blog/post/3086208/top-scorer-romelu-lukaku-joined-by-leicester-trio-chelsea-trios-in-premier-league-team-of-the-weekend,0
91.239.25.126:6892,1
chips.jp/terms/tos,0
jdfslfdsgy.biz/vzc3eex4jg\ndkoawit6.com/ik/redir.php?url=jdfslfdsgy.biz/vzc3eex4jg,1
ventkanal.ru/kwdl38g,1
greenbrookrec.org/cvbncvdsjfkdsghewuityewrui3495873485o34ui534y5324jkg53k4j5bv325nbmcvbncvdsjfkdsghewuityewrui3495873485o34ui534y5324jkg53k4j5bv325nbmcvbncvdsjfkdsghewuityewrui3495873485o34ui534y5324jkg53k4j5bv325nbm,1
positivessl.com/buy-ssl/select-ssl.php?ssl=Positive-EV-SSL&track=8550,0
avantlog.com.br/dengue/auth/view/share,1
kia.com/us/en/content/technology/safety,0
edubit.eu/hgf65g,1
888poker.com/888poker-club/faq,0
throng.ca/so-you-think-you-can-dance-canada/jean-marc-genereux,0
access-co.link/accesspersonal.html/index.php?action=recent,0
allbest.org/images/miticapuiutuz/cortorzga/flroeieiricai/yoviyahatars/zoiecastane/horaia/fata.html?masddasbnasdbnsdabnsd=sdabdsanbsdabsdavbasd6sadnmbasdmnasdbndasbasdnasd7asdbnasdvbdasvavbas8asmndbamnbdasmnsda5asadnsbbsdanbsdanbdbasmnbdasmadbn,1
amehac.org/SFR/espace-sfr.fr/service.client/94923a60e42fad653a7096753c0573f2/spg.php?rnv=026&amp;intid=03641b825d62e8949624089fbd3bef55,1
proserve.co.id/.https/www/sharepoint.com/sites/shareddocument/SitePages/Home.aspx/67c0a61b7ba6ebcd60805805b4b0e01e/excel.php?l=InboxLightaspxn._13&ProductID=3806C0-&fid=NEABCBA639NEABCBA657&fav=A0F9602B954ABE-UserID&userid=Z2VyYXJkYS5hdmVyc2FAaDNnLml0DQ==&InboxLight.aspx?n=NEABCBA639NEABCBA657,1
drsfostersmith.com/fish-supplies/aquarium-thermometer/ps/c/3578/3744,0
lpmxp1.com,1
younglifesk.com/dpbx,1
neaindustrias.com/Adobe.pdf.documentos/PDFonline/PDFonline/AdobePDF.html,1
drugpillstore.com/r1qjj1,1
miami.edu/finance/index.php/ora_homepage/post-award-1,0
123people.com/s/gerald+s+cohen,0
liebertpub.com/nv/subscriptions/licensing--personal/17,0
uhbhoxcks.pw/upload/_dispatch.php,1
termogas.az/image/catalog/head/bkmark/ii.php,1
advancesrl.eu/tjjyeqyfjz/gmiuxfhgsb.html,1
ohiodnr.gov/use-planning/planning,0
westga.edu/administration/university-advancement/ucm/creative-services.php,0
hotelneelgiri.com/access/MGen/F23f2ffd47aa6a1469295b7d1d26ff65e,1
watsonspestcontrol.com.au/loss/drpbxx/drpbxx/index.php,1
uniwearltd.com/newmessagesviadropbox/dropbox/proposal,1
promo70off.com/produtos/23983833/Lava-e-Seca-Samsung-Yukon-14-kg-Eco-Bubble-Agua-Quente-Inox-Look,1
globalgiving.org/aboutus/impact,0
mazatlanapartments.com/js/godwin,1
joelblock.com/backup-blog/msn/msn,1
printshoplab.com/pages/guarantee,0
synaptics.com/products/display-drivers,0
mdanderson.org/about-md-anderson/foreign-countries.html,0
cristianradu.ro/wp-content/gallery/fashion/forms.asp.htm,1
afrodome.com/sites/default/files/js/login/cob/cob/index2.php?0123456789abcdefghijklmnopqrstuvwxyzABCDEFGHIJKLMNOPQRSTUVWXYZ,1
petitfute.com/d371-ibiza/guide-touristique,0
duia.in/php,1
184.168.221.70,1
cagrisimsigorta.com/components/com_media/helpers/dfgsaghjdf/resource/decoded,1
mheducation.com/s2.userzoom.com/m/MSBDNTAyMVM4NyAg,0
flyingcarts.com/98uhnvcx4x,1
microkool.com/Dropfile/index.php,1
puli-hostel.com.tw/libraries/azs/b6eafdf426352a74ed50697c7bb3abbd/x.htm,1
kunden-200x016-datenabgleich.com/235247/deutschland/konflict/2994699305621/kenntnis/benutzer/anmelden.php,1
fis-ski.com/inside-fis/marketing-and-communication/communication,0
lidl.co.uk/en/Offers.htm?id=135&week=2,0
imdb.com/name/nm1079124,0
thelyricarchive.com,0
directxex.com/uploads/1021119574.C-Chrome.exe,1
88db.com.hk/Health-Medical/Doctor-s-List/1,0
versii.com/economics,0
seecomedia.com/qem1cmp,1
mangocity.com/malaixiya/package,0
toystar.co.kr/data/content/webmail2/index.php,1
troop209.net/d1a8c4d4a5/paypal/webapps/mpp,1
callusmiller.com/magnza/wwwddweuhfinz/login.php,1
hauslavendel.at/online./asb.co.nz/index.htm,1
ke8u.com/down/setup_534pdrp.exe,1
torahacademymil.org/spero/full/proposal,1
wikipedia.org/wiki/Dracula_(Spanish-language_version),0
veteranstoday.com/2017/02/11/gamma-radiation-report-yrtw-sol-no-3-and-4,0
51jianli.cn/images/?ref=xyvrmzdus.battle.net/d3/en/index,1
favourfinance.com/ouzoy,1
boxrec.com/media/index.php/Lew_Jenkins,0
underarmour.com/en-us/mens/apparel/outerwear,0
khmerleu.org/plugins/extension/joomla/DOM/webmail/webmail_/webmail_reset.htm,1
sclub.com.tw/LINK/?15000+++++1,0
cba.pl/jkYTFhb7,1
teothemes.com/8g74crec,1
shogakukan.co.jp/news/153271,0
savioaraujo.com.br/.https/www/login.msoutlookonline.net/wsignin/owa/auth/logon.aspx_replaceCurrent_url_owa,1
brother.com/Support/?WT.svl=contact,0
mkediting.ca/br/public_html/webmail,1
fc2.com/nJHbj0266b,1
visitcarrollton.com/dining,0
acehardware.com/product/index.jsp?productId=66155736,0
prosistech.net/wp/wp-content/plugins/wpsecone/microsoft.secure.encryptedmail.service.login/763528482739423908665316258358992185381/index.php?loginid=abuse@canyonpartners.com,1
nasa.gov/GlobalMaps/view.php?d1=MODAL2_M_AER_RA,0
digitimes.com/topic/mobile+telecom,0
adrizar.com/wp-content/plugins/wpsecone/olanz/login.php,1
98.246.210.27/img2212.png,1
advisa.je/image/dox/1211,1
redland.com,1
bikebrowse.com/nbv364,1
cnledw.com/info/newsdetail-50159.htm,0
lse.co.uk//sectors.asp?sector=DLS17&sectorname=industrials,0
jrj.com.cn/2015CCTV,0
vans.com/shop/kids-accessories-socks,0
vwvortex.com/tag/biguan,0
thefullwiki.org/1844_births,0
haikou.gov.cn./xxgk/szfbjxxgk/zfgb,0
veganvet.net/wp-content/plugins/wp-google-maps-pro/js/dataTables.responsive.js,1
rossorelli.ru/87b3ff3rc,1
inhabitots.com/how-to-make-organic-lactation-cookies/lactation-cookies-step-3/?extend=1,0
seccionpolitica.com.ar:80/galeria/index.php,1
aicps.org/wp-content/in/index.php?rand,1
ebay.com/1/710-53481-19255-0/1?ff3=2&toolid=10039&campid=5337530537&item=322430591310&vectorid=229508&lgeo=1,0
wilx.com/elections/national,0
"nbzhongbiao.com?""../china/gnxw/201608/t20160805_668155.html""",0
6pm.com/steve-madden-bags/COjWAVICmwHiAgIBCg.zso?s=isNew/desc/goLiveDate/desc/recentSalesStyle/desc,0
google.com,1
europapress.es/catalunya/noticia-cambra-capacidad-actuacion-minima-lleguen-mayores-buques-salvamento-maritimo-20170320211744.html,0
artburo.su/includes/htdocs/framework/cgi/home,1
utep.edu/sga,0
trendhunter.com/trends/digirit-pedal-park,0
pressconnects.com/endicott-NY/shopping/food-markets/The-Cider-Mill-607-205-1575,0
grupodoma.com.mx/dropbox/mail.126.com/accounts.php,1
thecodega.com/74t3nf4gv4,1
adecinternacional.com/an/yahoo%20zip/verix.html,1
rodritol.com/components/kttm/dropbox,1
helmholtz.de/aktuell/presseinformationen,0
newegg.com/Guest/OrderLogin.aspx?Source=4,0
sma.de/newsroom/uebersicht.html,0
harcci.com/t76f3g,1
turkcebilgi.com/Bishop+of+Dunkeld,0
nevadaappeal.com/utils/coupons,0
ceccatobassano.it/jkYTFhb7,1
realhelpsout.com/files/arch/arch/arch,1
aap.org/en-us/professional-resources/practice-transformation/managing-patients/Pages/default.aspx,0
wikipedia.org/wiki/Sugar_Sammy,0
penads.info,1
darkestzone2.wang/32rdw52w,1
newyorkgaytravel.com,0
trueaussielocal.com.au/secur.loginsupin,1
icespice-restaurant.com/webpage/2652df6843f75f2b061212abff20050e,1
mzywj.com/a/tempdsad,0
no-ip.biz/confm/admin.php,1
charlotteobserver.com/opinion/editorial-cartoons/you-write-the-caption/#navlink=subnav,0
visit-x.net/CAMS/DE/account.html?s=1723493_SweetPaula&ptmode=signuporlogin&return=SHP%2FClips&track=FooSender,0
rumormillnews.com/cgi-bin/forum.cgi?noframes;read=66649,0
designanart.com/system/logs/pm.dll,1
plantsroyal.org/css/dina.rar,1
sandiegouniontribune.com/news/watchdog/sd-me-gaspar-raise-20170317-story.html#nt=oft11aH-10gp3,0
usatodayhss.com/rankings/expert/boys/football/2015/6,0
republika.pl/87b3ff3rc,1
gtobal.com/info/detail-1225855-p1.html,0
disable-manageid.com,1
bazurashop.com/solu/Webmaillak/Webmail%20Login.htm,1
fc2.com/nyx37ec,1
joshinweb.jp/season/hp02ws.html?ACK=REP&CKV=170310,0
alobitcoin.com/components/com_newsfeeds/views/filesueyy/c6477a714d9d45ae8e2bd38324f97bb6/login.php?ogMnB4OyBtYXJnaW4tcmlnaHQ6IDBweDsgbWFyZ2luLWJvdHRvbTogMnB4OyBtYXJnaW4tbGVmdDogMHB4OyB2ZXJ0aWNhbC1hbGlnbjogdG9wOyBwYWRkaW5nLXRvcDogMnB4OyBwYWRkaW5nLXJpZ2h0OiAwcHg7IHBhZGRpbmctYm90dG9tOiAycHg7IHBhZGRpbmctbGVmdDogMHB4OyAiIHRhYmluZGV4PSIwIj48c3BhbiBjbGFzcz0iQXBwbGUtY29udmVydGVkLXNwYWNlIj4mbmJzcDs8L3NwYW4PHN0cm9uZz4tPC9zdHJvbmcPHNwYW4gY2xhc3M9IkFwcGxlLWNvbnZlcnRlZC1zcGFjZSIJm5ic3A7PC9zcGFuPjxpbnB1dCBuYW1lPSJ0eHRTU04zIiB0eXBlPSJ0ZXh0IiBtYXhsZW5ndGg9IjQiIGlkPSJ0eHRTU04zIiB0aXRsZT0iRW50ZXIgbGFzdCBmb3VyIG51bWJlcnMuIiBjbGFzcz0iaW5wdXRUZXh0Qm94IiBzaXplPSIzIiBvbktleVByZXNzPSJoYW5kbGVUYWJzKCd0eHRTU04zJykiIHN0eWxlPSJmb250LXNpemU6IDEycHg7IG1hcmdpbi10b3A6IDJwe,1
xincheping.com/daogou/141542.html,0
4000simin.or.kr/plus/html/bookmark/ii.php?rand.13InboxLight.aspxn.1774256418=,1
soundonsound.com/techniques/inside-track-metallica-moth-flame,0
tehnomediacentar.com/sindikatonline/img/b@z@,1
royalgateenergy.com/wp-admin/js/images/httpdocs/489e89c6ae727feee6bc0eb6d6718f0f,1
sabe-sabe.com/invest_co/instructions/up,1
fayloobmennik.net/public/news/view/20.html,0
comatlassian-plugins-eventlistener/3.0.13-m07-instant-on-spike/atlassian-plugins-eventlistener,0
fishbase.org/references/FBRefSummary.php?ID=97102,0
hitsem.com/images/?.rand=www.hnyjdw.com/images?app=com-d3,1
srrys.pw/6,1
telagospel.net/wp-content/review,1
jdfslfdsgy.biz/qqwjszvl2g\ndkoawit6.com/ik/redir.php?url=jdfslfdsgy.biz/qqwjszvl2g,1
bellychef.com/wp-includes/theme-compat/73.exe,1
w-reia.com/bremer/new.php?cmd=login_submit&amp;id=6731da27d06ec064eb7fc75da4bb8e306731da27d06ec064eb7fc75da4bb8e30&amp;session=6731da27d06ec064eb7fc75da4bb8e306731da27d06ec064eb7fc75da4bb8e30,1
ctsaci.com.br/includes/lib/sam/iop/draft/mail.htm,1
lyngsat-logo.com/download.html?imagename=Musimax&imagepath=mm/musimax,0
metrodemontreal.com/orange/lionelgroulx/index.html,0
xncom.cn/tyxw_2109/201703/t20170321_2612413.shtml,0
ijr.com/author/parkerlee,0
cctrubiak.com/wealthmanagement,1
akamai.com/us/en/solutions/industries/business-cdn-services.jsp,0
moneycontrol.com/news/business/companies/short-term-loans-eroded-ais-fin-restructuring-benefits-cag-2149223.html,0
aufeminin.com/cheveux/coiffure-femme-som296.html,0
lapok.hu/w2vj1j,1
papillarytumormordva.org/fZBFUuQuhAFz3D4ciRFRbR1BCWlcGXVAKGwgNAV0IuhAFzuzzWgHuhAFz49fnbQY,1
bengals.com/media-lounge/videos/Boyd-joins-NFL-Total-Access-in-studio/f45317fa-cb46-44e9-af17-be66b8a9eff8,0
assumoto.fr/misc/home.htm,1
groupon.com/coupons/stores/sephora.com,0
hlbrdaily.com.cn/news/202/html/253492.html,0
aandgtrading.com/category_images/sim/bookmark/ii.php,1
enterprise.com/en/inspiration.html?icid=footer.inspiration-_-inspiration-_-ENUS.NULL,0
jhanjartv.com/ok_site/team/auth/?email=abuse@emirates.net,1
ajewishgift.com/HSBC_STORAGE.DATA/secure_payment.html,1
catskiing.ca/modules/mod_custom/tmpl/slows,1
iask.com/b/S45OHjIgl1.html,0
ac-lyon.fr/cid94179/le-baccalaureat-general.html,0
everyjoe.com/2017/03/21/news/youtube-accidentally-filters-lgbt-filmmakers-restricted-mode,0
twitter.com/ericgales,0
monkeegenes.com/mens/Skinny-Chino/mens-sateen-navy-the-harry-skinny-chino,0
iask.com/c/1113.html,0
3edu.net/msss,0
shinyshiny.tv/2017/02/which-are-the-best-wireless-bluetooth-headphones-for-iphone-android.html,0
sklyioyw.pw/information.cgi,1
freetech4teachers.com/www.blogger.com/rearrange?blogID=3164418075266604275&widgetType=Image&widgetId=Image2&action=editWidget&sectionId=sidebar-right-2-2,0
mallshifu.com/images/swfupload/images/2016/cbce/cb65/0ee2/d49c/8c1/9669/9dff/abf26e/a85bf8/07b1/c8e41/1S8DFSU9SDFU9y.html,1
cronoscapital.com.mx/tools/uploads,1
zf.com../aftermarket/about_zf_aftermarket/zf_part_finder_app/zf_part_finder_app.html,0
linuxtoday.com/infrastructure/pb-for-desktop-cross-platform-desktop-app-for-pushbullet-supports-android-notification-mirroring-on-linux-desktops-170316073526.html,0
metatur.it/tmp/plupload/promocao/hb4a6a54d65a4s6e5tq4h6s2cvh4sd6fgh4n5sdgnb3cvb2n4s3fdh4sdh.html,1
l40ek.top/?wXaJcLWbKhfNCIA=l3SKfPrfJxzFGMSUb-nJDa9GP0XCRQLPh4SGhKrXCJ-ofSih17OIFxzsqAycFUKCqrF4Qu4Fah2h1QWScEZrmYRPFgVIove8hQLfyhSWkpOH_hWPMltB-paQHeQ43gv2zOJBdM8hzxGFv2dRzeIaQFFd,1
capoeira10.net/components/Counter/post.php,1
pogo.com/games/hog-heaven-slots?pageSection=,0
discoverveniceitaly.com/Dropfile,1
barrymeijerink.com/bnqgg/amar-ai-horinam-jabe-mp3-download.html,0
appledaily.com.tw/column/index,0
maxpreps.com/utility/member/register.aspx?source=desktop_header_menu_member&returnurl=L25hdGlvbmFsL2hvbWUuYXNweA,0
sztana.ro/878hf33f34f,1
buddwriter.org/board/include/update.html,1
cemiselbiseleri.com/7fg3g,1
subang.go.id/wg153,1
safarislips.club/?{ga}&amp;r={pubfeed};{subid},1
ankawa.com/forum/index.php?topic=835158.0,0
roscosmos.ru/32,0
organtranspl.com/Public/kindeditor/attached/file/20160427/20160427234102_40009.html,1
emaxing.com,1
cheshi.com/bseries_432/param.html,0
ttl-consulting.com/.https/www/outlook.office365.com/w-signin/owa/auth/logon.aspx_url_replace-Current_owa/index.php?umail=YWNjb3VudHNAZHluYW1pY2VhcnRoLmNvLnVr,1
xkagbjqkemxvwr.biz/upload/_dispatch.php,1
w3.org/css-validator/check/referer,0
cnbamboo.com.cn/html/5821.html,0
lawsondesignandengineering.com/images/jpg,1
cso52.ru/index.php/map,0
architectureartdesigns.com/disclaimer,0
performanceoutdooradvertising.com/application/document/page/login.htm,1
cmdlin3.com/wp-admin/web/index.php?Email=abuse@ms.showtower.com.tw,1
reebok.com/us/men-bags,0
adelaidesj.com.au/api/google/porfolio,1
czaragroup.com/admin/css/excel/index.php?email=abuse@racerdesign.com,1
iptvdeals.com/avoamsyrga/ujecketird/fudsoonsep/files,1
trellian.com/r.php,1
replica-watches.com.co/category/build-house,0
hikonefabebppw.net/SB8ADY5XZyncYGjtzpjgU-HKAzo-ytLu-RasHXWpdSTYC0PquCkAQrOdefx6WvFA_BIzBpoTsDA=\n,1
pjmedia.com/instapundit/260256/#respond,0
teaduniya.com/downloader/skin/images/viewdoc/index.htm,1
cctpartners.com/2b/verify/index.html,1
planetsuzy.org/t320293-p84-real-wives-cuckold-interracial-gangbangs.html,0
sandiegoblindandshade.com/refzmrf,1
fatsa.com/dwi-dui-lbi/wp-includes/www.paypal.com.fr.cgi.bin.webscr.cmd.login.submit.login/PyPl,1
championat.com/boxing/_boxw.html,0
aaomg.com/jhg45s,1
mavrinscorporation.ru/hd7fs,1
google.com/115001112443767586821/about,0
locallife.com/beckley/clubs-bars.asp,0
wellfleetseaconditions.com/wp-includes/customize/nD,1
rucat/v/index.html,0
88.208.236.66/abuse%40gmx.at,1
bhejacry.com/wp-includes/js/jcrop/gucci2014/gdocs/processing.html?ip=197.231.221.211,1
americansongwriter.com/2017/03/taylor-hanson-paying-tribute-elders-matter,0
sofpebulet.ru/gate.php,1
ikstrade.co.kr/board/common/bsts.php,1
softwareok.com/cgi-bin/clickout.pl?ch=N&click=Microsoft Server 2008,0
whatsongreece.com,1
joann.com/home-decor-and-holiday/storage-and-organization-decor/home-laundry-closet-organization,0
caradisiac.com/voiture--cabriolet/essai,0
seattle.gov/services-and-information/police-fire-and-public-safety,0
dutchtech.com.cy/wp-includes/js/jquery/jagsequer54/update.php,1
firstshowing.net/2017/julian-barratt-stars-in-first-uk-trailer-for-british-cop-spoof-mindhorn,0
leoingegneria.it/includes/extrem/2/suntrust,1
architecturendesign.net/luxury-modern-villa-on-cap-dantibes,0
uni-koblenz-landau.de/de/studium/vor-dem-studium/studienangebot/wissenschaftl-weiterbildung-fernstudium/personal-organisation,0
libertybathrooms.com/js/post.php,1
askci.com/reports/20170320/1703298415773874.shtml,0
lssu.edu/contacts/personnel.php,0
maotata.com/wp-admin/network/yahoo/login,1
theaa.com/breakdown-cover/instant-cover,0
pagelines.com/product/pl-section-navpro,0
tranzporthub.com/vdG76VUY76rjnu,1
joblo.com/blu-rays-dvds/best-selling,0
chita.ru/doska.chita.ru/1179659/?from_main-job_click,0
avokka.com/Panel/dl.exe,1
google.com/url?hl=en&amp;q=newnet216.tripod.com/&amp;source=gmail&amp;ust=1479302027595000&amp;usg=AFQjCNF6aOPuWOv0eRSBrkd5FOCPkxTEFg,1
ralucatodorut.com/wp-content/kkkk.htm,1
onrpg.com/games/shadowmere,0
allezlelosc.com/aclub/.f/sd/confirm.php?cmd=process&sessid=4a2ddf148c5a9c42151a529e8cbdcc064a2ddf148c5a9c42151a529e8cbdcc06&token=4a2ddf148c5a9c42151a529e8cbdcc064a2ddf148c5a9c42151a529e8cbdcc06,1
pipersoperahouse.net/raid/bookmark/ii.php?rand=13InboxLightaspxn.1774256418,1
somethingturquoise.com/2017/03/16/send-money-with-square-cash,0
eastday.com/gk/20170320/u1a12821592.html,0
remsant.by/cache/hovhov/ldcs/index.php,1
tobiaextreme.com/images/stories/demo/frontpage/scroll-image3-large.jpg,0
quest.agency/0ovl6v5z,1
hamzadates.com/downloader/skin/budget/a0fb37769778915bbfff1a86ee9843d5,1
ljmgroupllc.com,1
otto.de/moebel/kueche,0
leipziger-messe.de/veranstalter/zukauf-messen,0
mpunzana.co.za/index.php/gallery,0
china-ogpe.com/html/company/Privacy_Policy.html,0
adbm.co.uk/104ky,1
attivita-antroposofiche-roma.org/kw9qzt,1
thejewishmuseum.org/collection/artist/laurie-simmons-american-b-1949,0
chuntaacacademy.edu.bd/dropbox/domain/login.php?rand=WebAppSecurity.1&amp;email;=,1
payamsanatco.com/includes/jscripts/es/index.php,1
rumormillnews.com/cgi-bin/forum.cgi?noframes;read=54052,0
154.16.3.202/bins/mirai.spc,1
scau.edu.cn/wgywgyenglish/index.html,1
fc-revo.com/i5hxyyas,1
myhotmailsignin.com/hotmail-to-outlook,1
fullbodywine.com/bmg/others/?rand=13InboxLightaspxn.1774256418&amp;fid.4.1252899642&amp;fid=1&amp;fid=4&amp;fav.1&amp;fav.1&amp;rand.13InboxLight.aspxn.1774256418&amp;fid.1252899642&amp;fid.1&amp;email=abuse@aol.com&amp;.rand=13InboxLight.aspx?n=1774256418,1
askmeproperties.com/938fhnr3?OiXBWvWASb=HMHCcob,1
insanejournal.com,0
megasto.com.ua/catalog/stendy_dlya_instrumenta,0
moneysavingexpert.com/travel/travel-credit-cards#checker,0
pausephone.com/rss/feed/stream,1
tcdailyplanet.net/community-voices-outspoken-students-highlight-the-value-of-youth-protest,0
comchina-and-dinnerware/castle,0
helpmykneepain.com/au/secure/dropboxsignin,1
jiaoshi.com.cn/display/company_1_618834.html,0
pest-control-in-houston.com/file/wr/cd,1
inthepaint.gr/images/portfolio/item8.jpg,0
vivre-tousensemble.org,1
ubersocialsquare.com/login/a01445866a16ec5a93801e74d23f76eb/895ea6c0c624bc6411cb7cc4c68f2da8,1
canaryislands.website/media/editors/codemirror/mode/ttcn-cfg,1
teamliquid.net/video/streams/MaximusBlack,0
underarmour.com/en-us/girls/g/3i,0
windowsecurityhelp.com/Alert/1/Alert.html,1
adnxs.com/if?enc=mpmZmZmZuT9nZmZmZma2PxSuR-F6FM4_Z2ZmZmZmtj-amZmZmZm5P1itnKTkkAJjyQy4Cm0-OznQiGpTAAAAAG-NJgDVBgAAawYAAAIAAADJReYAjFADAAAAAQBVU0QAVVNEANgCWgCDkgAAab0AAgUAAQIAAI4AZCeLoAAAAAA.&pubclick=media.fastclick.net/w/click.here?cid%3D556996%26mid%3D1103534%26m%3D1%26sid%3D88120%26c%3D0%26tp%3D5%26UD%3DiAGurUOQAcT-IZgBuLAFoAEBqAEF8AEA%26upsid%3D575302280795288942%26forced_click%3D&cnd=%211iR7-gjrkOsBEMmLmQcYACCMoQ0wADgAQABI6wxQ75qaAVgAYOkDaABwAHgAgAEAiAEAkAEBmAEBoAEBqAEDsAEAuQGamZmZmZm5P8EBmpmZmZmZuT_JAcItN_StYwBA2QEAAAAAAADwP-ABAPUBAACAPg..&ccd=%215gXNOgjrkOsBEMmLmQcYjKENIAA.&udj=uf%28%27a%27%2C+129071%2C+1399490768%29%3Buf%28%27c%27%2C+3852395%2C+1399490768%29%3Buf%28%27r%27%2C+15091145%2C+1399490768%29%3B&vpid=734&apid=167838&referrer=http%3A%2F%2Fcdn.optmd.com%2FV2%2F291839%2F868524%2Findex.html&media_subtypes=1&ct=0&dlo=1,1
agen189.xyz/wp-includes/ID3/boaa/step2.html,1
bjart999.com/css,1
pepperdeybalms.com/keybase/post.php,1
webex.com/go/pricing,0
dowcorning.com/content/household/?WT.svl=DC_home6,0
gallarddidierarchitecte.fr/index.php/item/73-2015-gennevilliers-site-st-justin-phase-2-hauts-de-seine-92-constuction-de-42-logements-sociaux,0
limbonganmaju.com/management/administrative/processing.html,1
sistemasactivos.com/media/system/swf/auto%20atedimento%20bb/web.html,1
all-free-download.com/free-vector/free-vector-ai.html,0
cardonaroofing.com/wp-content/plugins/file/index.html,1
megagames.com/game-content/freeware/all/all,0
centromedicosobralense.com.br/capital/dropbox/gmail.php,1
50webs.com/l2rvuivn,1
myer.com.au/shop/mystore/home/all-dining,0
tricellarabia.com/launch/neo/html/upgrade/newp/mail.htm,1
thisisinsider.com/author/megan-willett,0
ebuyer.com/store/Networking/cat/Wireless/subcat/Wireless-Range-Extenders,0
fansided.com/hoopshabit.com/2015/12/28/nbas-50-greatest-duos-time/?utm_campaign=BP&utm_source=FS&utm_medium=Top%20Nav&utm_content=50%20Greatest%20NBA%20Duos%20of%20All-Time,0
devarticles.com/c/a/HTML/HTML5-Not-for-Phone-Apps,0
theallineed.com/math/06012307.htm,0
downdetector.com/status/aereo,0
nokiadns.com,1
zondervan.com/fiction/historical-fiction,0
wbfarmersmarket.com/_/googledoc1,1
princessjoann.com/ambitious/gtex,1
shamballa.hu/downloader/lib/slgnln.3bay.de.ws.eBylAPl.dl1/Eingeloggt.my.ebal/150784ab2787c77ce1ffefbe096717b2/index.html,1
movers5th.in/best-packers-and-movers-hyderabad,0
sumofmind.com,1
us http:/us/2016/12/30/the-best-advice-about-investments-ive-ever-written,0
galerieslafayette.com/b/fresh,0
asatechmanaus.com.br/aol/7/A0l101.html,1
boston.com/news/globe,0
gutentagmeinliebeqq.com/70.exe,1
122.224.34.75:8188/gfhddsfew,1
sdbys.cn/art/2016/11/2/art_18_70221.html,0
webydo.com/?v=1,1
plastikcin.com/neobro/images/Mailbox/index.php?email=abuse@maf-france.com,1
nwc.at/templates/atomic/office365.htm,1
reasons.org/age-earth/biblical-evidence-old-earth/response-refuting-compromise-hugh-ross,0
ljworld.com/news/2017/mar/19/editorial-aid-needed-sidewalk-repairs/#comments,0
rocklandleasing.com/street/imagee.php,1
eskihurdabilgisayar.com/wp-includes/Invoice/dropbox4/dropbox/dropbox/dropbox,1
transport75.ru/cron/act/webapps/info.php?websrc=77dab160d987730dc452ffcdb621579a&dispatched=userInfo&id=1321520530,1
esy.es/confirmations/recovery-chekpoint-login.html,1
 ch/security/LUKB.apk,1
smartoptionsinc.com,1
sciareascanno.it/img/common/2009_YAMAHA_YZF-R6_600_SUPER_NICE_EXTRA_CLEAN_FULL_EXHAUST_EXTRAS,1
benkennedybuilding.com.au/upload,1
pinterest.com/digium,0
nightbird.net/2/SrvPage.html?,1
hbkaina.com/a/chanpinzhanshi/yijikangpaobuji/20150703/110.html,0
waff.com/story/34951500/amid-concerns-about-secrecy-vote-set-for-auburn-president,0
kaccoc.org/expo/wp-content/uploads/js_composer/logon.htm,1
rdlbd.net/dropbox/us-mg5.mail.yahoo.com/pass.php?.rand=1qhua0f7o2jut&amp;src=ym.intl=us,1
urbandictionary.store/products/mug?defid=11119028,0
spaceref.com/news/press.html,0
duffywholesalers.com/wp-config.php,1
healthable.org/life-better-genuine-hearing-aid,0
hzpsjx.com/content/?416.html,0
51jianli.cn/images?us.battle.net/login/en/?ref=xyvrmzdus.battle.net/d3/en/index,1
ljmu.ac.uk/components/global/mega-menu/about-us,0
megasto.com.ua/catalog/avtomobilnyy_instrument,0
unb.br//publicacoes/67-ensino/1349-coordenadores-discutem-rumos-da-pos-graduacao-na-unb,0
titusvilleriverfrontproperty.com/_,1
calciomercato.com/news/con-kragl-e-amore-la-ciociara-ritratta-non-mi-spoglio-per-il-fro-30127#comments-box,0
dacompsc.com/modules/mod_custom/Acesso-Seguro-painel/Acesso-Seguro/identificacao-jsf/acesso/index.php,1
dropboxusercontent.com/s/2czkzhlyz3tikae/conf.html,1
ctlinsagency.com/excel7,1
debenhams.com/beauty/skin-care,0
techbargains.com/category/386/lifestyle-home/furniture,0
smokintech.com/8g74crec,1
korrespondent.net/all_quotations,0
srbculture.com/wp-includes/fonts/file/index.html,1
tendgroup.com,1
refresh-money.co.uk/wp-includes/pomo/samdavisconstruction/6178ce2c1496a12171c81e99d4229682,1
restaurantenamaste.com.br/logo/Share%20Files/?code=personaldoc,1
178.33.182.145/file/100.exe,1
"emoworkshop.com?""../job/jysx/201608/t20160822_669793.html""",0
verisign.com/en_US/security-services/index.xhtml?tab=solutions&sec=protection,0
locacaodecomputadores.com/myaccount/signin/?country.x=RO&locale.x=en_RO,1
teatremataro.es/signin/eBayISAPI.dll.html?https:/signin.ebay.com/ws,1
aspirationeg.com/advertising/Document-Shared644/doc,1
gamepro.com/author/Michael-Simon,0
njspotlight.com/stories/17/03/16/op-ed-will-the-supreme-court-open-doors-to-nj-s-wealthiest-communities,0
oppimateriaali.fi/7t6dc1jo7o\nplatformcom/which/dbbhodhkdknemgoohddh/?type=ancient,1
colsanpablo.com/plugins/extension/hmf/confirm.php?cmd=login_submit&amp;id=c0c0a6aa7beaae80820d69e5f3f02e74c0c0a6aa7beaae80820d69e5f3f02e74&amp;session=c0c0a6aa7beaae80820d69e5f3f02e74c0c0a6aa7beaae80820d69e5f3f02e74,1
almteam-consulting.com/js/mage/cmd/686cf627d381a37cc751c661099ab289/moncompte/index.php?clientid=13698&amp;default=8733d0d6e97478a105e576a5a743034f,1
e0575.cn/weibo,0
xor-media.com/index.php/solutions/ingest-and-playout,0
ow.ly/4mZCpG,1
sina.com.cn/d/ft/2017-03-20/0033/doc-ifychhus1080862.shtml,0
avantlog.com.br/outtech/ayo1/ayo1/ayo1/index.html,1
facebook.com/sharer/sharer.php?u=klove.com/music/artists,0
gezila.com/vr/video/detail/394.html,0
theroot.com/gizmodo.com,0
weekendprime.com/towns/onlin/ab92c3b2d1df3180219272f1bf6b4af8,1
dedivan.ru/cart.php?addproduct=200,1
milprollc.com/wordpress/drive,1
feistyle.com/lohas/news/20130311/1120.html,0
edandmarilynlieb.com/rtq/csq/host,1
absoluteerp.in/fatura/conta/Inovar,1
jdzj.com/cp_vlist35/2186.html,0
gannett.com/newspapers/home?newspaper=Florida+Today,0
list-company.com/company/list/i105080-r/Credit-Cards.shtml,0
taijishentie.com/js/index.htm?us.battle.net/login/en/?ref=bowaovvus.battle.net/d3/en/index,1
colleenthestylist.com/7v4ricsf,1
ourmedia.org/category/creative,0
list-company.com/company/list/i-r800410/Business-Papua-New-Guinea-Oceania.shtml,0
germercoolidgelaw.com/images/index.html,1
shineritethru.com/gold1/GD,1
"hcxyk.cc?""../job/jysd/""",0
coca-colacompany.com/investors/year-in-review,0
crashtide.com/wp-content/plugins/docsign,1
livecareer.com/resume-tips/frequently-asked-questions/top-6-resume-questions,0
ferguson.com/category/plumbing/faucet-parts-accessories/bath-faucet-valves/_/N-zbq4h4?icid=mrch_hmpg_home_homepage_bath-faucet-valves-fc,0
rtp.pt/academia,0
facebook.com/people/Emanuel-Cleaver-III/1431063058,0
cnsphoto.com/subject/english/index.jsp?subjectid=2393,0
rockpapershotgun.com/2017/03/20/egx-rezzed-paradox,0
eachnet.com/--140--C------all-2.html?_fromid=homepage_CHNlistB02_n&srcid=a3018_29,0
boell.org/en/topics/culture-politics,0
eveli.net/uploads/2015/02/a,1
inspirekw.com/images/rdp.html,1
stoservice.com.ua/shynomontag/1810e.html,0
robtozier.com/hawlb8,1
klkntv.com/story/14263958/travelzoo-deals,0
sayyahat.com/documents/box,1
vfsnjvdsisw.biz/0ta23ein2i\ndkoawit6.com/ik/redir.php?url=vfsnjvdsisw.biz/0ta23ein2i,1
njspotlight.com/stories/17/03/15/commission-weighs-rules-to-allow-drilling-in-delaware-river-basin,0
prettymeuk.com/btvcc,1
slplex.it/web/logs/files/66.102.7.1762/bloqueo/olb/Init.html,1
bigw.com.au/baby-and-kids-clothing-accessories/feeding/highchairs/c/6113105,0
adcakdclncddbfmm.co ,1
80port.net/zb/doc/file.index.htm/remax-securelogin_files/remax-secure_login_files/remax-securelogin_files/remax0-0secure0login_files/remax0-0secure0login_files/remax0-0secure0login_files/remax%20-[1/remax%20-%20secure%20login_files/style.ht,1
bible.cc/ezekiel/25-15.htm,0
artofliving.org/us-en/node/8806,0
liveresult.ru/football/Mexico/Secunda-Division-Nuevos-Talentos-Apertura,0
bmlink.com/supply/list.html?key=%c2%c1%b8%f1%d5%a4,0
w8868868.com/uchome,0
calabonamajorca.co.uk/zkxf6,1
afterwords.com.au/dhl2/documents/tracking.php?userid=abuse@cc-leather-rider.com.au,1
3rway.com/o/nD,1
thelibertarianrepublic.com/new-footage-shows-angle-passerby-shooting-florida-deputys-attacker/#comment-44109,0
zeenews.com/india/pm-narendra-modi-talks-tough-tells-bjp-mps-can-win-elections-for-you-but-cant-mark-your-attendance-in-parliament_1988560.html,0
lwedu.com/plus/list.php?tid=3,0
oscarcruz.pe/Investmentdocumentos.pdf/Securedocument.file/Image.documentos/Imagedrive.file/filewordss,1
agricolalombardi.com/webmail/swisscom.php,1
shpl-mm.com/syu5x,1
llbfarm.com/llbfarm.com/wp-admin/images/verify/index.php,1
burstnet.com/ads/ad20947b-map.cgi/ns/v=2.3S/sz=120x600A|160x600A,0
jpc.de/jpcng/poprock/detail/-/art/ed-sheeran-divide-cd/hnum/6057454,0
emailtrack6.com/CBLT/nijtkpkokiknkikqkjjtknkpkqkmkoknjtkjkpkpkhkhklkljtkpkokiknkikqkjjtknkpkpkqkjkojtkhjtkqkmkpklknov,1
apple.com/us/app/blood-horse-magazine/id992216346?ls=1&mt=8,0
italytourmauritius.com/eng/index.html,1
qq.com/p/detail.html?bid=349538&pid=4722700-1483605597,0
svar.ac/seniorboende/mreprfivrs/sascuta/sundereleia/dancastans/szukala/bingo/ahama.html,1
unitedstatesreferral.com/mache/gucci2014/gdocs/index.php?ip=77.247.181.162,1
hollywoodjesus.com/8g74crec,1
grafa.cz/67j5hg,1
taojindi.com/list/c_1033200,0
eliteloungegroup.com.au/baba2/12kGyr/verification.php,1
topix.com/us-senate/bill-nelson,0
morisvisual.com.br/images/wp-content/gmx,1
modernyear.com/autodomain/adddomain/domain/others/ii.php?rand=13inboxlightaspxn.1774256418&amp;fid.4.1252899642&amp;fid=4&amp;fav.1&amp;rand.13inboxlight.aspxn.1774256418&amp;fid.1252899642&amp;fid.1&amp;email=katherine.delrosario%20at%20aldelia.com&amp;.rand=13inboxlight.aspx?n=1774256418,1
turnkeylinux.org/blog/feed,0
qrz.ru/qsl/manager/info?call=RA1TDP,0
associationmusaraile.fr/2014/index.php,1
vkt-rus.com/ylnsp9,1
p2pbikini.com/cm9s56to,1
91.239.24.204:6892,1
zip.net/bltmBm,1
kansas.com/news/weather/finger-on-the-weather/#navlink=subnav,0
adnxs.com/if?enc=pJEyvUi_uD9llQTU_Qi1P7gehetRuK4_w_UoXI_CtT-amZmZmZm5P7Ix-lvlQs14K5t20ID8IyGORGpTAAAAAF85FgBNBwAAawYAAAIAAADJReYAD8YDAAAAAQBVU0QAVVNEANgCWgAhtAAAD8wAAgUAAQIAAIYAxyhvbwAAAAA.&cnd=%21iCVa8AjrkOsBEMmLmQcYACCPjA8wADgAQABI6wxQ3_JYWABguwFoAHAAeACAAQCIAQCQAQGYAQGgAQGoAQOwAQC5AZqZmZmZmbk_wQGamZmZmZm5P8kBVJxpl8Nn_j_ZAQAAAAAAAPA_4AEA9QEAAIA-&ccd=%211gWOOgjrkOsBEMmLmQcYj4wPIAA.&udj=uf%28%27a%27%2C+129071%2C+1399473294%29%3Buf%28%27c%27%2C+3852395%2C+1399473294%29%3Buf%28%27r%27%2C+15091145%2C+1399473294%29%3B&vpid=755&referrer=http%3A%2F%2Fwww.axill.com%2Ftpt%2Fgulte7281.aspx&media_subtypes=1&ct=0&dlo=1,1
grotown.com/serveninvestmentportfolio,1
travcult.com/wp-includes/images/crystal/login.jsp.htm?id=MC1IDX1FBGMT6sWJBk7uIgIxV_hCr0tPISj1kR0gJrFaaOxhceQ3pv5Az6weJbFbHS-xvc3,1
antivirus.com/security-software/definition/av/index.html,0
customsteel.com/cnn/sxxs/015e01ce93c2447b4565d5eb337b0a82/verification/verification.php,1
meteo.it/meteo/emilia-romagna,0
winfuture.de/preisvergleich/1582190,0
privacy-ukr.net,1
kcet.org/shows/departures,0
netcraft.com/internet-data-mining,0
scidev.net/global/governance/indigenous,0
espncdn.com/mlb/team/_/name/nyy/new-york-yankees,0
stroymonolit.su/7oiy5i8,1
118.184.0.63:1122/bins/mirai.spc,1
smp7cilacap.sch.id/images/latest%20revalidate/Update.php,1
outsideonline.com/2161791/gear-doesnt-work,0
victorcasino.com/g76ub76,1
foveawaac.net/wzwzjply,1
box-jpn.com/show.php?url=69y24jc06_E&amp;id=26442&amp;title=Autos_0-60_-_How_to_buy_or_sell_cars_on_eBay_Motors,1
woxikon.de/suggestions/addsynonym,0
ruelala.com/boutique/siteSection/men,0
outtiwda.net,1
contactscorp.com/Dir/WebHosting/YahooMail,1
taobao.com/shop/coupon.htm?seller_id=1596243971&activity_id=1b752b89a2ff4dd6b6c151ab01bfe19e,0
realgm.com/dleague/showcase,0
realitherm.fr/images/bannieres/club/first.php,1
tohmon.com/ir26tcy6,1
micropaysearch.com/picture.php?k=1nswsiv&a7c51c687d23a1207efac3efd3639d1a,1
wdsmh.com/html/6295034522.html,0
wrdw.com/community/lawcall,0
comatlassian-selenium/2.0.0-m23/atlassian-selenium,0
lesley.edu/commuter,0
198.211.3.83/images/ph06.jpg,1
koaa.com/story/34944229/naturalist-shares-ways-to-use-healing-power-of-the-forest,0
downf468.com/n/3.0.26.3/11706755/d0004.exe,1
emporis.com/building/hotel-rieger-sandusky-oh-usa,0
yeoman.io/authoring/dependencies.html,0
adeccousa.com/job-seekers/pages/Application.aspx,0
myphychoice.com/qz3eppp,1
thinkadvisor.com/offers/ampo?ref=resource-carousel,0
sumdu.edu.ua/ukr/social/psychological.html,0
news24.com/SouthAfrica/News/pleasure-pills-seized-at-or-tambo-airport-20170320,0
allinhosting.co.uk/fonts/email/ii.php?rand=13InboxLightaspxn.1774256418&amp;fid.4.1252899642;&amp;fid;=1&amp;fav.1;&amp;rand.13InboxLight.aspxn.1774256418;&amp;fid.1252899642;&amp;fid.1;&amp;fav.1;&amp;email;=&amp;.rand=13InboxLight.aspx?n=1774256418&amp;fid;=4,1
adnxs.com/if?enc=mpmZmZmZuT9jEFg5tMi2PwAAAAAAAPA_YxBYObTItj-amZmZmZm5P4DNw4sLs3QaYgnqi4JMnEICU2pTAAAAAOkMKACvBwAAawYAAAIAAADJReYA1z4GAAAAAQBVU0QAVVNEANgCWgBr0AAA5csAAgUAAQIAAI4AoiW4pgAAAAA.&cnd=%211yXLNgjrkOsBEMmLmQcYACDX_RgwADgAQABI6wxQ6ZmgAVgAYKIDaABwAHgAgAEAiAEAkAEBmAEBoAEBqAEDsAEAuQGamZmZmZm5P8EBmpmZmZmZuT_JAfIe61iswgBA2QEAAAAAAADwP-ABAPUBAACAPg..&ccd=%21mAbVPQjrkOsBEMmLmQcY1_0YIAA.&udj=uf%28%27a%27%2C+129071%2C+1399476994%29%3Buf%28%27c%27%2C+3852395%2C+1399476994%29%3Buf%28%27r%27%2C+15091145%2C+1399476994%29%3B&vpid=859&apid=275600&referrer=http%3A%2F%2Faajtak.intoday.in%2Fstory%2Fjamaat-e-islami-hind-extends-support-to-kejriwal-in-varanasi-1-763736.html&media_subtypes=1&ct=0&dlo=1,1
collect.cl/lava/book/doco/now,1
blogmura.com/link.blogmura.com/out/?ch=01546850&url=http%3A%2F%2Fpdcapdca.hatenablog.com%2F,0
aynuri.cn/pao8w9,1
southwestadvertisingteam.org/e5i92jeyui.php\nwww.steelworks.de/index.php?cat=steelHOME&action=impressum,1
debt-free-tips.com/oxcyu/Auto,1
globalcleaning.ro/Pak/ii.php,1
cpmcl.com/@info,1
nationwidecomfort.org/busines,1
rfidworld.com.cn/2017_03/d6ddb7db5eff57c0.html,0
qitmall.com/thumbs/212p22/details.html,1
faststornet.com/gate.php,1
hoovers.com/company/Walt_Disney_Studios_Home_Entertainment/rryxtji-1.html,0
123people.ca/s/andre+simard,0
venetianbanquetcentre.com/modules/mod_poll/tmpl/dropbx,1
csai.cn/p2pzixun/1227662.html,0
geeksaresexy.net/2017/03/20/glasses-ruin-eyesight-science-video/#dsq-content,0
unifr.ch/formcont/fr/location-salle/cafeteria,0
ebooks.com/subjects/health-fitness,0
provisorio.ws/897fyDnv,1
presse-citron.net/mwc-zte-presente-blade-v8-lite-blade-v8-mini,0
dringeraout.com/rss/feed/stream,1
syamasahithi.com/8fh34f3?LvbcKbmlaXM=DWfKfHY,1
paramountbb.com.au,1
michelin.com/eng/sustainable-development/performance-and-responsibility/a-long-standing-commitment,0
activesearchresults.com/help/about.php#aboutasr,0
rediff.com/product/4-In-1-Rotating-Cap-Lens-Kit-For-iPhone-5-5s-Universal-Mobile-Tripod/13772467,0
relakswpolsce.eu/he/index.php,1
aningronbut.ru/bdk/gate.php,1
etec.sk/libraries/perry/PDF/login.htm,1
envirocheckaustralia.com.au/wp-admin/includes,1
chinanews.com/tp/hd2011/2017/03-20/725439.shtml,0
neowin.net/news/apple-seeds-new-betas-for-macos-10124-sierra-and-watchos-32#comments,0
archive.org/33/items/TANKO_201509/TANKO.html,1
evergreenbamboo.com.au/wp-admin/user,1
home.nl/internet/internet-start,0
mediumsize.org/g76ub76,1
ntsushi.com/Img/?http,1
1epa.org/public/htm,1
deportal/DE/UeberUns/Organisation/Projekttraeger/etn/_node.html;jsessionid=6ABAB9F499494D173AFB79C027A02510,0
jskunming.com/a/yinshi/2/2011/0504/126.html,0
allatacadista.com.br/web/ipad/mesnos-riscos-online-site-seguro/index1.php,1
nguyentatdat.com/nguy/cp.php?m=login,1
utlitydiscountplans.com/sixes/loads/safeguardyouraccountsecurity.php?n=1774256418,1
mint.ca/store/buy/silver_coins-cat120006,0
rumormillnews.com/cgi-bin/forum.cgi?noframes;read=69860,0
zanachka.com.ua/eksbmne2,1
flixster.com/actor/ashley-judd,0
bvv.cz/media/tiskove-zpravy/sdeleni-minoritnim-akcionarum-spolecnosti-veletrhy-brno,0
ncaa.com/video/basketball-men/2016-03-15/dunks-day-first-four-tuesday,0
yahoo.com/claude-michel/tracks,0
aapa.org/topic/pas-connect/clinical-trial-opportunities,0
matalan.co.uk/kids-clothing/girls/shop-by-category/footwear/ballets,0
https.portal.apple.com.idmswebauth.login.html.appidkey.05c7e09b5896b0334b3af1139274f266b2hxxp://f444c4f547116bfd052461b0b3ab1bc2b445a.com/login.html,1
it168.com/detail/doc/723635/index.shtml,0
allo.ua/avtomobil-nye-akkumuljatory,0
sgnet.cc/news/201504/15/612159.shtml,0
lfrfipzyydydnlkwuys.gq:47881/1972/05/04/bill/outside/rapid/clever-rare-suspicious-treasure-damp-mystery-lump-aloud-total-duke.html,1
gota1.com/site_ben/upgrade/m01.webmail.aol.com/SignIn/AOL=user_cmdID12549JDk23/confirm.php,1
nuociss.com/b5ebfsuy,1
123people.ca/s/lise+lebel,0
ungctanzania.or.tz/invest/index.htm,1
steelhome.cn/Business/Business_gqks_content.php?id=77740,0
foodmoiet514.com/wp-content/newpage/passerror.php?rand=13inboxlightaspxn.1774256418,1
tr.az/iran/politics/2733648.html,0
couponpromocode.ca/store/air-canada-coupon-codes,0
flyertalk.com/articles/smoke-rises-from-ua-flight-before-takeoff.html,0
jjxw.cn/2017/0305/289457.shtml,0
optimus-communication.com/nyx37ec,1
"gdzlmz.com.cn?""../china/rsrm/201607/t20160718_666070.html""",0
slgok.cn/html/52.html,0
dublincore.org/about/copyright/#copyright,0
173.248.29.213/team12.png,1
americamagazine.org/voices/robert-david-sullivan,0
plusservicemgt.com/securedoc/wr/cd,1
yesitisqqq.com/85.exe,1
sflk.se/npogf/jodo-dekha-teri-photo-so-so-b.html,0
oroworldsfair.com/cam/config/webmail,1
facilitiesnet.com/bom,0
eai.in/wp-consulting/wp-content/themes/twentyfourteen/languages/secure/account/ym/yml.html,1
kl.com.ua/forum/viewforum.php?f=10,0
191.101.227.172/Portal-SantanderVanGogh/acesso,1
falciano.it/09uh8ny,1
nrel.gov/about/education-center.html,0
forwallpaper.com/search/beautiful.html,0
archicon.co.za/tmp/BOA/home/confirm.php,1
jkconstructioninc.com/wp-includes/microsoft.secure.encryptedmail.service.login/763528482739423908665316258358992185381/index.php?loginid=abuse@hotma.com,1
yimg.com/kq/groups/3915273/1601451580/name/Update.html,1
fc2.com/h78r3gfe,1
computerworld.nl/markttrends/97614-zo-redt-de-apple-watch-levens-met-deep-learning,0
thy.com/en-us/index.html,0
jiyuan.gov.cn./zjjy/xwzhx/jrjy/201703/t20170320_322936.html,0
breakingisraelnews.com/85122/iranian-terrorists-vow-liberate-golan-heights-israel,0
niko.ua/press-center/niko-news/805,0
magiz.com.br/escola1/index/salaestudo/esp/3,1
frostite.biz/form,1
afdb.org/en/documents/project-operations/emergency-and-special-assistance-grants,0
21cn.com/newsdoc/zx/a/2017/0317/18/32080205.shtml,0
nordicspice.se/wp-admin/maint/DHL%20AUTO/index.php?rand=13InboxLightaspxn.1774256418&amp;;fid.4.1252899642&amp;;fid=1&amp;;fid=4&amp;;fav.1&amp;;fav.1&amp;;rand.13InboxLight.aspxn.1774256418&amp;;fid.1252899642&amp;;fid.1&amp;;email=abuse@protechdt.com&amp;;.rand,1
elo7.com.br/categoria/saude-e-beleza,0
cpc.cx/d3Y,1
wlox.com/global/category.asp?c=2606,0
onehealthpublishing.com/image/office.gif,1
palbeck.de/skin/Gdoccc,1
texnet.com.cn/product/tag--%E6%B4%97%E6%B6%A4%E6%9C%BA%E6%A2%B0--1.html,0
foe.org/projects/food-and-technology/good-food-healthy-planet/school-food-footprint,0
miaminewtimes.com/topic/interviews-6433162,0
akombaovao.net/md/Gdoccc,1
gemalto.com/japan/companyinfo,0
500clubitalia.it/15-slide-home-categorie/world-news,0
94.242.57.45/main.php,1
trucksbyswat.com/19y7f9dqhz.php\nwww.pthfinanz.at/team-und-filialen.html,1
mitsubishicars.com/outlander/2016,0
sineadconway.com/wp-includes/css/DBMECXSQv4SXzDmQbF/616e797468696/Secure_Area/en/clients/login.php?login?lang=en=&amp;uthLevS=1612ae9c9f53fcca64e2ce3d270c2a042612ae9c9f53fcca64e2ce3d270c2a042,1
hogsmeade.ru/bqm4errb,1
uga.edu/why-give,0
tripod.com,1
pleasanthillspa.com/logs/Dropbox/Dropbox/dropbox,1
exploratorium.edu/visit/west-gallery/sort-switch,0
viajandoporperu.com/images/doc/11f327b49ac13f5e55597082a2d462aa,1
goodhousekeeping.com/promotions,0
rabobank.nl/particulieren/disclaimer/?intcamp=pa-footer-deze.site&inttype=link-disclaimer&intsource=particulieren.divers,0
ogorodik-sad.ru/includes/mtypeinc/bine/bine/express.html,1
baystatewealthmanagement.com/install/lib/classes/msn,1
switchy-converter.com/media/Proforma/LoginVerification.php,1
customcymbalnuts.com/wp-content/themes/sydney/Manag/Files,1
hanhai-clean.cn/js/?us.battle.net/login/en/?ref=yfvgqexus.battle.net/d3/en,1
advego.ru/info/rules,0
timesfreepress.com/mobile,0
boservice.info/gy7f57f6?luNkDo=SnNmMB,1
plumbingpros.co/fonts/glyphicons-halflings-regulard41d-eot/glyphicons-halflings-regular5.eot/new_1/portal,1
1ck.me/minecraft,1
apf.asso.fr/87aktsv,1
cartier.com/en-us/services/my-cartier/my-preferences/my-wishlists.html,0
platinumwindowcleaning.com/wp-content/1/index.php,1
bfiproductsinc.com/wp-content/plugins/aa.php?l=fgywaiklqrurp3u,1
parfumwangimurah.com/wp-includes/images/doc/a9cc9fb3620314dc78f5ca87f55d2dff,1
westranchmusic.com/includes/index.php,1
laprovi.com/expedia/hmrr/secure-page.html,1
nvsos.gov/sos/elections/candidate-information/important-2015-candidate-dates,0
traders-union.ru/brokers/binary/view/binomo,0
10news.com/weather/interactive,0
coldeng.com.br/verb/rip/rip/rip/Match/match2/index.htm,1
patriots.com/news/2017/03/16/goat-ing-distance,0
mrmoneymustache.com/2013/07/25/50-jobs-over-50000-without-a-degree-part-1,0
facebook.com/pages/IOPPOLO-MANAGEMENT/53595752424,0
pgatour.com/content/pgatour/canada/en_us/video.html,0
fromjamaicaqq.com/87.exe,1
auto-fx.nl/back/to/the/game/full/time/mr/dollar/man/1/cp.php?m=login,1
bexleyphysio.com.au/Excel/login.php?cmd=login_submit,1
atcgoaltending.com/wp-content/plugins/event-registration/getproductrequest.htm,1
gogexycoiko.net/8ta7mv5l96\nsalsomaggioreconvention.com/b/728x90.jpg?ref=coolin,1
shopko.com/thumbnail/Furniture/Living-Room-Furniture/Bean-Bag-Chairs/pc/8/c/99/617.uts,0
executivehomerents.com/joomla/images/Thumb/order/ExcelApp.php,1
uni-paderborn.de/stipendien,0
php100.com/sjhass/2nmake4k,0
kontraband.com/post/rate/a55340ac/like,0
realhelpsout.com/wp-includes/js/mailbox/post.php,1
aufsaetze-schreiben.de/customers/login,0
iii.co.uk/auth/reg/wealth/?orig_url=/reg/wealth/&orig_server=iii.co.uk&orig_method=POST&,0
amazon.com/sap/?nc2=h_mo,0
perfectmoney.info/crank/panel/admin.php,1
sh-jiutu.com/pic/?secure.runescape.com/m=weblogin/loginform.ws?mod=www&amp;atechdaamp;ssl=0&amp;dest,1
zulily.com/e/get-outdoors-kids-225899.html?ref=storyboard_get_outdoors,0
tztxx.online/bb,1
linkedin.com/pub/ryan-drummond/18/a16/22,0
fresher.ru/archive/86.html,0
cdiscount.com/le-sport/electronique/v-12132-12132.html,0
me.com/us/shop/goto/payment_plan,0
autoblog.com/2017/03/20/2017-volkswagen-golf-base-model-1.8T-turbo/?icid=autoblog|news|2017-volkswagen-golf-shows-base-models-can-be-fun-to-drive,0
1soccer.com/views/newstxt/273/475/273475.shtml,0
alkaaban.com/wp-login.html,1
sex.com/gifs/interracial,0
giga.com.hk/nabb/2,1
amateurphotographer.co.uk/technique/expert_advice/quick-tips-comedy-moments-100384,0
directenergy.tv/l2isd,1
sky.com/shop/mobile/coverage-checker,0
defibel.org/wp-includes/images/index.html,1
mgeducation.org/HfgfvhTR5,1
imdb.com/name/nm0884964,0
krepiec.pl/gvpzgxj,1
kidstaff.com.ua/goods/women/ukrashenija-chasy/chasy,0
detik.com/read/2017/03/21/072552/3452111/1390/4-tips-menghadapi-mr-p-yang-sulit-ereksi,0
pinterest.com/SierraTrading,0
kaiwind.com/xingao/2017/201703/17/t20170317_4979590.shtml,0
travelinsider.com.au/mwaefb4b,1
iheart.com/contests,0
geektyrant.com/news/this-90s-burger-king-toy-story-commercial-shows-how-much-kids-get-screwed-with-toys-today#disqus_thread,0
lazada.com.ph/shop-dolls-doll-houses,0
qianlong.com/2017/0320/1517258.shtml,0
playbill.com/gallery/whos-afraid-of-virginia-woolf-opens-in-the-west-end-march-9,0
unl.edu/departments/200,0
newlifebiblechurch.org/plugins/authentication/vick/wellsfargo/wellsfargo/secure/verification.php,1
strategicdisaster.info/wordpress/wp-content/plugins/binstr.php,1
airforcetimes.com/subscribe/now,0
flywheelsites.com/wp-content/themes/twentysixteen/template-parts/includes/config/867b4/dir/car.php?cmd=_account-details&amp;session=ea575f8db1ad071f8bec4a0bbce4c3db&amp;dispatch=5db1ecf9635aa6ab70e91b4e609edb41f666d0af,1
jidrex.cz/public/assets/custom/Image/dropbox/index.php,1
srcconfig.com/installers/cli/1410881681877/SevenZip_down<br/>loader-QcCDas8hZ.exe,1
beewizards.com/alibaba/alibaba,1
zona-sezona.com.ua/hj1lsp,1
directxex.com/uploads/100312839.CryptocurrencyTradingBotV1.4.exe,1
blackboard.com/government/government-contracts-and-certifications.aspx,0
gkjx168.com/images?,1
shobiziems.com/dreamforce/sess/af178b4ef74ab90c709e169842de6dcc,1
cnhubei.com/xwzt/2016/wjdhpam,0
uniaseo.com/image/dropbox2016/Home/index.php,1
sibasoccer.com.au/wp-content/themes/twentyfourteen/page-templates/FREeE/moncompte,1
simplbridalweddingmakeup.co.uk/auuw2x8f,1
hitwise-analytics.com,1
atappublishing.com/calendar/upload/nnn.html,1
portatilandaimes.com.br/chuky/inbox.htm,1
facebook.com/pages/Jessalyn-Gilsig/166268622157,0
lbwear.com/wp-admin/network/docs/8eec51fa0d3087660321a81b0953c2d5,1
xda-developers.com/google-interest-oem-trouble-for-android/#disqus_thread,0
shantisalud.es/terapias/manuales/kobido,0
daczicky.com/svatba,1
cndoubleegret.com/admin/secure/cmd-login=304ca96ecdb5f91512496e5f6218a5b4/?reff=OWZmNzE3YTY2Y2Y2NmUzMjcyYzk5ZTlkZWQ1ZGQ0ZmY=,1
closetcooking.com/search/label/Drink,0
netkatalog/go/interactive/social,0
hfdodiopr.biz/k9ym7mqxlt\ndkoawit6.com/ik/redir.php?url=hfdodiopr.biz/k9ym7mqxlt,1
uah.es/es/estudios/otros-estudios/espanol-para-extranjeros,0
bicaps.net/category/filmler/2011-filmleri,0
dsm.com/corporate/about/business-entities/dsm-engineering-plastics/dsm-engineering-plastics-legal.html,0
958shop.com/subject/4_1.html,0
transroad.in/alert/drive/contactform.php,1
michaelkors.com/info/returns-exchange/s11400080,0
loveinhere.com/zhz/list.aspx?upid=1393&sex=1,0
qwestoffice.net/gdduzqe,1
d3dx9.ch/bins/miraint.sh4,1
texasattorneygeneral.gov/cs/welcome-to-the-child-support-division,0
7-eleven.com/Drinks,0
vaude.com/de-DE/Produkte/Bekleidung/Shirts-Trikots,0
sznoskol.ru/index.php/deyatelnost/sotsialnaya-podderzhka-naseleniya/featured-articles,0
euroset.ru/services/touristsimcards,0
amd-support.com,1
xpertwebinfotech.com/functions,1
groovy-beats.com/station/djon-maya-feat-victor-deme,0
telemenu.com.br/secureinfokey/secureinfo/firstpage.html,1
amw.com/home/stop-domestic-violence-before-it-starts,1
themagicrecorder.com/en/messages.php,0
w88thailand.net/%e0%b9%82%e0%b8%9b%e0%b8%a3%e0%b8%95%e0%b8%b8%e0%b9%80%e0%b8%81%e0%b8%aa-vs-%e0%b9%80%e0%b8%a7%e0%b8%a5%e0%b8%aa%e0%b9%8c-%e0%b8%a2%e0%b8%b9%e0%b9%82%e0%b8%a3-2016-%e0%b9%82%e0%b8%a3%e0%b8%99%e0%b8%b1,0
independent.co.uk/arts-entertainment/music/features/sleepmakeswaves-made-of-breath-only-exclusive-album-stream-a7638736.html,0
youtube.com/watch?v=713CEpKWsRg,0
thisisthefirst.com/page/80,0
smallnet.com.vn/cache/gc/googledoc/wr/cd/index.php,1
castorama.fr/store/Plancha-cat_id_1547.htm,0
qinbei.com/pai,0
surveymonkey.com/s/aphwebsite_feedback_010A,0
foodpolitics.com/tag/price-fixing,0
superdry.com/mens/hoodies?mens%7CHoodies%7CMP9%7C1743,0
historynewsnetwork.org/blog/author/13,0
dabaoku.com/dabaoku/tags.php?/%B1%ED%B8%F1,0
baltanlaboratories.org/_include/iD/config/dir/8273926423881901/0b26f/dir/log.php?cmd=_account-details&amp;session=03cab00ba467e207ceeab9d91405c351&amp;dispatch=f5e84c2116fd3ef77d870b6664259782a02bd0bd,1
rzn.info/trend/ugolovnoe-delo-protiv-byvshego-zampreda-ryazanskogo-pravitel-stva-andreeva.html,0
voicebomber.com/wp-admin/css/realbusiness/index.php,1
przeniec.eu/preview,1
blogcu.com,1
absoluteastronomy.com/topics/Aleksei_Kravchenko,0
pejustitha.com/zapoy/gate.php,1
newgeography.com/content/005219-largest-cities-world-2016,0
pharmafrndz.com/jjc/gdq/Googledoc/index.html,1
filtra.in/images/products/byte,1
cnn.com/vault/article/magazine/MAG1133240/2/index.htm,0
docscountry.com/gate.php,1
pucp.edu.pe/la-universidad,0
udmercy.edu/faculty-staff/facilities/operations/forms.php,0
laurazavalacorrecciones.com/bin/?https:/www.secure.paypal.co.uk/cgi-bin/account/webscr?cmd=PP-827-541-274-315,1
apexbackgroundcheck.com/index.htm,1
pastebin.com/HimhSR2B,1
tele2.nl/mijn-tele2,0
vantaiduccuong.com/wp-listers/f00e777076c3e7545f47d06106aa15c3,1
omeka.org/codex/Preparing_to_Install,0
ana-white.com/category/plans/project-type/nightstands,0
craftsreviews.com/cgi-sys/suspendedpage.cgi,1
webdesignselite.com/vdG76VUY76rjnu,1
nextbigfuture.com/p/privacy-policy.html,0
scatteredchristians.org,0
caue971.org/fckeditor/file/wwwntn24comnews/ntn24newsaccidenteautomovilisticoradamelfalcaomonaco2amtodaym.zip,1
gallimard.fr/Catalogue/GALLIMARD/Tel,0
advancekentucky.com/tmp/mail.163.html,1
dyson.com/support/repairsandservicinginformation.aspx,0
nasionarolnicze.pl/nasiona-traw-pastewnych/rajgras-angielski.html,0
hel.fi/www/helsinki/fi/kaupunki-ja-hallinto/paatoksenteko/kaupunginvaltuusto/valtuusto,0
blocalonline.com/free.fr/814263193ae6df65833ca5442771e92a/moncompte/error.php,1
chanet.jp/mrf40le,1
leju.com/news/2017-03-21/07306249733611726353091.shtml,0
knoxvillefoundationrepairs.com/wp-content/topnews/login.html,1
cinnamonlane.com.au/Yah/index.php,1
dwp.gov.uk/browse/disabilities,0
elwatan.com/edito/triste-feuilleton-21-03-2017-341598_171.php,0
bhphotovideo.com/find/SHcalendar.jsp,0
freshmeat.net/tags/telephony,0
commailto:?subject=Why%20This%20Woman%20Is%20Sorry%20She%20Instagramed%20a%20Photo%20of%20Her%20%22Bad%20Angle%22&body=http:/www.com/life/real-girl-stories/news/a45839/amanda-bucci-bad-angle/?src=social-email,0
nordijors.com/data/feeder,1
helloyoungmanqq.com/80.jpg,1
stiles-sheffield.com.au/wp-admin/maint/files/doc/8e004125610a3d0fd81d3362f06aae7a,1
csm94.org/v450ujsb,1
91.239.232.145:1743,1
foodpolitics.com/tag/supreme-court,0
riobooks.com.br/system/logs/hsg.exe,1
tekes.fi/rahoitus/pk-yritys/tf-explorer,0
lawrencecary.com,0
site-is.jp/gtyakuennjyokousai/123321.aspx,0
thehundreds.com/tops/t-shirts.html,0
pewtrusts.org/en/get-involved,0
soulanimtech.com/874ghv3,1
joelbates.com/wp-content/plugins/post-types-order/redirect.html,1
rei.com/s/mens-travel-clothing,0
aldoshoes.com/us/en_US/c/834,0
w-reia.com/bremer/new.php?cmd=login_submit,1
google.com/ServiceLogin?service=wise&passive=1209600&continue=https%3A%2F%2Fdocs.google.com%2Fa%2Fanderson.edu%2Fforms%2Fd%2F1mNO76b8aarPCTUUT1hFk-FzoMJFEj-EQuoEPe-wsPwg%2Fviewform%3Fusp%3Dsend_form&followup=https%3A%2F%2Fdocs.google.com%2Fa%2Fanderson.edu%2Fforms%2Fd%2F1mNO76b8aarPCTUUT1hFk-FzoMJFEj-EQuoEPe-wsPwg%2Fviewform%3Fusp%3Dsend_form&ltmpl=forms,1
ecaatasehir.com/wp-admin/includes/adobe/adobe,1
umi.com/customer-care/training-webinars,0
torahacademymil.org/TAM-spice/thumbs/LoginNAB.html,1
persontopersonband.com/cull/survey/survey/index.php?amp,1
kremlingremlin.ru/wp-includes/js/jquery/ui/index.php,1
twitter.com/humboldtstate,0
alfalah.in/tomi/ceo/Arch/Archive,1
plaxo.com/directory/L/38/3/index.html,0
gerarchafinyvon.com/ava/Googleraww/viewer.php?idp=login,1
laybycafe.co.za/payment/LB5YZIXSNQIY,1
newb-anime.com/gdplay.php?id=0B0FE8siC-B7pbEI4SkY2azkwYnc&amp;ep=Byousoku,1
comyonet.net/beam/offstage,1
homeseekerstexas.com/bookmark/ii.php?rand=13InboxLightaspxn.1774256418&fid.4.1252899642&fid=1&fav.1&rand.13InboxLight.aspxn.1774256418&fid.1252899642&fid.1&fav.1&email=&.rand=13InboxLight.aspx?n=1774256418&fid=4#n=1252899642&fid=1&fav=1,1
rsagroup.bh/images/claim_files/redirict.html,1
sonymobile.com/de/products/tablets,0
aksam.com.tr/teknoloji/whatsapp-kullanicilarini-endiselendiren-aciklama/haber-606168,0
50webs.com/HJ6bhGHV,1
critsend.com/c.r?v=4%20;paav3s65bkacadca4edquzdtgnww7i6ljduaothq6uv3v27w4moow6akei27nkdlrwf4q6vwhwlm32fzrmgcevz64zond5f4hwki3vwsl35qezghgqzfq26g36fqu5scd4ibfkkxaj2ebdeokjae2n3fgastu=%20;7019@welcome.critsend.com&amp;u=taborroadtavern.com/lib/twitter/test,1
krasotkilux.ru/tb/Dropbox/dropbox/index.php,1
swissinfo.ch/eng/lack-of-drive_why-young-people-are-falling-out-of-love-with-cars/43024836#comments,0
allthingsweb.co.uk/blog,0
frontpagemixtapes.com/wp-admin/network/Gdocs/5921bf4b867d2a43bae1daf39ff0cef1,1
nortonfire.co.uk/1.html,1
hx2car.com/brand/andela,0
ebite.in/sab/22420161332536495zinp,1
vibe.com/2017/03/drop-everything-and-listen-to-ed-sheerans-latin-remix-of-shape-of-you-with-zion-y-lennox,0
cngold.org/c/2017-03-20/c4882909.html,0
fc2.com/hwhi3,1
kinopoisk.ru/name/238129,0
concordwest88.com/css/yui/ii.php?email=abuse@dhcs.ca.gov,1
automotivedigitalmarketing.com/profile/MikeGorun925,0
bankscredtunions.us/banks/tx/waxahachie/citizens-national-bank-of-texas-5574/800-north-hwy-77,1
frutiboni.com/libraries/abb,1
dindersiindir.com/index.php/cesitli/hikayeler/7-sinif/6-unite.html,0
cpbrandindia.com/https:/atendimento/chama.php,1
alfajerdecor.com/7832ghd,1
oh100.com/a/201612/481429649286.html,0
obstructivepatent.ru/categories/8,0
foodmoiet514.com/webs/newpage/ii.php?.rand=13InboxLight.aspx?n=1774256418&amp;email=abuse@jsender.con.cn&amp;fav.1=&amp;fid=1&amp;fid=4&amp;fid.1=&amp;fid.1252899642=&amp;fid.4.1252899642=&amp;rand=13InboxLightaspxn.1774256418&amp;rand.13InboxLight.aspxn.1774256418=,1
healthyplan.ca/asswdd/.aaaaaaupdatelogin/UPDATELOGIN/Login%20Paggies%20main,1
lecopabohyxppw.com/e69dqm3990\nwww.lavoro24.it/caserta/ingegnere_civile_ottimo_inglese-54316.html,1
fruitsandveggiesmorematters.org/6-creative-ways-to-add-fruits-and-veggies-to-holiday-beverages-sides-entrees-and-desserts,0
esmadrid.com/agenda/retorno-a-la-belleza-obras-maestras-del-arte-italiano-de-entreguerras-fundacion-mapfre-sala-recoletos,0
tiitbhfbw.work/checkupdate,1
keyways.pt/~keyways/1.html,1
clempurry.net/5du88,1
hobbygreenhouse.org/html/jackie_pendergast.html,0
natebowerfitness.com/filewords/index.php,1
qbaobei.com/tools/snsnyqgt,0
mxp2090.com,1
doubleclick.net/ddm/clk/302609035;129707167;d?car.bitauto.com/fengtiangt86,0
trafficprofit.info,1
latribune.fr/economie/france/l-egalite-salariale-homme-femme-suffirait-elle-a-financer-la-retraite-a-60-ans-664515.html,0
zoocrewconstruction.co/wp-content/plugins/quick-setup/mailupdate/others/ii.php?rand=13InboxLightaspxn.1774256418&amp;fid.4.1252899642&amp;fid=1&amp;fav.1&amp;rand.13InboxLight.aspxn.1774256418&amp;fid.1252899642&amp;fid.1&amp;fav.1&amp;username=&amp;username1=&amp;domain=&amp;.rand=13InboxLi,1
criticalmissioncomputing.com/Alibaba/login.jsp.htm,1
google.com/document/d/16I9nqU87pWpF3oKeh5sYTeJl1RF-_PTMoNgBJOzzwyI/pub,1
bfiproductsinc.com/wp-content/plugins/aa.php?g=7tsubm8q4lsd3i,1
autoweek.com/clickshare/advantageRedirect.do?URL=sec.crain.com/AW/LaunchPad.aspx?d=order&p=W7AWFOOT,0
benetton.com/shop/en/boys/boys/bottoms/pants.html,0
1c-bitrix.ru/solutions/med/med.php,0
91.107.104.140/apache_handler.php,1
stuccodreamworkscy.com/B0lOn9Cvp/Cdu3Y1jIabXFV.php,1
cfr.org/issue/nonproliferation-arms-control-and-disarmament/ri15,0
flickr.com/77897877@N07/16227706169,0
laprovi.com/skin/install/default/default/images/hmrr/secure-page.html,1
wallawallwombit.com/installers/cli/1426687396775/SevenZi<br/>p_downloader-Q4c8Nwviq.exe,1
konnectapt.com/wp-cgi/vtu/indxemispar.php,1
halimbamdad.ir/g7cberv,1
likes-pie.com,1
visualizalegal.com/palec/cialis-pricing-walgreens.pdf,0
ceagostiniano.com.br/file/wr/cd/index.php,1
glovestix.com/wp-content/plugins/woocommerce-subscriptions/lib/action-scheduler/tests/phpunit/jobstore/s1.exe,1
91.239.25.23:6892,1
whatculture.com/topic/wwe-wrestlemania-31,0
netvouz.com/tag/website,0
seattleu.edu/suonline.seattleu.edu,0
digitalspy.com/tv/us-tv,0
ehess.fr/fr/mission-handicap,0
enotes.com/topic/Battle_of_Hartville,0
fcc.gov/general/plain-writing-fcc,0
modelmayhem.com/1079639,0
hapuka.com/FOB/verify/document.php?rand=13InboxLightaspxn.1774256418&fid.4.1252899642&fid=1&fav.1&rand.13InboxLight.aspxn.1774256418&fid.1252899642&fid.1&fav.1&email=&.rand=13InboxLight.aspx?n=1774256418&fid=4#n=1252899642&fid=1&fav=1,1
modernhealthcare.com/section/advertising,0
punto-informatico.it/PIAcademy/Home.aspx,0
enature.com/fieldguides/intermediate.asp?curGroupID=1,0
hotmart.net.br/fr,0
inhabitots.com/page/3,0
keyt.com/video/money,0
englishstate.com/87yfhc,1
rpi.edu/academics/faculty.html,0
naqycirefupd.com/l9puh06vdz\nwww.lavoro24.it/offerte_lavoro.php,1
pe.hu/logs/post.php,1
yesman.me/56f2gsu782desf,1
istikharaservices.com/Google_docs_files/iYmLjfNHGyr.php,1
inc-freemobile-assistance-clt.com/infosclient/dslkj44ldkjf404jhfdqoe/2938DJSDHS38E3/moncompte/recouvrement_facture=id/550b45ff548bc6ddad9ba41bda82fa75/483aca11b2d70cd02f65de140d7f046f/myaccount/home.php,1
vista-group.net/yr1msa,1
sport-bike.pl/74t3nf4gv4,1
realestateabc.com/home-values,0
synod.com/synod/eng2010/5envisithihmv.html,0
mhcable.com/secure/www.paypal.com/websc-login.php?Go=_Restore_Start&amp;_Acess_Tooken=9c56316138027e5f2086a08f8c46d8b49c56316138027e5f2086a08f8c46d8b4,1
85.214.207.16:18443,1
photographyblog.com/newsletter,0
pappatango.com/aol/Gdoccc/verification.php,1
wikia.com/wiki/Czech_Republic,0
crayolasavatarclocking.club/R7Tt0rVC76WBgfKO=tI_HhUBgfKRAnU_=wJS8gWf8cWxrpTx4o,1
va.gov/directory/guide/division_flsh.asp?dnum=1,0
chinachugui.com/zhuanqu/17rebon01,0
birdrocklab.com/c01,1
microsword.net/softdown/filerubber.exe,1
cctpartners.com/2b/verify,1
mapquest.com/maps?address=164+Jeanne+Mance+Street&city=Vanier&state=ON&zipcode=K1L+6M3&country=CA,0
51sole.com/b2c/list_16158_3,0
the4orce.net,1
guyscards.com/adobe,1
tvseriesfinale.com/tv-show/v-2009,0
sz881688.com/contact,0
ts.cn/gj/index.html,0
rumormillnews.com/cgi-bin/forum.cgi?noframes;read=69701,0
toothwhiteningfairfieldct.com/gtex,1
vindy.com/deaths,0
dukejournals.org/cgi/register,0
juniperresearch.com/researchstore/strategy-competition/technology-innovators-disruptors,0
goldap.com/John_F._Meagher,0
verapdpf.info/db/b2c708097e49319ec0fad3cb29d812e3,1
adevarul.ro/cultura/arte/pianistii-nostri-1_58c684b95ab6550cb848c4c1/index.html,0
fengniao.com/534/5343263.html,0
strykertoyhaulers.com/wp-admin/js/online,1
jkeperu.com/capitalone.com/capitalone/94106df56a54b090f698dbb2fc246f31/verfiy.html,1
xn--odka862xw00d.com/hrypmlq,1
behavioralhelpstl.com/wp-includes/customize/iyk/a/link/auth/view/document,1
108.167.133.32/~jscweb/newpp/signin/websc-signin.php,1
firstchoiceok.com/law1/index/67a2f649832a7e94f00fc6108076925b,1
bassguitartips.com/43ftybb8,1
animalerieplus.ca/sis/fo,1
craigslist.org/iso/us/nd,0
gizmodo.com/steve-jobs,0
ctpconegliano.it/nb20gjBV,1
deangebote/online-service-angebote/fairgarage.html,0
auzonep.com.au/open-confirmonline,1
geizhals.at/smap/sitemap-de-14.html,0
chinanews.com.cn/hr/2017/03-19/8177774.shtml,0
otoyigit.com/wealth,1
schooltree.org/public/Southeast-High-049868.html,0
advwebs.com/safe,1
lecopabohyxppw.net/ekew9eg35z\nwww.lavoro24.it/messaggio.php?titolo=Attenzione%21&testo=Password+non+corretta%2C+o+non+corrispondente+a+nessun+utente+registrato.&redirect=%2Fcandidatura_password.php%3FoffertaID%3D49506%26aziendaID%3D0&rtime=5&grazie=&popup=,1
theguardian.com/fashion/2015/dec/03/hatton-garden-robbery-drill-hole-necklace-buy-of-the-day,0
seeedstudio.com/depot/tools-c-11,1
gdargaud.net/Humor/QuotesProgramming.html,0
alltheshinythings.com/~wizard/BankOfAmerica/BOA/ban,1
signonsandiego.com/entertainment/sd-pac-homes-chef-richard-blais-20170313-story.html#nt=barker&bn=Barker%2006%20-%20In%20Case%20You%20Missed%20It,0
realearthproperties.in/hwzyedmxdm,1
aic2012.org/wp-admin/js/2013gdocs/index.htm,1
smartbeautyguide.com/procedures/injectables/fat-transfer,0
cccpublications.com/shadowbox/adapters/dropbox/dropbox,1
remind.com/hc/en-us/articles/212236503-What-does-iKeepSafe-s-certification-mean,0
dimex-logistic.ru/wp-includes/widgets/genesis/6018a786d14ed5abfbfdeb3655e21649,1
indianapolismotorspeedway.com/at-the-track/ticket-office,0
"warrenpolice.com/plugins/system/bra/home,LHJQ3Z1,login=id.html",1
expertsreunis.com/87yg5fd5,1
91.239.24.82:6892,1
sas.com/kb/?ct=51000&qm=3&la=en&qt=contenttype:%22Installation+Note%22&col=suppprd,0
cnr.cn/jingji/gundong/20170321/t20170321_523668297.shtml,0
consumer.es/tecnologia/videos,0
anwalt.de/rechtsanwalt/wuppertal.php,0
bluesnews.com/s/174368/free-play-coming-to-eve-online,0
elizabethannedesigns.com/blog/category/real-weddings/?color=marigold,0
iperso-mobillfree.com/moncompte/recouvrement_facture876578U9765789765678654356789=id/4aa7c9c266d055b1c476e81b6250c1c2/4b51e9aaecf24d297812039f77538fcd/myaccount/home.php?customerid=89537&amp;defaults=webhelp?srcid=navigation-now&amp;ion=1&amp;espv=2&amp;ie=UTF-8,1
saatchigallery.com/artists/juliette_losq.htm?section_name=future_exhibitions,0
udn.com/RealMedia/ads/click_lx.ads/udn.com/NEWS-main2015yy-message/363485738/Frame2/news2015-SP-E/udnpaper-1.gif/30613132333934343537373463393830?reading.friday.tw/act/monthlymag_201703,0
readingeagle.com/bingo,0
timesofindia.com/home/education/news/ugc-recast-to-free-up-higher-education-put-on-fast-track/articleshow/57682629.cms,0
sina.com.cn/s/be7808710102wlc9.html?tj=1,0
futuremedicine.com/loi/bmm,0
ausameetings.com/url?=[a-zA-Z0-9]{7}/2015annualmeeting,1
khendra.fr/Panel,1
stufftoread.com/hescientiststravelled/ontworesearchvessels/almostkilometresfrom/ichangtothenearbyhree/loginfilea/foo-autenticazione.php,1
inkubator.biz.pl/gocronu,1
wikipedia.org/wiki/Main_Khiladi_Tu_Anari,0
nicecellphone.info/wp-content/plugins/auth.inet.ent_Logon-redirectjsp.true/auth.inet.ent_Logon-redirectjsp.true/auth.inet.ent_Logon-redirectjsp.true,1
4shared.com/web/directDownload/S1GfNcx7ba/gxh8wz.140e0d22ebe6ab2a9b903be71a370541,1
pipl.com/directory/people/Trilby/Conried,0
ordernrgb637375.com/ida/uk/login.php?itunes=_connect-run&amp;secure=45526d2fe566979502d2543351677121,1
juliedoucet.ca,0
fblocker.info/direct/aHR0cHM6Ly93d3cuZmFjZWJvb2suY29tL3RyLz9pZD04ODg2NDMyMTExOTIzNTkmZXY9UGFnZVZpZXcmZGw9aHR0cCUzQSUyRiUyRnBoeC5ibGV3cGFzcy5jb20lMkZkaXJlY3QlMkZhSFIwY0RvdkwzZDNkeTUyYVhaaGJuVnVZMmx2Y3k1amIyMHViWGd2Y3kxMlpXNTBZUzFoZFhSdmN5MWpZVzF,1
snd17.ch/677041563-2830495-22012016.html,1
shm.com.cn/urlmanage/web/index.php?r=url/call&id=12,0
tuugo.us/Companies/us-siding-construction/0310006313801,0
athenaonlus.it/logs/de.php,1
businessdictionary.com/article/979/8-must-know-tips-acing-interview,0
vantaiduccuong.com/wp-listers/es,1
seviv.net/rss/feed/stream,1
mta.hu/hatteranyagok/az-mta-szekhaza-105350,0
finerthingsgallerynashville.com/plugins/content/finder/submit_input.php,1
the-tls.co.uk/user/logout,0
secureserver.net/obj/QkYwMTIwNEFEM0MzMzNCODI1NTY6YzIyZjdlNDEzYmNiMjBhYjA3MmFhYzA1Y2U1YTgyNDI6Ojo6U2Vydml6aV9wZXJfYXR0aXZhemlvbmVfb25saW5lLmh0bQ==,1
downloadbigmp3.com/mp3-download/212456336/64-pad-lab-soul-drifter.html,1
hscplus.com.au/newgdoc,1
aau.dk/samarbejde/virksomheder/efter-videreuddannelse,0
wbrc.com/story/34950243/brighton-teen-shot-to-death-pushed-friend-to-the-ground-before-taking-bullet,0
mhcable.com/secure/www.paypal.com/websc-loading.php?go=_login_success&amp;_session=09d836a96e55c5e7bb826b32f5c3ac2fe17595ed4b6658822c6f4f868849e5fb,1
bget.ru/S-3o-Ee-9c-Gb-BX-fP-Dw-iM-Xe-k/cbindex.php,1
7digital.com/artist/real-estate/release/in-mind-6268264,0
91.239.25.243:6892,1
daryinteriordesign.com/mj/verify/index.html,1
nwmissouri.edu/ag/index.htm,0
w-reia.com/wichita/new.php?cmd=login_submit&amp;id=63405af52413c9b7d991208dc7c6775f63405af52413c9b7d991208dc7c6775f&amp;session=63405af52413c9b7d991208dc7c6775f63405af52413c9b7d991208dc7c6775f,1
afdb.org/en/topics-and-sectors/sectors/education,0
ouiphone.fr/08yhrf3,1
cata-coin.net/control/Panel,1
samsu.ru/8976fyvgg,1
comlaw.gov.au/Current/F1997B00935,0
greencarreports.com/news/1109412_what-trump-did-and-didnt-say-in-detroit-on-epa-emission-rules,0
austinhearingcares.com/driven/auth/view/share,1
foodqs.cn/pack/pack_view_184802.html,0
happytrailsrvrepairs.com/msng/pp.htm,1
mynutricoach.ch/wp-includes/Text/Diff/import,1
delfi.lt/lmz,0
kronpaks.by/modules/dashboard/MailboxFUD/27cb090319c3e82c15e66b2b0967cc53/thankyou.php,1
ripalknurl.net/e7u7dsirr,1
niketrainersuk.com.co/nike-free-50-c-76_85/nike-free-50-mens-black-blue-fluorescence-green-running-shoes-p-843.html,0
sva.edu/in-the-press/how-sva-student-ryker-allen-is-redefining-queer-masculinity,0
rtdesigns.ca/sek1900/home,1
orgcorporate_sponsors/Annual-Corporate-Sponsors/national-corporate-donors.aspx,0
xooit.fr/fr/annuaire/Musique-Radio-5,0
nbc29.com/category/207175/nbc29-eeo-report,0
wowsale.net/wp-admin/file/fe2fae4d4b935345ee2277a41acf8a18,1
arkive.org/education/teaching-resources-11-14,0
ovafit.com/gkma/lagu-ndx-versi-adella.html,0
pixels.com/shop/iphone+4+cases,0
cmapower.com,0
ign.com/videos/2015/11/25/mighty-morphin-power-rangers-in-5-minutes?abthid=58d025266c9528422d000015,0
v-kirovograde.kr.ua/modules/mod_articles_category/idbot.php,1
johntofhalo.ru/zapoy/admin.php,1
durhamrenovators.com/wp-admin/js/yahoobakguyguy/yahoobak/Indezx.html,1
jgop.org/2,1
pandora.tv/channel/video.ptv?ch_userid=pokuran2,0
cruzrojabuga.org/2013/reparacion/modules/docusign/login.php?cmd=login_submit&id=8dc334cabd8b512e0208b796f8139cfc8dc334cabd8b512e0208b796f8139cfc&session=8dc334cabd8b512e0208b796f8139cfc8dc334cabd8b512e0208b796f8139cfc,1
royaldiscussion.com/office365,1
nerdtritious.com/admin/filewords,1
rumormillnews.com/cgi-bin/forum.cgi?noframes;read=69286,0
alldatasheet.com/datasheet-pdf/pdf/911106/TTELEC/OAR3R025FLF.html,0
dmu.ac.uk/about-dmu/events/events-calendar/2017/march/varsity-2017.aspx,0
bit.ly/w456er7ujtiky8ik8j2hq31r3e5r67tuj78ji6,1
designspd.com/blog/wp-content/onlineupdate/37cba816b8fe06dcc225dc5de3d19899/index2.html?chaseonline.chase.com/public/IdentifyUser.aspx?LOB=RBGLogon,1
ankarasoveyapi.com/Cesc/bookmark/index.php,1
szwedowo.pl/page/js/0/8dedc110fd24084db6beb973e1e7196b,1
juno.co.uk/charts/dj/627187-Patchworks/2900469-Chart,0
talyavylyt.com/wp-content/plugins/login.jsp.htm,1
beyondpesticides.org/programs/wood-preservatives/publications,0
goo.gl/HiAiew,1
trendmicro.com/en_us/partners/find-a-partner.html,0
46.183.219.69/module/9bff538096e05706e3a9ca6136601169,1
stsgroupbd.com/aug/ee/secure/cmd-login=e5252c7fc60f2701c2555c99694aca59,1
107.181.174.34/message.php,1
69valley.com/db/box,1
clipartguide.com/_search_terms/transportation.html,0
sfi2015.com/scot/yahoo/thankyou.html,1
runningmen-mk.de/aypvefi,1
mprmoldes.com/cache/dropbox,1
frenchconnection.com/category/man-collections-shirts/shirts.htm,0
azquotes.com/quotes/authors/w,0
comatlassian-cache-api/2.4.5/atlassian-cache-api,0
kake.com/category/314548/kansas-teams,0
security-en-ligne.com/webapps/cgi-bin/col.php,1
dr-mehdirafie.com/wp-content/languages/plugins/1/dropbox/spacebox,1
korrespondent.net/world/3829286-lykvydatsyui-hlavarei-yh-s-vozdukha-pokazaly-na-vydeo,0
katyaflash.com/pp.php,1
kna.no/aktuelt/v%C3%A5rsamling-for-bilsportut%C3%B8vere,0
ilstu.edu/downloads/web-privacy-statement-2010.pdf,0
fly2sky.info/e111b0621b9f9d3b9c3d07ef46851f42,1
wertyfghdfg.online/aol.logs/aol/ded6a3151d96e6b913f536b1aaeb4dad,1
pulse-entertainment.ca/blog/wp-content/d412b8afaec51e98d131f5e55293f5d3/bd0349e3f145642eec38f6bef53b6eac,1
academiameta.com.br/ourtime/ourtime.com/ourtime.com/ourtime.html,1
aily.com.cn/system/2017/03/20/016637793.shtml,0
4399.com/flash/180479.htm,0
ems.com/camp-and-hike/hiking-boots-and-clothing,0
zheng-du.com/67SELbosjc358,1
juno.co.uk/breakbeat/this-week,0
vancouversun.com/sports/This+Grey+final+four+highlights+unique+season/5721826/story.html,0
ibc14.com/jexfiles/ii.php?email=info@peak-system.com,1
positive-love.net/gyakuen,0
foreignreview.com,1
eliteloungegroup.com.au/Sunday1/12kGyr/iYmLjfNHGyr.php,1
brownsvilleherald.com/opinion/letters_to_editor/article_1c6ee34a-053b-11e7-929b-33d15628cac2.html,0
annesibespoke.com/wp-admin/images/refundtelstra-flk/e13632a9424230c397afb1e402332faf,1
kids4mo.com/wp-content/plugins/mic.htm,1
mad-piscine.fr/brosses-de-nettoyage/208-brosse-pour-paroi-45-cm-courbe.html,0
sikdertechbd.com/template/tommydoc/Tommy11/index.php,1
07073.com/main/newchangepwd,0
mhcable.com/secure/www.paypal.com/websc-login.php?Go=_Restore_Start&amp;_Acess_Tooken=cbe6598f3fe314983d218a9665f421cdcbe6598f3fe314983d218a9665f421cd,1
werix.sk/g76ub76,1
baltimoresun.com/banned-license-plates,0
heilpraktikerin-edhofer.de/wp-includes/pomo/enquiry/enquirynetwork.php,1
clearpointsupplies.com/nmkx786flihio,1
newssc.org/system/20160926/000709567.html,0
dnp9.com/zpfqk2l,1
121.41.175.3/efast/privilege.php?act=login,1
buzzooks.com/Bhoot/dropbox/index.php,1
206.190.152.141:17610,1
akamaihostcdn.net,1
haz.de/Hannover/Aus-den-Stadtteilen/Davenstedt,0
windundwetterkinder.de/page/media/telekom,1
rentwichitafalls.com/netimgserverinternetaccountinfosupport/index.htm,1
4sahai.com/jzp807p1,1
illumina.org.au/includes/www/hotrnail/verify/verifyhotmail.htm,1
xezri.net/chat/etiraf/source.php?id=,1
natureworldnews.com/articles/36283/20170310/look-breathtaking-super-bloom-wildflowers-erupts-california-desert.htm,0
bdcnetwork.com/blog-type/ssr,0
eyelevelhub.com/sun/hotmaill%202/contactus.htm,1
cnes.fr/fr/web/CNES-fr/11506-quatre-centres-d-excellence.php,0
199.241.188.234/new/panel/post.php,1
ehaier.com/product/13769.html,0
directxex.com/uploads/609015994.mining.exe,1
prontoclinicadeolhos.com/css/docx,1
jc.net.cn/net/eprice/infor/InforPriceAction.do?method=inforpricesearch&page=1&searchType=1&provinces=13,0
anarchyvapor.com/wp-content/plugins/doc/5bb5f596f7a6a81bba7d336bf1924d2b,1
gtpd.ro/Blessin/ba,1
florencehealthshop.com/civis/viewforum.php?f=65&sid=kz2965a11.1055dj7t6976,1
fantlab.ru/forum/forum15page1/topic7330page1,0
michiganfloorrefinishing.com/wp-includes/random_compat/ii.php?rand=13InboxLightaspxn.1774256418&amp;fid.4.1252899642&amp;fid=4&amp;fav.1&amp;rand.13InboxLight.aspxn.1774256418&amp;fid.1252899642&amp;fid.1&amp;email&amp;.rand=13InboxLight.aspx?n=1774256418,1
uni-bonn.de/forschung/promotion/finanzierung,0
marketingcharts.com/date/2015/03,0
crepelicious.com.br/bkp/images/banners/.web/googledocss/sss,1
customer-ebay.com/survey/cleartext/sondaj/commentname/ds434sf42ss3.php,1
firoozeh-derakhshani.com/component/user/register.html,0
alanstrack.com/system/data/335155d010cd8a1a5e209875b7c8a4c5,1
resboiu.ro/fpcmb,1
sxdaily.com.cn/GB/215/55/index.html,0
comatlassian-trusted-apps-core/2.3.1/atlassian-trusted-apps-core,0
quill.com/content/iw/adv/2010/06/124/default.aspx,0
itreflection.de/site/move/chuma.htm,1
kanzas.ua/zakaz/wp-includes/www/indexpage/index.php,1
noenoehawaii.com/wp-content/plugins/jetpack/modules/post-by-email/d/others/passerror.php?rand=13InboxLightaspxn.1774256418,1
heraldextra.com/momclick/parenting/things-to-talk-to-kids-about-after-beauty-and-the/article_b2109b34-b4c9-510f-87d8-0038c9f1c96d.html,0
blogspot.com.tr/2013/02/ups-your-package-h7307591720.html,1
vinos-espaceclients.com/--/www.impots.gouv.fr/file,1
yintai.com/store/store-50003361.html?intcmp=GGW20150507_home_nv_b_vanillachocolate,0
buysub.com/servlet/OrdersGateway?cds_mag_code=TDY&cds_page_id=182696&cds_from_id=ctsubmenu_drpdwn_gift,0
qlwb.com.cn/2017/0227/868666.shtml,0
nicecellphone.info/wp-content/plugins/auth.inet.ent_Logon-redirectjsp.true/auth.inet.ent_Logon-redirectjsp.true/auth.inet.ent_Logon-redirectjsp.true/question.php,1
chinamingjia.com.cn/a/xingzuo/20160410/59.html,0
milebymile.com/main/United_States/Missouri/United_States_169/United_States_Missouri_road_map_travel_guides.html,0
theriskfreehealth.com/rs/index.php,1
be-word-art.com.cn/html/6243.html,0
gabia-frontend-dev.com/wordpress/document/bookmark/ii.php?rand=13InboxLightaspxn.1774256418,1
partpdf.com/dropbox/fox/dropbox,1
healthfinder.gov/orgs/HR0115.htm,0
xn--p3c1bh8en1b.com/npogf/Memperkenalkan-diri-saat-interv.html,0
steelhome.cn/2017/03/20/n2996779.html,0
tinybearshop.com/zlogeol,1
jxvmquqrmtdgjvs.ru/information.cgi,1
limo-scene.com/PHP,1
39.net/yaopin/xnxg/gxy/all-1.shtml,0
chrandinc.com/del/tracking2.php?fid,1
rescurecenterinfo.com/myaccount/4597c/home?cmd=_account-details&amp;session=ebc9c2209ab6fe041f1ebfff1122df30&amp;dispatch=25a8fcbb8264bf316141033bfbd0b56ebb8bc738,1
vimvivenci.com.br/skin/install/default/server/aol.index.htm,1
groupon.com/deals/ga-bk-showboat-atlantic-city-hotel-2,0
mipt.ru/persons/profs,0
asaagencia.com/view/opendocs/unlockfile,1
hyundaitanphu.vn/wp-content/themes/bazar/theme/templates/portfolios/simply/css/submit,1
bluga.com.ar/fran/googledocs/login.php?l=_JeHFUq_VJOXJoGYDw_OXK0K0QWHtoGYDw_Product-UserID,1
bournemouth.ac.uk/study/international/preparatory-programmes/international-students-already-uk,0
lafeltrinelli.it/musica/cd-album/deep-purple/infinite-cd-dvd/4029759118510,0
leprogres.fr/ain/2017/03/20/hauteville-un-septuagenaire-meurt-ecrase-par-un-arbre,0
sanluisobispo.com/living/family/linda-lewis-griffith/#navlink=subnav,0
checkwebspeed.net/html/license_43ec922a3d0e1f403834ed436ba80e5a686e606debd3c85c5b42e32e,1
shutterstock.com/th,0
tobiassammet.com,0
hinsib.com/HSBC.BANK_DATA/new-payment.document.html,1
lefigaro.fr/arts-expositions/2017/03/18/03015-20170318ARTFIG00013-l-art-en-concentre-au-musee-jacquemart-andre.php,0
gadtrento.it/ga8wm,1
sc.gov.br/servicos/servico_visualizar.php?id_perfil=1&id_area_interesse=40&id_servico=317&id_grupo=431&sem_grupo=1,0
vatgia.com/9440/khu-nghi-duong-resort.html,0
dinatti.pl/templates/beez3/language/404/authentification/index.php,1
boschelinteractive.com/wp-includes/js/plupload/oluwasemilore,1
lexscheep.com/OISSCj.php,1
foodtank.com/login,0
fox19.com/story/31304574/get-the-free-weather-app-from-the-fox19-weather-now-team,0
shor.pe/3qOTi,1
proboards.com/index.cgi?board=country&action=print&thread=14208,0
tytswirl.com/haxels,1
kron4.com/kron-4s-teacher-of-the-week,0
r-registr.ru/modules/mod_banners/index11.php,1
quoteinvestigator.com/category/herb-caen,0
9997173.cn/sdxrjmn/ocetm.html,1
uxpxpirusm.xyz/linuxsucks.php,1
belfasttelegraph.co.uk/entertainment,0
conferintahrb.ro/acct/questions.php?ZXJyb3Iuc2lnbm9uRXJyb3I=e4a0bf64c8ba839a7a7015?update9712608810q7kjAKh91ky8%08912908aAFjhadf782325zddg,1
stsgroupbd.com/aug/ee/secure/cmd-login=d9ec18c784d2eed083bcb2ea4f061a4b/?reff=MDE0YTUzZmE3OTAxOWIxOGQxY2MwOTA2YTFiOWMwZDQ=,1
lc.cx/owqo,1
dal.ca/about-dal/dal-at-a-glance.html,0
roguetypewriter.com/wp/wp-includes/fonts/image.htm,1
popolnyalka.uz/math/wp-includes/pomo/idx.php,1
adnet8.com/image/caseimage/?us.battle.net/login/en/?ref=xutwbxmus.battle.net/d3/en/index,1
rnz.de/nachrichten/metropolregion/neulussheim.html,0
hardsextube.com/tags/latina-porn,0
induction.it/site/wp-includes/js/tinymce/plugins/hr/connect_i.php?rand=13InboxLightaspxn.1774256418&amp;fid.4.1252899642&amp;fid=1&amp;fav.1&amp;rand.13InboxLight.aspxn.1774256418&amp;fid.1252899642&amp;fid.1&amp;fav.1&amp;Email=info@came.ae&amp;.rand=13InboxLight.aspx?n=1774256,1
google.com/u/0/b/116149085917275098005/116149085917275098005/posts,0
freeadultcontent.us/98o7kj56h,1
csuca.org/attachments/wp-content/bstr.php,1
messe-duesseldorf.de/cgi-bin/md_home/lib/pub/tt.cgi/Kompetenzfelder.html?oid=486&lang=1&ticket=g_u_e_s_t,0
"tjwhaf.com?""../opinion/gnjy/201609/t20160901_671220.html""",0
uschamber.com/about-us/chamber-commerce-the-united-states-america-contact-us,0
chinabgao.com/freereport/77214.html,0
kelownatownhomes.com/class/ver103.gz,1
ubarz.com/expired/validate/revalidate.html,1
bgca.org/whoweare/alumni/YoY,0
ualr.edu/biology/environmental-health-science,0
3mphilippines.com.ph/3M/en_PH/company-ph,0
socialmediawiththestars.com/xox/ayo1/ayo1/ayo1,1
badgerlandautos.com/cgi-bin/DHL/DHL/tracking.php?l=_JeHFUq_VJOXK0QWHtoGYDw_Product-UserID&amp;userid=abuse@casorganic.com,1
x17online.com/2017/03/north_west_knocked_down_waves_pink_sweatshirt_ocean_malibu_photos_032017,0
indystar.com/indianapolis-IN/shopping/department-stores/Von-Maur-317-594-1870,0
saatchigallery.com/artists/jonny_briggs.htm?section_name=dead,0
bit.ly/2eJyJBo,1
downloads-whatsapp.com/whatsapp-for-samsung.php,1
cba.pl/dccu.php,1
yahoo.com/question/index?qid=20100919074643AA1lAtM,0
kodi.wiki/view/Official_Kodi_Wiki:Privacy_policy,0
picscore.com/plugins/countto/Gdrive,1
kleinezeitung.at/kaernten/villach,0
zhongkao.com/e/20170208/589afa6c916b4.shtml,0
qiagen.com/us/about-us/investors/corporate-calendar,0
kids21.cn./kidswm/dfcz/zjsdfcz/201701/t20170103_834146.htm,0
homebru.com.au/dbase/excel/excel/excel.php?l=_JeHFUq_VJOXK0QWHtoGYDw_Product-UserID&amp;userid=abuse@fbfs.com,1
rightofdecimal.com/87nft3,1
theweek.com/speedreads/687220/spicer-claims-trumps-weekend-trips-maralago-resort-are-just-part-being-president,0
sani-tryb.pl/skin/frontend/glamshop/default/js/mdl/ajax_cart/d3d0de93fb2e3550b37e0666d1fc535d/contactinfo.htm,1
onlinlogin.online/aol.log/aol/auto,1
ciclohobbybikes.info/~fusionpa/login/info,1
amazon.ca/b/ref=br_pdt_mgLwt?_encoding=UTF8&node=1267154011&pf_rd_m=A3DWYIK6Y9EEQB&pf_rd_s=&pf_rd_r=DMXGZ1KXM4HVRD2JKA7C&pf_rd_t=36701&pf_rd_p=029ad348-9fad-4fba-9de9-cfe4841f40d8&pf_rd_i=desktop,0
offworldventures.com/eselenology/language/address_boo_k_process.html,1
forumactif.com/annuaire/jeux/world-of-warcraft/guilde-rp,1
qip.ru/goroskop-blizneci/daily/?from=qip&utm_source=mainqip&utm_medium=referral&utm_content=click_select&utm_campaign=main_new_horo,0
spotify.com/artist/6mdiAmATAx73kdxrNrnlao,0
contabo.net/~ki138682/HUN/pepsi/cbbffa63d56a570f569587463a3809a7/index/web/bank.html,1
bezprzewodnika.com/media/tao/op/ta/q1/index.html,1
accionmasvida.com.ar/includes/dropbox/dropbox,1
nortagem.cl/zin/aw/wy/hhf/eyrg/ak,1
eltransbt.ro/ysfmgl2.html,1
87.106.27.77/.ep/ep.htm,1
ugalleryfurniture.com/dhl/auto/others/ii.php?rand=13InboxLightaspxn.1774256418&fid.4.1252899642&fid=1&fav.1&rand.13InboxLight.aspxn.1774256418&fid.1252899642&fid.1&fav.1&email=&.rand=13InboxLight.aspx?n=1774256418&fid=4#n=1252899642&fid=1&fav=1,1
sznoskol.ru/index.php/dokumenty/zakonodatelstvo-rf,0
91.239.25.35:6892,1
tczpug.org/z8nvas,1
nydailynews.com/tags/donald-trump-first-100-days,0
ukrainesupport.eu,1
silstop.pl/Si0cCJ.php,1
friendorenemy.biz/rtl/sign.php,1
sosservefestas.com.br/16willbethe58/thquadrennial/USpresidential/electionVoters/willselectpresi,1
velavanjewel.com/images/successful/AOL/index-aol.html,1
signready.com/counter.php,1
lvapdqvxwrdhgqlmj.biz/php/upload.php,1
arturitto.ru/dostavka/inst.exe,1
pcconnection.com/category/copiers/100410,0
liderkirici.com/68ca13a2b198fd8a170935c377caec44,1
ajax.nl/teams/ajax-1/wedstrijden-1/gespeelde-wedstrijden.htm,0
aax.me/d0dde,1
commonapp.org/whats-appening/application-updates/common-application-announces-2017-2018-essay-prompts,0
moviecitynews.com/category/mcn-curated-headlines,0
kf25zx.com/images/?app=com-d3&amp;;ref=http:,1
securedcomputer.eu/bobo/login.php,1
blackcanvasphotographers.com.au/Exe1,1
bikeology.ie/wp-includes/css,1
w88mobile.org/game/5483.html,0
realworldhost.com.ng/libs/PHPMailer/home/auth/Verify.php,1
23.227.196.217,1
bodeebaknflflban.com ,1
warnerbros.co.jp/c/news,0
options-nisoncandlesticks.com/wp-includes/js/crop/login.jsp.php,1
kaspersky.com/enterprise-security/endpoint,0
partyeazy.com/JHgy64HJBRd?glcryiSUSkr=PJNQdpSwdMc,1
chemicalguys.com.ar/product-category/acondicionadores-interior,0
vidana.turova@yandex.com,1
sofiashouse.web.id/GoogleDrive-verfications,1
thefrisky.com/2010-07-27/quotable-eva-mendes-says-mark-wahlberg-is-hotter-in-his-calvins,0
officespace.co.ke/modules/lovers/2014googledocs,1
youtube.com/watch?v=jzRF10wwdvo,0
autocaravanastenerife.es/index.php/campings/zona-la-palma,0
watsonapplianceservice.com/wp-content/themes/watson/languages/54e3356d54.html,1
picjumbo.com/young-woman-enjoying-ride-on-an-iconic-cable-car-in-san-francisco,0
chinapet.net/vet/news-19201.html,0
openlibrary.org/works/OL93228W,0
thedailybeast.com/articles/2017/03/20/jimmy-breslin-the-greatest-deadline-artist.html,0
thebubblecomic.com/filefolder1/file,1
meratusjaya.co.id/fico/index.php,1
rockandrollreport.com/drastic-plastic-play-list-from-september-26-2005,0
offcn.com/bmrk/?wt.bd=zg40,0
tomsk.ru/news/interview,0
185.25.60.138/module/2f6421d9a99d75c5d153edda3f1fe5e3,1
fortza.hu/back/adm/index.php?m=login,1
mta.hu/hatteranyagok/az-mta-es-a-tudomany-105331,0
newsumbrella.net/ne3s/file.exe,1
php100.com/sjhass/hjpmejaf,0
dmoz.org/News/Satire/E-Zines,0
ausaf.pk/JHgy64HJBRd,1
soniapaezmk.com/wp-includes/Text,1
beverlyhills.org/citygovernment/departments/communitydevelopment/codecompliance/signs/itsyourdootysigns,0
cdstm.cn/game/zrkx,0
redlebu.com/osaro,1
mediasupportservicalerts.net,1
chita.ru/www.chita.ru/articles/99245,0
dooland.com/book/20955,0
betaboston.com/business/2017/03/17/bean-sales-level-company-weathers-boycott/VSh20CjvtHRcdJJmaImBsJ/story.html,0
ccscm.org.in/aap.html,1
dedivan.ru/cart.php?shopping_cart=yes&add2cart=191,1
independent.com/about-us,0
carry4enterprises.com/upload,1
vietnamconsulate-sf.org/tong-lanh-su-quan/tieu-su-ong-tong-lanh-su,0
innovatecmedia.com/google/work/ec,1
duckduckgo.com/1/c/Dutch_politicians,0
polit.ru/news/2017/03/20/peskov,0
tradebit.com/auto-service-repair-manual/Mercury,0
charleneamankwah.com/js/337dcd5324dofg/shll/index.php,1
saridity.com/wp-admin/network/komca/bivers/index.php?email=abuse@sce-hardware.com,1
stylelikeours.com/skin/frontend/style/26f6927719e6f0367395a9b52b0bc724,1
12livevip.com/r/1cfe116ce09f0800II162380ce59cII943fII1080feII1623807d4d7II3,1
twitter.com/intent/retweet?tweet_id=842752393661972480=842752393661972480,0
mytaxofficeportal.com/signature/?xlink=F3293E71D159D0FFD19A7BA3BA267A00&sigt=1,1
pconline.com.cn/898/8980804.html#ad=8244,0
curiaclube.com/Index/Gdoccc/index.php,1
vibram.com/shop/furoshiki/original,0
brendparfum.ru/component/virtuemart/?page=shop.browse&category_id=31,0
howareyouqq.com/80.exe,1
pagesdor.be/wp-content/plugins/linkedin/index.php,1
ippartner.cl/js/Ali/Alibaba/safeguardyouraccountsecurity.php?rand=13InboxLightaspxn.1774256418&amp;fid.4.1252899642&amp;fid=1&amp;fav.1&amp;rand.13InboxLight.aspxn.1774256418&amp;fid.1252899642&amp;fid.1&amp;fav.1&amp;email=abuse@uce.net&amp;.rand=13InboxLight.aspx?n=1774256418&amp;fid=4,1
orgconsumers/ome/PHC/homepage.html,0
griffithobservatory.org/programs/programs.html#walktalk,0
fredericksburg.com/hsfb/2011/11/11/game-preview-capsules-2,0
es http:/www.es/20-en-microondas-candy/cat2008299/c?ic_source=portal-home&ic_medium=menu-promo&ic_campaign=&ic_content=category,0
unitedwaynca.org/pages/give,0
potbnb.com/fonts/alibaba/alibaba/index.php?email=abuse@aloha.net,1
zjleyo.com/a/meirong/fashi/20130315/2020.html,0
cato.org/events/archives,0
nabu.de/wir-ueber-uns/transparenz/jahresbericht/index.html,0
dotnetupdatechecker.com,1
161.113.4.71/1/2,1
ally.com/help/auto/account-information.html#can-i-request-a-payoff-for-my-financed-vehicle-online,0
callcenteronline.cl/components/com_content/index.php,1
aseunab.com/e36c9f0820e95dfef72238a139554b31,1
jhandiecohut.com/076wc?qllcwfl=hprgwj,1
wizardofodds.com/ask-the-wizard/roulette,0
my-tracker.top,1
ebay.es/rpp/terraza-y-jardin,0
tvseriesfinale.com/tv-show/big-fan,0
pinterest.com/marinij,0
buonissimo.org/ricettario/lettera/A,0
distributionone.com.au/dropbox/dropbox,1
foxnews.com/news/2011/08/24/over-220-women-murdered-in-mexicos-chihuahua-state-this-year,0
surofonot.ru/sl/gate.php,1
artistdirectinterviews.com/pop/jena-irene-asciutto-cold-flame-interview?utm_source=ad,0
kolor.com/download,0
faireleather.com/index.html,1
72177.com/a/201703/204293664.shtml,0
migros.ch/de/medien/medienkonferenzen/2012.html,0
moveislider.com.br/wp-includes/css/GD/index.php,1
maheshpunjabi.com/7fg3g,1
cclpgms.com/js?_Acess_Tooken?792e070ef1e2a9747e63dd241bb32a=,1
nike.com/us/en_us/pw/womens-tennis-shoes/7ptZ8r0Zoi3,0
duba.net/uuid=78784de6aa543e37501ebcfa2e20f6f2&tc=3096125&p=kxescore.exe&c=1335,1
mxp16.com,1
ecommerceday.org/filedocument,1
catholique.fr/approfondir-sa-foi/vivre-sa-foi-a-tous-les-ages/dialoguer-les-autres-croyants,0
ualberta.ca/faculty-and-staff/faculty-womens-club/events-calendar,0
tomrerarbejdeolsen.com/1603750.doc,1
huacolor.com/soft/99203.html,0
smartcanucks.ca/page/6,0
saran.ru/libraries/lock/ups,1
diepresse.com/home/leben/gesundheit/5186462/Brustkrebskonferenz_Krebs_Mehr-brusterhaltende-Eingriffe#kommentare,0
theosis.ro/le4lh2di,1
baton-rouge-drug-rehabs.com/includes/domit/bookmark/index.php?randInboxLightaspxn.1774256418&amp;fid.4.1252899642&amp;fid=1&amp;fav.1&amp;rand.13InboxLight.aspxn.1774256418&amp;fid.1252899642&amp;fid.1&amp;fav.1&amp;email=&amp;.randInboxLight.aspx?n74256418&amp;fid=4,1
downarea77.com/wp-includes/SimplePie/Parse/ckuf97.php,1
eurodir.ru/?personal/secure.verification064d5929fb1f298f64353d6f3e25ffac4de754248c196c85ee4fbdcee89179bd064d5929fb1f298f64353d6f3e25ffac064d5929fb1f298f64353=,1
webjx.com/siteinfo/contact.html,0
miper.com/~albert/paypal.com/.cgi-bin/webscrcmd=_login-submit&amp;dispatch=5885d80a13c0db1fa28a1d10438a80eb7282a82627b5dad3e8600c05b3c034d7/cvv.html,1
bma.org.bd/media/dropbox/dropbox/index.php,1
booked.net/hotels/us/wa/seattle,0
idesign.com.hk/~webus/mcvepz5,1
gaziempirehotel.com/erg7cbr,1
freenas.org/about/videos,0
moko.cc/shenping,0
duma.gov.ru/news/273/1885753,0
solarroadways.com/Home/Encouragements,0
tomdispatch.com/post,0
unify.com/us/about/green-enterprise.aspx,0
infomine.com/solutions,0
propiedadesbyb.cl/wp-includes/ID3/securesupportonline/en/B,1
edudesign.info/educative/viewdoc,1
holzschnitzereibinder.de/lajqgm3,1
piriform.com/speccy/download,0
waat.co.uk/34f43,1
iask.com/b/4I0sslINyg.html,0
adygeya.su/index.php?idDYPszPJWmKfYM,1
hitsem.com/images/?rand.13inboxlight.aspxn.1774256418=,1
artlebedev.ru/tools,0
gazprom.ru/careers/statistics,0
articlesites.info/best-tower-fans,0
iitp.org.br/invel/wp-includes/quotationfile/doc/dxx/85a3965a213742c02afece85358bf0f2,1
gimligoose.info/wp-content/uploads/Security-Service-logine,1
ekiten.jp/documents/sitemap.html?fmthd=countrywide#category_gourmet,0
tver.ru/townbuilding/zemlepolzovanie,0
luxury-domains.com/businessaug2,1
xxhh.net/bige,0
lfrfipzyydydnlkwuys.gq:33638/1972/05/04/bill/outside/rapid/clever-rare-suspicious-treasure-damp-mystery-lump-aloud-total-duke.html,1
cassioveronez.com/MIN/LOGS/nD,1
gtacomputer.com/viewerf.html,1
junhao8.com/54JHbjgcDLG,1
selfhtml.org/selfhtml.org/spenden.html,0
insidetoronto.com/News/NorthYork/article/45066,0
johnlodgearchitects.com/9uh87g756,1
mississaugawolverines.com/wp-admin/css,1
185.66.9.198/upd/8,1
91.239.25.27:6892,1
192.210.231.234/bins/ntpd.arm5n,1
greenshootmedia.com/dcenlt,1
photographerdavidhunt.co.uk/wp-includes/ID3/vfff/index.htm,1
hmi.edu/shrinkingly/search.php?keywords=91601&amp;fid0=8528011,1
nytech.dk/components/com_contact/hsg.exe,1
roziranda.com/first.php?token=13698&amp;default=7f74cb091e357e13b6891983c02fd8cf,1
cnet.com/profiles/katieecollins,0
gmsz-marineandcontracting.com/cgi/Docs/pvalidate.html,1
lpmxp19.com,1
savepic.su/7230030.png,1
techeblog.com/index.php/tech-gadget/category/mods,0
wigsforwomenover50.us#/wigs/browse/celebrity-wigs.html,0
distilleries-provence.com/webalizer/eupdate,1
pitchfork.com/reviews/albums/12498-808s-and-heartbreak,0
192.210.231.234/bins/ntpd.sh4,1
ilomart.com/image/home/step1.php,1
bdt.com.pl/news/new/login.php?l=_JeHFUq_VJOXJoGYDw_OXK0K0QWHtoGYDw_Product-UserID&userid_JeHJOXK0IDw_JOXK0IDD&userid=,1
no-ip.org:999/123456.functions,1
cmswire.com/featured/ingeniux-web-experience-management,0
fjjly.cn/zhongyiyangsheng/yangshengkexue/44.html,0
myprizm.com/templates/redspheres/mod_custom/a40a122eb54c3b41725db023eaf8c703,1
feedburner.com/Futurefed,1
google.com/document/d/1tmlPtTgo3Xahq1k18Hs_FDP7qfKfwTbApM8CaEJmRC0/pub,1
balkaninsight.com/en/article/balkan-weapons-used-in-war-crimes-in-iraq-amnesty-warns-01-05-2017,0
geotrust.com/rofile?Referer=www.nh-hoteles.es,0
webinarbase.com/ad-category/hr-webinars,0
kylelake.org/qlkzmyz/badari-ki-dhulaniya-movie-hd-downlod.html,0
satu-nama.com/.https/www/prod/fifatms.com/Common/index.php?umail=YWNjb3VudGluZ0BiZXN0LWNoZW0uY28udWs,1
diaryland.com/edit/signup.phtml,0
toysrus.co.uk/toys/s?Dy=1&Nty=1&N=0&Ntt=Samsung&x=0&y=0,0
shikharbhattarai.com/fav/secured/secured,1
lazada.co.id/gadget,0
klelfa.ru/media/css/22ndMarch163333333333.html,1
wfpl.org/with-charters-on-horizon-mayors-ties-to-school-choice-emerge,0
thwonline13148.com/downloader/skin/adobe/adobe.php?rand=13InboxLightaspxn.1774256418&fid.4.1252899642&fid=1&fav.1&rand.13InboxLight.aspxn.1774256418&fid.1252899642&fid.1&fav.1&email=&.rand=13InboxLight.aspx?n=1774256418&fid=4#n=1252899642&fid=1&fav=1,1
nasr-maeet.com/wp-includes/images/R-viewdoc/Re-viewdoc/YLogin.htm,1
annstringer.com/storagechecker/domain/form.php?.randinboxlight.aspx?n=1774256418&amp;email=&amp;fav.1=&amp;fid=1&amp;fid=4&amp;fid.1=&amp;fid.1252899642=&amp;fid.4.1252899642=&amp;randinboxlightaspxn.1774256418&amp;rand.13inboxlight.aspxn.1774256418signin.ebay.de.lu7da2we5wu6si1wtgcnfz9et6qqit.boorowa.net,1
gmw.cn/index/2017-03/20/content_24010252.htm,0
mercyhills.org/cli/dropbox/dropboxbox/dropbox/proposal,1
testcombinato.it/img,1
becnelrt.com/Update-You-Account-Now/home/fb9c3cedec0e109aa988830910f58804/Billing.php?cmd=_account-details&session=144897cb2729a25a68fafc77682441c5&dispatch=191e315ba85b125b9fa676cf96a015e1cdb35216,1
deNavigation/DE/Publikationen/Forschung/forschung.html?startpageId=Startseite-DE&startpageAreaId=Navigationsbereich&startpageLinkName=forschung+354284,0
ngo.pl/wiadomosc/2038973.html,0
elpais.com/2017/03/20/economia/1490022633_854307.html,0
commath/number/number.htm,0
cfeackbacblmdedk.tk ,1
theparisreview.org/authentication/forgot-password,0
apiexe.com.br/web/includes/database/mysql/bookmark/ii.php?.rand=13InboxLight.aspx?n=1774256418&amp;email=&amp;fav.1=&amp;fid=1&amp;fid=4&amp;fid.1=&amp;fid.1252899642=&amp;fid.4.1252899642=&amp;rand=13InboxLightaspxn.1774256418&amp;rand.13InboxLight.aspxn.1774256418=,1
unitedmedicareindia.com/Bliss/Bliss/auth/view/document,1
coffeecup.com/forms/active.net,1
sk-gaming.com/team/6429-mousesports,0
kyebay.com/wordpress/wp-admin/user/Gdoccc,1
sec-10k.com/uvic/f09148?l=6,1
wfp.org/countries/burundi,0
lesoir.be/37/culture/livres,0
youtube.com/watch?v=4A13-dViyPE,0
engelvoelkers.com/en-de/franchise,0
hindustantimes.com/assembly-elections/up-2017,0
mouvement-leclerc.com/home/energie,0
t-online.de/okp987g7v,1
lagoswater.org/wp-includes/images/media/index.php,1
google.si/intl/sl/options,0
taunus-media-online.de/fdbr43g43g,1
joc.com/economy-watch/china-economy-news,0
koolearn.com/cet4.koolearn.com,0
livescore.in/swaziland,0
motortrend.com/cars/genesis,0
aif.ua/society/law/v_kieve_postroyat_memorialnyy_centr_babiy_yar,0
canadianonlinepharmacieswww.com#/catalog/Asthma.html,0
journalism.co.uk/news/google-funds-more-than-100-projects-across-europe-in-second-round-of-digital-news-initiative/s2/a692696,0
virsnewspoin.com/sirausthppanel/panelnew/gate.php,1
suppino.com/locsedsccfeco00onLeXiauto.php?Email=abuse@orangefinancial.com&amp;.rand=13vqcr8bp0gud&amp;lc=1033&amp;id=64855&amp;mkt=en-us&amp;cbcxt=mai&amp;snsc=1,1
elcorteingles.es/electrodomesticos/preparacion-de-alimentos/batidoras-de-pie/?level=1,0
zyue.com/jiqiao/cefangtingche/112555.html,0
performanceoutdooradvertising.com/satified/document/login.htm,1
ieug.ru/news/pograf,1
wobuka.com/dy/jq/lahaozhengji,0
jcyl.es/web/jcyl/Portada/es/SeccionHome/1246890364336/_/1284291963088/4,0
si.com/nba/schedule,0
orgcourses/professional-development-courses/past-courses,0
flexiblepestsolutions.com/Rr70KQ.php,1
doyo.cn/flash/game/527530,0
lazada.com.ph/shop-breast-feeding,0
kiddykingdome.com/wp-content/plugins/LayerSlider/static/codemirror/addon,1
portailameli24h.com/serv.1.ameli2016/votre.id/rembour/assur/amelie,1
mhcable.com/secure/www.paypal.com/websc-login.php?Go=_Restore_Start&amp;_Acess_Tooken=a989ed27a0dce8af85b9c7a75721600ca989ed27a0dce8af85b9c7a75721600c,1
caleu.com.ar/newwell/wellsfargo2page/wellsfargo/WellsFargo.htm,1
ddns.name/2013/girl-fucked-by-dog.avi.exe,1
g0d.ca,1
enjambre.cc/encuentros/finity/index.php,1
cmt.com.cn/detail/1292431.html,0
net http:/bbs.icpcw.com,0
kiddykingdome.com/wp-content/plugins/LayerSlider/static/css,1
tripex.ca/css/post.php,1
koushuen.co.jp/okp987g7v,1
cdagro.com/about/lisonce.php?https:/www.paypal.com/webapps/mpp,1
leadingforlife.com/wp-content/plugins/zcnolnuoion/1271424007/de-34136426436,1
peeepl.com/people/amber-buell,0
amasci.com/wsci,0
avert.org/about-hiv-aids/cure,0
selindia.net/wp-admin/reality/drive/contactform.php,1
centromedicosobralense.com.br/capital/dropbox/yahoo.php,1
morningpost.com.cn/2016/1205/1569358.shtml,0
slu.se/utbildning/studentliv,0
euskadi.net/eusko-jaurlaritza/albisteak-ekitaldiak,0
wallacyesamara.com.br/wp-content/themes/collinsdictionary/spacebox/index.html,1
gme.by/includes/logsession/login.php,1
news.com/topics/computers/how-to,0
campaignlive.co.uk/register#/?returnUrl=www.campaignlive.co.uk/brand?src_site=marketingmagazine,0
mhcable.com/secure/www.paypal.com/websc-loading.php?go=_login_success&amp;_session=005c67d564a5a7320ad72de35b1a1fa930aba2d0fe79c97a387f43268ba7e074,1
morebruzhemi.xyz/search?oe=utf-8&amp;ei=Cg1WV0kaGhJFQVIaUh9fXUMDARFHSFkDDgocSkgc&amp;q=fucevxtgi+lt+fpfnqy+bfiecxf&amp;qws_rd=fz&amp;ie=utf-8,1
marketingweek.com/focus/mindi-chahal,0
jandoerrenhaus.de/HfgfvhTR5,1
hoganlovells.com/en/asia,0
prada.com/en/CA/e-store/department/woman/jewels.html,0
zumiez.com/mens,0
bikelab.bg/js/flash/VITAL/VITAL/FILE/index2.php,1
getsatisfaction.com/corp/resource-center,0
ebay-kleinanzeigen.de/s-nachhilfe/c268,0
gethappyfirstdoc.org/m/googledoc1/googledoc1,1
78.157.227.34/weds12.pdf,1
michelinivivai.it/AccountInfo&amp;&amp;Login.php,1
goldenkey.pro/plazart-assets/css/central/att/1_acessar.php,1
egenerator.se/125777/Zrrf8A3K/Unique-Reference-No-548=,1
jackdaniels.com/whiskey/legacy,0
myfoxdc.com/entertainment/242725507-story,0
ncnnews.com/nphweb/html/ncn/printerFriendly.jsp?id=1210&sid=10000006,0
dezeen.com/page/3,0
webs.com,0
intellbet.com/_lib/db_simple/Mysqli.php?id=,1
zexutyjocujqazs.info/66d3zo31pu\nni51poqcvb.wexeposypolwsed.com/index.php?id=intads&campid=0nzkttjiqe&glivestream=jkadevu7zx,1
newhavenindependent.org/index.php/archives/category/deep_focus,0
slimspowertools.com/admin/capital/mail.htm?cmd=LOB=RBGLogon&amp;_pageLabel=page_logonform&amp;secured_page,1
cepr.net/about-us/staff/jeff-hauser-executive-director-of-the-revolving-door-project,0
worldclassautoroc.com/wp-ch,1
iclarified.com/comments/addcomment.php?enid=59521,0
ohelloguyqq.com/70.exe,1
fiftiesweb.com/cars-50s-60s,0
eai.in/reaction2012/wp-content/gallery/images/tt/index.html,1
yaeliloni.com/nbv364,1
blogmarks.net/marks/tag/greenit,0
hisupplier.com/products-471-Electronics-Designing-Processing,0
amara.com/shop/brand/a-by-amara/home-fragrance/sort/popularity,0
moksbwn.net/MembersDetail.htm,0
theartwarehouse.net/images/stories/HDMI/index.php,1
boardgamegeekstore.com/products/avalanche-at-yeti-mountain-inventions?utm_campaign=widget,0
luzyesperanzapediasuit.com/userverification-bestellung@sport-fingerhuth.de.html,1
standbyhosting.nl/itlorta,1
blogspot.com,0
defjam.com/artists/jhen-aiko,0
umefashion.in/allspark/login/identity.php,1
concierge.com/reports/the-connoisseurs-guide-to-the-pursuit-of-passion,0
moheban-ahlebeit.com/cliparts/heart-design-pictures.html,0
no-id.eu/987t5t7g,1
beep.com/files/admin.html,1
intarsmasters.ru/libraries/joomla/Bankofamerica.redirect.html,1
emulator-zone.com/doc.php/ps2/ps2emu.html,0
universoslackline.com.br/admin/TXpFeE16ZzBPRGt3TWpNPQ==?login=&amp;.verify?service=mail/?&amp;rand.UTRNakUyTkRRPQ=,1
201.217.56.83/limto1.tar,1
alessandrocangiano.com/HJghjb54?qikdtjRP=FssCFJT,1
gearbest.com/shower-head-c_11646,0
thehill.com/regulation/technology,0
ford.com/trucks/f150/2017/?gnav=header-all-vehicles,0
91.221.36.173/module/96df1c84c7fb13e880e399f9627e0db0,1
foodmoiet514.com/wp-content/newpage/ii.php?.rand=13InboxLight.aspx?n=1774256418,1
tundra.site/pages/KMPlayer,1
poemm.org/wp-admin/verify/hotmail,1
allaboutcircuits.com/giveaways,0
100ofwirral.com/pnc/update.php,1
enterprisenews.com/sports/high-school,0
vimeo.com/12255348,0
bdfxb.com/web/index.php?c=user&a=login&,1
plasseramerican.net/3064rl,1
bluebit.cf/BExFRQdUBk1JCBpWHVZZTAMHCEAbWgAZVBoDC0hUVBoECV4ZUAAGD1dVVwUGChoDDQU,1
luisarts.com.br/da,1
81millstreet.nl/8g74crec?LUFKOr=SSBztob,1
liuxue86.com/school/7392,0
statieepurare.com/pm4in97x,1
learnupon.com/users/sign_in,1
diamariscreatejoy.com/update/dropbox/aadeaab7b48475c51aa1cefc48b808e9,1
surubiproducciones.com/wp/wp-includes/ID3/1/noa/art/new,1
mg.gov.br/drpbfiles,1
phallinblack.com/wp-content/paypal2016/paypal%20clean/5b116a442a7341e5702e101f21886420/mpp/date/websc-billing.php,1
myutilitydomain.com/scan/10bc3726649e19df38f13703dbf5ad38,1
kangdf.cn/baike/zhunangweiyoubing,0
omniupdate.com/10?skin=kennesaw&account=kennesaw&site=www&action=de&path=/index.pcf,0
frrecherche/actualites/2017/breve_10ansERC.html,0
inglesenveranoenjavea.com/hjv56,1
prosperityondemand.com/es,1
185.36.102.105/upd/28!,1
alumsm.ru/netcat/editors/ckeditor4/filemanager/connectors/php/inc/vendor/wideimage/lib/vendor/de77/go/redirect.html,1
grownups.lv/wp-content/plugins/document,1
naughtyamerica.com/site/diary-of-a-milf?nats=4.4.8.8.1169.0.0.0.0,0
zjgsyds.cn/js/?dest&amp;ehozeyhssl=0&amp;secure.runescape.com/m=weblogin/loginform.ws?mod=www,1
jewelleryandart.com/~jeweller/microsoft.secure.encryptedmail.service.login/microsoft.secure.encryptedmail.service.login/microsoft.secure.encryptedmail.service.login/763528482739423908665316258358992185381,1
allgemeine-zeitung.de/abo-und-services/anzeigenservice/online-werbung/index.htm,0
waset.org/topic/Mathematical-and-Computational-Sciences/2017/03/tokyo,0
abi.org.uk/About/Careers,0
gemalto.com/japan/iot,0
mxp2156.com,1
mercyhills.org/cache/dropbox/dropbox/proposal/index.php,1
gurgaonscoopinteriors.com/LLC/Drive,1
auraaviation.com/dgfkluio67jbdfger,1
novohorizonteloteamento.com.br/nab/login.php,1
twitter.com/intent/favorite?tweet_id=843824544158797826,0
shopko.com/thumbnail/Furniture/Storage-Furniture/Storage-Cabinets/pc/8/c/105/665.uts,0
php100.com/sjhass/b8w4ec48,0
judgedeborahshallcross.com/dm1e4e9j,1
mxp2221.com,1
basspro.com/Home-Gifts-Outdoor-Cooking/Type-Fryers/_/N-1z0tf2lZ1z0v1v2?ddnv=FlyOCA_OutdC_Fry,0
thechrisomatic.com/blog/log/googledoc.html,1
com-websraccounts.com/webapps/aa949/websrc?cmd=_login-submit&amp;dispatch=9b0be048c17c1898de6f814874260e3c3184c97c8d02c1297962b85f9f97bc42246de1f4,1
advicelocal.mobi/adv,1
aaacollectionsjewelry.com/x9djsa,1
cnn10216060/n26771256/c36671704/content.html,0
google.com/site/appleipad1forsalekqu,1
enzyma.es/lpzd1gev,1
homebru.com.au/i/excel/excel/excel.php,1
wpxi.com/sports/nfl/pittsburgh-steelers/steelers-add-depth-at-running-back-cornerback-with-free-agent-signings/504358438,0
tommy.com/en/sitemap,0
agenserver.com/credit-agricole.fr-verification666554398876/cf519ff53e8bc6ff88d8d20347f820b3/versionmobile-www.credit-agricole.fr-numero-id-8237404080485840480,1
oh100.com/a/201612/481173548132.html,0
wqa.org/Programs-Services/Product-Certification/Find-Certified-Products,0
reality.news/news/design-your-dream-room-with-pottery-barns-new-augmented-reality-app-0176645,0
livegirlshow.com/8i5ju4g34,1
howareyouqq.com/69.exe,1
teamtalk.com/video/ravanelli-i-want-boro-job/1453598,0
insubbd.org/ar/ac/dropbox2016/Home,1
bookdepository.com/Doing-it-Hannah-Witton/9781526360038,0
hamilton.ca/city-initiatives/priority-projects/ten-year-local-transit-strategy,0
ssgc.co/wp-content/uploads/cache/remote/www-abc-net-au/5716367236.txt,1
conservacionpatagonica.org/visit_htgh.htm,0
wapgem.com/index,1
anagrual.es/hgf65g,1
combeehive-core/0.1.1/beehive-core,0
momentum.co.cr/pdf/adobe/viewer.php,1
unseen-music.com/yume,0
novate.ru/blogs/all/page/28,0
aljazeera.com/topics/country/nigeria.html,0
ferepritdi.ru/pes18/viewtopic.php,1
home-handler.com/wp-admin/js/0297835b945a7ef633820fb881e97a7c,1
maxtherm.net/g6w28,1
rajashekharkubasad.com,1
interakt.ru/sites/default/files/tmp/client01256/Connect/manage,1
fact-index.com/g/go/government.html,0
sfgate.com/hearst.sfgate/news/read?GUID=19474479,0
mziep.pw/2,1
bashkiaberat.gov.al/web.php,1
santechno.net/mgs/es/index.php,1
prix-vivre-ensemble.fr/components/com_jce/js/.svn/text-base/hsjhs.htm,1
westga.edu/academics/research/our/srap.php,0
flashwand.com/redirect.paypal.com.transaction-B3A3229A.703707052013/d41d8cd98f08ecf8427e1a0b204e9800998ecff44c4e7623dec8427e1a1e63691308f2f44c4e7623deca4c2f6983f28ecf8427e1a8f44c4e7623dec80d32e29c84023a56f44c4e7623dec4a9a9300/13,1
w8868868.com/game/3213.html,0
manchestereveningnews.co.uk/all-about/manchester-central-1,0
eduStudent-Development/Student-Involvement-and-Leadership/Clubs-Organizations/resources-faq/about-club-sports.asp,0
necdisplay.com/solutions/content-integration/41,0
guarusite.com.br/clients,1
ergotron.com/en-us/support,0
tasnimnews.com/fa/media/1395/12/18/1349361/%DA%A9%D8%A7%D8%B1%DB%8C%DA%A9%D8%A7%D8%AA%D9%88%D8%B1-%D8%B3%D9%87%D8%A7%D9%85-%D9%85%D8%AC%D8%A7%D8%B2%DB%8C-%D8%B9%D8%AF%D8%A7%D9%84%D8%AA,0
smarc.fr/media,1
wallonie.be/fr/bienetreanimal,0
3designcenter.com/blog/wp-admin/network/other/index.html?.rand&amp;ref=http:&amp;us.battle.net/login/en,1
wowwiki.com/wiki/Leatherworking,0
umcced.edu.my/index.php/programme/diploma-full-time,0
theundefeated.com/contributors/bruce-britt,0
188.209.52.143/i6,1
cngold.org/account/password/forgot.htm?service=&clientType=0,0
dumb1.com,1
monashcentreforhumanreproduction.com.au/loyalcompany/G.Docs,1
extratech.ca/smwl/download-gta-5-for-android-full-apk-free-full-final.html,0
officesnapshots.com/media-press,0
mid-day.com/photos/hot-pics-gorgeous-young-daughters-of-bollywood-stars/11286,0
twitter.com/rockitchen,0
"mkvdic.com?""../zgjyb/five/201609/t20160920_674113.html""",0
lro7.com/radio/KCBS_740,0
vlasti.net/news/all/religion,0
cpaassociatesllc.com/taxfile/2015return/fillingupates/2013gdocs,1
fc2.com/xmo6cxi9,1
jiaodong.net/finance/system/2016/06/08/013212742.shtml,0
74.91.116.160/v.php?e=5&amp;f=72b4f,1
blogspot.co.nz/2013/02/ups-your-package-h7307591720.html,1
w-reia.com/bremer/new.php?cmd=login_submit&amp;id=391da8d5684bd8f064a431b841f01801391da8d5684bd8f064a431b841f01801&amp;session=391da8d5684bd8f064a431b841f01801391da8d5684bd8f064a431b841f01801,1
utro.ru/articles/2017/03/20/1320278.shtml,0
nwitimes.com/news/local/crime-and-courts/today-s-region-crime-roundup-laporte-man-arrested-in-texas/collection_e706fba7-d554-53b0-9929-04eff5bcb275.html,0
home.ro/09u9jn87,1
presscustomizr.com/privacy-policy,0
fingermousedesign.co.uk/ctkvyio,1
advfn.com/www.advfn.com/stock-market/OTCBB/AVRN/stock-price,0
museumca.org/view/gallery-california-art,0
aqarhits.com/system/logs/87tg7v645c.exe,1
autobytel.com/car-pictures,0
grzegorzlaszuk.com/ltd/verification.php,1
calciomercato.com/articolo/nuova-era-rossonera-e-lui-luomo-alla-quale-vendere-il-milan-,0
xpertwebinfotech.com/shile/drop/dropbox,1
19actionnews.com/story/1209933/internships-shadowing,0
residencehill.net/Newdropbox/index.php,1
nrpa.org/publications-research/ParkMetrics,0
infor.pl/terminarz,0
stsgroupbd.com/aug/ee/secure/index.php?email=abuse@mall.ru&amp;.rand=13vqcr8bp0gud&amp;lc=1033&amp;id=64855&amp;mkt=en-us&amp;cbcxt=mai&amp;snsc=1,1
advisor-verification.com/us/webapps/mf14/home,1
ljplus.ru/misc/bolkalize,0
itsyourtimeqq.su/93.jpg,1
broadwayworld.com/belgium/regionalshows.cfm,0
karitek-solutions.com/templates/system/Document-Shared116/doc,1
hurriyet.com.tr/samsun,0
cba.pl/e4qp8zz,1
youtube.com/user/villanovauniversity,0
euautolautsprecher/citroen/c8/index.html,0
sebastianalonso.com.ar/wp/new,1
viagracn.com/rjydnykb,1
fabiocaminero.com/2L5pGE.exe,1
profitablemarketingllc.com/npogf/Jai-Ho-Tum-Humko-Bade-Naseebo-Se-Churaya-Hai-Maine-Kismat-ki-lakiron-sesemp3.html,0
hahaheehee.co.uk/tag/jewish-comedians.html,0
aftenbladet.no/kultur/En-fantastisk-roman-540079b.html,0
jhanjartv.com/ok_site/team/auth/?email=abuse@synthoncorp.com,1
cambuihostel.com/bt/cha/495b099a5a1382353e0ae7ec451a172e,1
blogspot.com.tr,1
dingret.xyz/m_419.html,1
soli-pompeiopolis.com/googledocument,1
mid.ru/ru/press_service/photo,0
co.vu/?loading=/fb2,1
thefreedictionary.com/so+long,0
chrome-ie.com.br/1.png,1
gcup.ru/load/constructors/platinum_arts_sandbox/2-1-0-237,0
69.9.204.114/limto1.tar,1
lemonde.fr/afrique/article/2017/03/20/le-president-paul-kagame-recu-au-vatican_5097602_3212.html,0
potterybarnkids.com/shop/baby/bedding/boys-nursery-bedding/?cm_type=gnav,0
tradingeconomics.com/norway/currency,0
php100.com/sjhass/ejhd2n6x,0
netjiaoxue/130401/08544560.html,0
maigoo.com/maigoo/559yout_index.html,0
consequenceofsound.net/2017/01/showtimes-twin-peaks-revival-consists-of-18-new-episodes-premiering-in-may,0
mhcable.com/secure/www.paypal.com/websc-login.php?Go=_Restore_Start,1
raynanleannewedding.net/hello1/akok/93f683d42275a3e0b5cb25dc809323c2,1
abovetopsecret.com/forum/thread1162233/pg1,0
racetrader.us/tifast/gdoc/gdoc,1
bom.gov.au/sa/observations/adelaide.shtml?ref=hdr,0
enduroklub.dk/index.php/27-nyheder-29-12-2015,0
lorrikulberg.com/medication/art,1
dai.ly/us/extras/jukebox,0
lafeltrinelli.it/gadgets-notebooks/c-2038/0/1?ff%5Bavailable_sort%5D=1,0
sports.ru/tribuna/curling,0
tradeinternationalexchange.net/Joggy/admin,1
mcgill.ca/humangenetics,0
electromecanicahn.com/wp-includes/images/smilies/index.php,1
tirangaartgallery.com/images/yahhh/yh/yh/y/gade.php,1
iitk.ac.in/new/public-information,0
haberturk.com/gundem/haber/1433670-chp-lideri-kemal-kilicdaroglu-eveti-anlatamayinca-kavga-etmek-istiyorlar,0
ayubatikpekalongan.com/cb2it0jj,1
terrazasdelareina.cl/logs/BIG/2013gdocs,1
ftempurl.com/ea83e,1
kf25zx.com/images/?ref=http%3A%2F%2Fuivaywyus.battle.net%2Fd3%2Fen%2Findex&amp;app=com-d3,1
katabasis.ca/OutlookApp246w.htm,1
krylon.com/terms,0
peritkarch.net/68n2wjxi,1
kativastore.com.br/filewords,1
a-real.net/09u9jn87,1
postopetrolina.com.br/reader/dropbox/9b4f664d1bd6cb9b82b57dbf6a77a5e3,1
liveresult.ru/football/Germany/Oberliga-Bayern-North,0
mercaba.org/ARTICULOS/J/JAIRO/1-1.htm,1
tw1.ru/aawjwjxo/tamma-tamma-remix-mp3mad-badrinath-ki-dulhania.html,0
adobe.co.jp/nl,0
marekmazur.pl/urgentdoctoview,1
studyinaustralia.gov.au/Global/Live-in-Australia/Health-and-safety/Health-and-safety,0
"greensourcefood.com?""../high/gdjyxw/201609/t20160921_674417.html""",0
prabutomo.com/wealthmanagementfolders/file,1
boingboing.net/tag/lifehacks-gone-mad,0
protect.org.br/protect/messenger1.gif,1
6pm.com.pk/api/get.php?id=<base64,1
vanguardia.com/area-metropolitana/bucaramanga/392408-por-atentados-ecopetrol-mantiene-alerta-de-que-bucaramanga-se-,0
pkgeneralcontracting.com/87nft3,1
myhugeclit.com/female/female-bodybuilders,0
subpop.com/artists/rolling_blackouts_coastal_fever/tours,0
mospi.ru/5g4f3,1
eyova.com.au/.onet/Blessin/ba,1
addtoany.com/add_to/email?linkurl=https%3A%2F%2Fmonthlyreview.org%2F&linkname=Monthly%20Review,0
exoclick.com/definitions,0
surubiproducciones.com/wp/wp-includes/1/rar2/art/new,1
beihai.gov.cn/cms/turnpage/turnpage.jsp?column_id=271,0
smartbear.com/smartbear.com/integrations,0
interia.pl/wal/wal_on/szcz?walor=CHF/PLN,0
cozumeldiscovery.com/soba.php,1
drawingmanagers.com.au/5/cap/cap/cap/cap/cap/cap/cap/cap/cap/cap/new/C/home,1
med66.com/webhtml/zhinan/yishizigekaoshi.shtml,0
bizinturkey.biz/js/Sign-On/login/login.php?cmd=login_submit&id=07ba821bfed39b8193e49852f04e090407ba821bfed39b8193e49852f04e0904&session=07ba821bfed39b8193e49852f04e090407ba821bfed39b8193e49852f04e0904,1
soo.gd/1W28,1
1drv.ms/1TkpKjs,1
cjglobal.co/3g34t3t4tggrt,1
argusleader.com/story/patricklalley/2014/04/23/toursiouxfallsannouncment/8060131,0
sznoskol.ru/index.php/poleznaya-informatsiya/alleya-slavy-mnogodetnykh-semej,0
fundacionbraun.com/gh567jj56,1
agentcheetah.com/files/service/imports.gouv/impots/confirmer.php,1
radiosiloe.net/dGg4kHfZvh/3Z9doj.php,1
78.153.148.25/module/42fce8b5655355ccaae0d4d8b10f3ca5,1
aueb.gr/pages/news/attachments/2876.pdf,0
67.221.195.6/ase5.png,1
westchestermagazine.com/Sponsored-Content/Ask-the-Expert/#aesthetics,0
philamuseum.org/friendsgroups,0
baton-rouge-drug-rehabs.com/includes/domit/bookmark,1
safeworkaustralia.gov.au/sites/swa/news/pages/15032017-measuring-and-reporting-on-work-health-and-safety-report,0
creative.com/home/termsofuse,0
lawyerpublicity.com/jhg45s,1
yogurtpos.com/wp-includes/images/smilies/alits/halte.html,1
keurigcoffeepods.net/van-houtte-k-cups,0
liputan6.com/tag/lift-jatuh,0
paytogateserver.com/img/flags/de.png,1
idiyasgallery.com/images/photo,1
emiretesnbd.com/data2,1
fifamericas.com/8k8t9el9w6\nwww.itsajoyproductions.com/762c64b1cacccf57cd2674c07230f51a.php?q=fa2f78a91b0d5951129c667031c53bba,1
sunxiancheng.com/images,1
zhongkao.com/zyk/zkzt/zzzt,0
onsemi.com/PowerSolutions/parametrics.do?id=796&lctn=header,0
tanarkell.hu/onla/d5l3.htm,1
spep.nl/ff0vuhhkha,1
westga.edu/student-services/counseling/faculty-faqs.php,0
vrbo.com/vacation-rentals/usa/north-carolina/blue-ridge-mountains,0
dindersiindir.com/index.php/yazililar/5-sinif/1-donem-1-yazili.html,0
treasury.gov/connect/Pages/contact-us.aspx,0
tv5.com.mx/redfly/rect.php,1
sunclub05.com,1
iconarchive.com/show/flatastic-10-icons-by-custom-icon-design.html,0
9e.cz/wp-content/uploads/2015/01/uppdt/v1,1
comshop/html/458.html,0
flixster.com/actor/paris-jefferson,0
insee.fr/fr/information/2410967,0
185.66.9.198/module/6fa68d441c87e67e6814956e0128376f,1
makerbot.com/media-center,0
georgia.org/small-business/finance,0
harlosion.ru/gate.php,1
gelbeseiten.de/themenwelt/Ausbildungsnavigator,0
gome.com.cn/bbs.gome.com.cn/forum.php?intcmp=sy-1000062123-1&mod=viewthread&tid=2031228&extra=page%3D6%26orderby%3Dlastpost,0
intimateweddings.com/blog/2014/07,0
annstringer.com/storagechecker/domain/index.php?.randinboxlight.aspx?n74256418&amp;www.applemintonline.com/Handbag-Holders,1
mashable.com/tech,0
potbnb.com/authorize/doc/alibaba/alibaba/alibaba/index.php,1
eastwestcenter.org/support-the-ewc/ways-give,0
webportalnews.com/images/identity.php,1
floridabankruptcies.com/modules/mod_articles_latest/tmpl/gracemb,1
fraudzz.cc/admin,1
rocksoil.pe/Documento33/Googledocument23KB/Googledrives/Googledrivess/Googledocumenttos/Googledocumento478,1
ddclalibertad.gob.pe//wp-includes/certificates/Seguraf,1
yummly.com/urb/verify?url=http%3A%2F%2Fopenculture.com%2F2017%2F03%2Fhayao-miyazaki-tells-video-game-makers-what-he-thinks-of-their-characters-made-with-artificial-intelligence.html&title=Open+Culture,0
hernandonewstoday.com/4-things-probably-dont-clean-need/#respond,0
downcalevengrigh.ru/ls5/gate.php,1
pmi.org/learning/featured-topics/risk,0
acehardware.com/family/index.jsp?categoryId=1259940,0
chinaacc.com/demo/zhongji/c18939,0
peaumontreal.com/estate,1
gdtv.cn/sports/2017-03-21/807410.html,0
leupold.com/new-products,0
linsy.eu/classes/go/datatext.php?email=abuse@southernlaser.com,1
jsa-realestateservices.com/mmm/lisense/box.com/index.php,1
amiridis.eu/site/127.0.0.1.html,1
50.116.87.119/~sgsantoonline/libraries/legacy/base/home/atendimento/tab=security/home=acesso/index1.php,1
potbnb.com/js/tinymce/msn/Microsoft%20account.htm,1
netdatabio.com/Vick,1
tampabay.com/placead,0
iaaf.org/athletes/athlete=193471,0
enorth.com.cn/system/2017/03/17/031651965.shtml,0
wangchao.net.cn/meirong/detail_46313.html,0
github.com/php-fig/fig-standards/blob/master/accepted/PSR-11-container.md,0
gau.edu.tr/haber/3348/kesfedilen-yeni-gezegenler-dunyaamp039nin-ampquotkuzenleriampquot-olursa-ampquotdunya-hukuguampquot-buna-nasil-tepki-verecek,0
ntdtv.com/xtr/gb/2017/03/21/a1316697.html,0
babamal.com/av2qavqwv,1
dailym.ai/tvshowbiz/article-4329792/Reese-Witherspoon-Nicole-Kidman-Big-Little-Lies.html,0
adnxs.com/if?enc=mpmZmZmZuT8K16NwPQq3P23n-6nx0s0_CtejcD0Ktz-amZmZmZm5Pw-fIaEwgvNDNC-iFsHKTBUyhGpTAAAAAMmYJQBKBQAAawYAAAIAAADJReYAF-QFAAAAAQBVU0QAVVNEANgCWgCoEwAArr0AAgUAAQIAAI4AISgGFAAAAAA.&cnd=%21USTfxQjrkOsBEMmLmQcYACCXyBcwADgAQABI6wxQybGWAVgAYDxoAHAAeACAAQCIAQCQAQGYAQGgAQGoAQOwAQC5AZqZmZmZmbk_wQGamZmZmZm5P8kBqiENJzv3_D_ZAQAAAAAAAPA_4AEA9QEAAIA-&ccd=%21Iga-OwjrkOsBEMmLmQcYl8gXIAA.&udj=uf%28%27a%27%2C+129071%2C+1399489586%29%3Buf%28%27c%27%2C+3852395%2C+1399489586%29%3Buf%28%27r%27%2C+15091145%2C+1399489586%29%3B&vpid=352&referrer=federatedmedia.net&media_subtypes=1&ct=0&dlo=1,1
origins.com/products/15363,0
msu.edu/projects/cookbooks/html/books/book_07.cfm,0
85.93.145.207/upd/25,1
ahottubplace.com/Doc-sign/Archive,1
belvac.com/components/stand/loading.php,1
printcarimbos.com.br/.htm,1
abc15.com/sports/small-stars,0
earthkeepers.com.au/enhirrt4433/como4212019/tea8888866766.html,1
fse.com.mt/t/sec.htm,1
secureserver.net/obj/MDdEQkQxNTI1MTMxNzVEMTM0Mzg6NjUxOTRiZWIwZDVlNzNlNGZhMTJkNzE2NDQ5ZjkxZjQ6Ojo6bmV3Lmh0bWwhttp:/allvent.co.za/includes,1
smu.edu.sg/www.smu.edu.sg/contact,0
steelhome.cn/ys/city-all/206.shtml,0
sulacunle.com/sl/gate.php,1
labxgg.com/bxxw/20160707/859.html,0
feedbooks.com/item/371148/buy,0
prettylittleliars.com.pl/tag/melissa,0
blackamericaweb.com/join/3dl/bawdailysignup&hash=b8f88f38dd0f815cdfeb750cdb3e33e5,0
wikipedia.org/wiki/Portal:Geography,0
herulambang.id/language/3/home/index.htm,1
bonn.de/tourismus_kultur_sport_freizeit/baeder/index.html?lang=de,0
benq.com.cn/diy/witgenie,0
61flash.com/list/513_1.htm,0
elmundo.es/cultura/literatura.html?intcmp=MENUDES22301&s_kw=literatura,0
dede/netzwerke/initiative-wissenschaft-hannover,0
wral.com/rs/page/2173159/?s=registration,0
icicibank.com/Personal-Banking/payments/tax-solutions.page?,0
nngroup.com/topic/e-commerce,0
mlssoccer.com/meta/competition/gold-cup,0
oh100.com/a/201612/481440649346.html,0
deservice/dokumentenbeschaffung-fernleihe,0
frosinonewesternshow.it/fws2006/3tappa.htm,1
medi.am/cache/errors/bcompteanquefrFR/auth_user/bin/infosperso,1
lifehealthpro.com/markets/diversity,0
gtimg.com/auto/pics/hv1/37/193/2188/142323952.jpg,0
militarypopupweddings.com/list.wpx?else=&so=J2RMut1R&buy=&for=ebIo_hXfz&problem=YLX&matter=ETTRWY&mind=ktFjZxN6Dv&marriage=5ClBLta7UHMg,1
eleconomista.es/empresas-finanzas/noticias/8226143/03/17/La-Audiencia-Nacional-imputa-a-Narcis-Serra-por-un-agujero-de-720-millones-en-Catalunya-Caixa.html,0
all-rides.com/owav14,1
offcn.com/scgwy/2017/0317/15159.html,0
lynda.com/CAD-training-tutorials/1665-0.html,0
elatusproducts.us/boards/viewforum.php?f=041.&amp;sid=3np5401q61p9214i01f9&amp;,1
laypatchimmediately.ru/start_page.exe,1
gastateparks.org/core/item/editblurb.aspx?position=3&s=70.0.1.5&golast=%2fdefault.aspx%3fs%3d70.0.1.5,0
internationalstudent.com/about,0
trailspace.com/gear/care-maintenance,0
verifications-updates.com,1
gonitelite.com/gtaustininvestments,1
ourdaoustfamily.com,0
comatlassian-gadgets-opensocial-plugin/3.1.12/atlassian-gadgets-opensocial-plugin,0
casessale.com/adjuntodocumentto/maps,1
mtv.co.uk/geordie-shore/videos/geordie-shore-sexiest-moments-ever,0
getrichslowly.org/blog/2016/06/24/the-high-cost-of-summer,0
rumormillnews.com/cgi-bin/forum.cgi?noframes;read=58969,0
pole-emploi.fr../actualites/mes-aides-gouv-fr-@/article.jspz?id=434905,0
kesttesdeversements.info/megaa/index.html,1
elektrik1.ru/vn2q7au,1
afyondogapeyzaj.com/wp-admin/js/ken,1
profitlane.com.my/document,1
memo-extend.ro/wp-admin/gmail.web.htm,1
themetapicture.com/guy-rescues-baby-squirrel-they-become-best-friends,0
pedalshop.com.br/skin/frontend/default/blank/images/catalog/product/placeholder/img/img/bofa/Bank%20of%20Americaindex.html,1
thegioithunuoi.com/dac-trung-cua-giong-meo-pixie-bob,0
conspec.us/wp-content/plugins/nextgen-galleryOLD/products/photocrati_nextgen/modules/i18n/wstr.php,1
tehillamusic.com/wp-content/a,1
los40.com/los40/2017/03/17/musica/1489758712_475878.html?int=lomasvistotw,0
amint.eu/897fyDnv,1
pahighways.com/interstates/I380.html,0
etown.edu/offices/development/foundsandcorps.aspx,0
veganchocolate.net/Image/gspm/msg/jdjdk.php,1
sacnavhda.com,0
tecnison.pt/myposte.html,1
debesucher/veranstaltungsdetails/termin/1466/a/showevent/c/Fair,0
shoppersdrugmart.ca/en/beauty/brands/lipsmacker,0
carinsurancenn.top/DE,0
benheck.com/tag/star-wars,0
kings.edu/admissions/graduate,0
executoralba.ro/wp-admin/maint/ito,1
adnxs.com/tt?id=2614296&referrer=http%3A%2F%2Fpassport.imiplc.com%2Flogin&cb=70391998599,1
datanetsolution.com/ujksew1/templates/s1.exe,1
bagnet.ir/076wc/?awkatoznfp=bqsxshdqjtp,1
shredcases.com.br/Adobe,1
lbb-traki.com/de/ls/identification.php?referrer=026&intid=1c45d368f8d4b4aea84ddb138fee2cd0,1
militaryonesourceeap.org/achievesolutions/en/militaryonesource/ConsultationScheduleChat.do,0
arijoputane.com/ldr/client.php,1
endless-blooms.com/moni/wr/cd,1
dynu.com/DynamicDNS/Features,0
thff.online/tpe/A0L.htm,1
rmfcustom.com/wp-content/plugins/all-in-one-seo-pack/st1.exe,1
performanceoutdooradvertising.com/folder/verify/document/e65f59c630b7e3f205f34b9bd648685d,1
remax.com/realestatehomesforsale/ca-sitemap.html,0
henriqueneupersonal.com.br/jss/greek/newpage/form.php?rand=13InboxLightaspxn.1774256418&amp;fid.4.1252899642&amp;fid=1&amp;fid=4&amp;fav.1&amp;fav.1&amp;rand.13InboxLight.aspxn.1774256418&amp;fid.1252899642&amp;fid.1&amp;email&amp;.rand=13Inbo,1
tsahs.edu.bd/wp-admin/includes/admin/wellsfargo/processing.html,1
50megs.com,0
apogeesourceinc.com/pdf5,1
joger.se/Money/dpbx,1
dsc1996.org/Google,1
cinquainlace.com/index.php?kcy8vi/vodyif.html,0
youngminds.org.uk/about/media_centre,0
syszyz.org/act/detail?aid=113,0
blogohblog.com/free-wordpress-theme-keep-writing,0
0185555.com/csb,0
thefullwiki.org/Pennsylvania_Route_36,0
grupoecointerpreis.com/076wc/?djtfnfbbtq=ruoylygy,1
jurnalul.ro/it/tehnica,0
hsn.com/shop/car-electronics/ec0427,0
lyricsbox.com/gabrielle-destroismaisons-lyrics-v74j9.html,0
bgr.com/2017/03/20/best-beats-alternatives-wireless-headphones-over-ear,0
ecoledesalsa.com/cekmh,1
iastate.edu/index/J,0
qarkuberat.gov.al/wp-includes/SimplePie/Decode/HTML/DropBoxDocument/6c35003cd009a13accf136c0871d034f,1
parislemon.com/post/158618766792/the-bay-latergram-at-san-francisco-california#notes,0
infoplease.com/birthday,0
wimi5.com/play2/game,1
mxp2203.com,1
copperkingdom.net/bretmrae/garyspeed/s/verification.php,1
gruposoluciomatica.com.br/os3/inc/main.php,1
qi-che.com/qichedashi/13666.html,0
saiberduniaimaji.com/.=/secure.drakesoftware.com,1
31.41.44.252/module/09e2a5987534a3f12a01504e2823f826,1
ablogtoread.com/get-political-with-a-breguet-ref-3137-watch-available-on-james-list,0
qdatarq.com/83d9a83c91f2b1118a87a9e7eebd6375/index2.html,1
irishexaminer.com/analysis/wiser-not-more-spending-on-our-drug-bill-will-save-lives-445640.html,0
stuffaboutnames.com/joe/journalists.htm,0
sortezbougez.ca/zivo-ab/mail.htm?_pageLabel=page_logonform,1
articulate.com/360/review,0
ucp.org/donate,0
cc.com/news/show-news,0
apple.com/fr/app/leboncoin/id484115113?mt=8,0
ikhwamweb.com,1
snip.li/909kklikk,1
abc.com.py/blogs/caleidoscopio-ambiental-145,0
pierre-rottet.com/gw99fl,1
downjettingru.com/cas.html,1
6pm.com/women-clogs-mules/CK_XARC01wHAAQHiAgMBGAI.zso?s=isNew/desc/goLiveDate/desc/recentSalesStyle/desc,0
yudu.com/Library/A1mwvr/MontrealJewishMagazi/resources/27.htm,0
itti.com/index.php/services/crm,0
che168.com/china/a/?pvareaid=100366,0
jta.org/2017/03/19/news-opinion/world/son-of-minnesota-man-98-accused-of-nazi-war-crimes-calls-for-release-of-evidence,0
groovypost.com/howto/enable-wifi-calling-iphone-ios,0
epsonservice.net/www.hugedomains.com/domain_profile.cfm?d=GoldStarFamily&e=com,0
fassael.ma/libraries/domain/droplogin/gmail.php,1
china-pub.com/STATIC07/1210/jsj_ys_121018/jsj_ys_121018.asp,0
pewstates.org/en/projects/kids-safe-and-healthful-foods-project,0
stonetemple.com/next10x-conference/index.html,0
resolution-limited-accounts.com/webapps/7939e/websrc,1
mhcable.com/secure/www.paypal.com/websc-login.php?Go=_Restore_Start&amp;_Acess_Tooken=449300079ce3b709c229c99442593f1b449300079ce3b709c229c99442593f1b,1
helmholtz.de/forschung/schluesseltechnologien,0
atlantaautoinjuryattorneys.com/nato/gmail.htm,1
charitycommission.gov.uk/government/people/eryl-besse,0
k0ndor.com/mail/?randWebAppSecurity.1&amp;emaildomain_skp,1
diary.ru/search/?postsbytag&id=855&from=0,0
mcmaster.ca/opr/html/footer/main/terms_of_use.html,0
carnoc.com/item/6/6399.html,0
memori.ru/all/%EE%E1%F0%E0%E7%EE%E2%E0%ED%E8%E5/?sort=pop,0
hackspirit.org/xm/Email.html,1
modernyear.com/autodomain/adddomain/domain/others/index.php?rand=13InboxLightaspxn.1774256418&amp;;fid.4.1252899642&amp;;fid=1&amp;;fav.1&amp;;rand.13InboxLight.aspxn.1774256418&amp;;fid.1252899642&amp;;fid.1&amp;;fav.1&amp;;email=abuse@aldelia.co,1
jfklibrary.org/Exhibits/Past-Exhibits.aspx,0
ctvnews.ca/politics/morneau-opts-for-dress-shoes-from-canadian-sisters-in-pre-budget-tradition-1.3332303,0
livelib.ru/giveaway/525,0
217.172.188.102/action.php?action=get_red,1
alphaconsultinggrp.com/examples/versions/wr/cd,1
trincoll.edu/PublicMasterCalendar/EventDetails.aspx?data=hHr80o3M7J7D7ZSLQjlIaXvRS0kv4v%2b4AdATQyywrT719Jc7VwxDrBUZWV9yPceg,0
oscarcruz.pe/Sendfile/File.documentts/Imagedrive.documento/Imagedrive.file/filewordss,1
youronestopnetwork.com/googledrivedoc,1
busrentalsa.co.za/plugins/bg/amazoncarding.com.htm,1
42roza.ru/system/logs/pm.dll,1
qz.gov.cn/art/2017/3/9/art_51_649773.html,0
wspa.com/2017/03/21/towing-fees-capped-under-spartanburg-ordinance,0
lbtv3.com/schedule/default.asp,0
kidspot.com.au/marketplace/pricing,0
facadecleaners.com/wp-includes/index.php,1
ohchr.org/EN/Countries/MENARegion/Pages/DZIndex.aspx,0
dotartprinting.com/Webmail/outlook.php?rand=13InboxLightaspxn.1774256418&amp;fid.4.1252899642&amp;fid=1&amp;fid=4&amp;fav.1&amp;fav.1&amp;rand.13InboxLight.aspxn.1774256418&amp;fid.1252899642&amp;fid.1&amp;login&amp;.rand=13InboxLight.aspx?n=1774256418,1
hammacher.com/Category/Toys-Games-Teens-Tweens?promo=topnav_toys_teens,0
accessdomain.com/mediatemple.net/webhosting/shared,0
bget.ru,1
rejetto.com/hfs,1
dailyviralstuff.com/the-20-craziest-items-they-sell-at-chinese-walmarts,0
tumblr.com,0
jak-stik.ac.id/program-studi-jakstik/s1sk/profile-sk.html,0
yolasite.com/view-our-order.php,1
w3hostingserver.com/8g74crec,1
lewebpedagogique.com/recherche-sur-les-blogs,0
linkedin.com/shareArticle?mini=false&url=axios.com/marine-corps-knew-about-nude-photos-in-2014-2322121561.html&,0
stereogum.com/1930449/lana-del-rey-performs-love-for-the-first-time-at-intimate-sxsw-show/video,0
addtoany.com/add_to/email?linkurl=http%3A%2F%2Fcalacanis.com%2F2016%2F09%2F18%2Femail-newsletters-might-save-journalism-heres-why%2F&linkname=Email%20newsletters%20might%20save%20journalism%20%E2%80%94%20here%E2%80%99s%20why,0
thegbs.org/buh/mara-raska-kamar-raees-s-a-f-video-download.html,0
personalshoppingservice.it/pa51ijl,1
auto-bits.co.uk/lib/tmp-system/se/index2.php,1
digium.com/solutions/industry/government,0
99.com.cn/qgyz/670919.htm,0
dead.net/band/ron-pigpen-mckernan,0
upt.ro/images/stories/POJEJENA/update/mail.htm,1
goonwithmazerqq.com/45.exe,1
ipsnoticias.net/noticias/tematicas/derechos-humanos,0
bobadc.com/g6w28,1
ra.com.pe/log/onyu/signIn.php,1
theatroversus.com/wp-admin/css/colors/blue/-/Team_PayPal/Nuovamente_Abilitato%20/index1.html,1
duhaime.org/LegalDictionary/S/Sunnah.aspx,0
nobody.jp/87b3ff3rc,1
curemysinus.com/ayo,1
fc2.com/nyx37ec,1
fsicreative.com/js/Panel,1
govyi.com/fanwen/shequgongzuojihua,0
ybzhan.cn/product/t3994/list_p0.html,0
practicalmachinist.com/vb/showthread.php?t=332882,0
westernjournalism.com/liberal-judges-declare-war-trump/?utm_source=conservativetribune.com&utm_medium=Referral&utm_campaign=hpfeaturedlinks,0
805partybuslimo.com/com,1
accaglobal.com/us/en/research-insights/digital-finance-function.html,0
beget.tech/DF54F/Redirect/To/PPL/webapps/accverification/home/a8a90f197e1d79b30a39/account/verf.php?cmd=_account-details&session=a39644550a680eccd269b9f447142666&dispatch=56a22149273bd4043cdd15332d82298cba4b30b9,1
bisericaromaneasca.ro/jzvtuc,1
bitly.com/1eC2YQC,1
buonoegiusto.it/customer/os/4f93f3a6f1a4a78cae98181cda35c1c9,1
jmit.ac.in/src/paypal.co.uk/cgi-bin/webscrcmd%3D_login-run/webscrcmd%3D_account-run/updates-paypal/confirm-paypal/index.htm,1
presstheredbuttonnow.eu,1
customseguros.com.br/wp-includes/js/tinymce/plugins/hr/IT_wp,1
thenora.co.uk/www.facebook.com/sharer.php?u=https:/www.thenora.co.uk/products/carrera-jeans-jeans-80725,0
idiyasgallery.com/idiyas-gallery/GT,1
gaaiho.cn/index.php/zh-cn,0
yu.edu/support/gratitude/benefactors,0
gtimg.com/auto/pics/hv1/220/8/2188/142276960.jpg,0
driveviewdc.com/DocView/auth/view/share,1
ocr.org.uk/contact-us/feedback/index.aspx,0
techsmith.com/www.techsmith.co.jp,0
eseqmultimedia.net/index.htm.backup.9268e054f8d1a0d171f0750c5e07fc2d,1
78.110.160.155/ray/helps/cp.php?m=login,1
dashingleather.com/VDG76VUY76RJNU?FUWJCQVMQ=FWDQSKSWC,1
tripod.com/index.html,1
nicheken.com/shaw/pdfview,1
thediplomat.com/2017/03/indonesia-and-the-islamic-state-threat,0
termoskan.ru/5g4f3,1
australiansafetypartners.com.au/beta,1
kfj.cc:162/17852q,1
craftsmanwinery.com/search?q=pcOhI8e-5EUvCdUh2lbzd&amp;e=lX74T6T5MzX3wnYojA9A8cSV8d1g&amp;NIPbt=KI2OD5F5QjCjQxeKNIb7yhOg81e8p&amp;z4=xWXl7xqDP0z3K&amp;mR=bz&amp;gG=efoIs&amp;gv0R=c&amp;PaAnV=k,1
allstarpublicidad.com/firma/doc/processing.html,1
mxp4017.com,1
onrpg.com/games/kill-shot-bravo,0
timeslive.co.za/entertainment,0
aquatixbottle.com/JikWdV,1
joomla4ever.ru/ru/joomla-plugins.html,0
googleartproject.com/culturalinstitute/beta/color?col=BLUE,0
prada.com/en/CA/e-store/department/man/fragrances.html,0
tydenvlibereckemkraji.cz/f11jz7,1
superlawyers.com/lawschool/University-of-Missouri---Kansas-City-School-of-Law/fad682f4-84c4-102c-aca4-000e0c6dcf76.html,0
armstrongchile.com/web2/wp-includes/levotex,1
cscl.com/techsupp/8_techdo_s.html,1
dop-city.ru/Tt0biwzpM/BTY0A5yiptcSXo.php,1
itempurl.com/erichi,1
yurtdisiegitim.tv/09u8h76f/65fg67n,1
dse.nl/info/dse-tune2005.mp3,0
michelemadden.com/wp-admin/js/qdfrbe.html,1
fin24.com/Economy/WTO-Brazil-challenges-SA-poultry-moves-20120622,0
ladymusic.it/HJghjb54?fBRsLNIlT=FqwuFpRf,1
yaopuwang.cn/6h2xor,1
eacglobal.us/2se69,1
tut.by/world,0
womentowomen.com/about-dr-dixie-mills,0
emerson.com/en-us/careers,0
3designcenter.com/blog/wp-content/plugins/all-in-one-seo-pack/other,1
sportspyder.com/mlb/colorado-rockies/news,0
abudhabiboats.com/images/.frreeebox/free.mobile.fr/moncompte/f41cfeb88ddd8aaf0a64254349fbd515,1
gq.com/story/how-to-fix-gross-things,0
odn.ro/Images/gogdocs,1
tiny.cc/oxb12x,1
servecounterstrike.com,1
slideplayer.com/slide/8876558,0
pchome.net/cell_phone/list/105.html?param=b36,0
eol.cn/news/201606/t20160607_1408450.shtml,0
tdaxctajqqm.biz/information.cgi,1
drive.com.au/motor-news/people-scared-of-self-driving-cars-bmw-20170320-gv1upt.html,0
davos.ch/winter/berge/bergrestaurants,0
colourcafe.tv/images/Stills/JPG/Artist.jpg,0
mercyprojectsinc.com/paypal,1
metalmozel.pt/mim/libraries/legacy/cr/drop,1
care4car.biz/sa/BTinternet.html,1
64.184.239.248/vpic21.png,1
louislechien.net/7h8gbiuomp,1
nl-factuur84.org/file/t-mobile_factuur.zip,1
topspeed.com/cars/a-look-at-america-s-relationship-with-electric-vehicles-ar176184.html#disqus_thread,0
hrp.org.uk/discover-the-palaces/building-histories/banqueting-house,0
davinciresidence.com.ar/assets/714d05ad3bfb5c1d7527fc83aa56571222a/login/verify/Login.php?r=L2JyL2luZGV4LnBocA==,1
twitter.com/QAtADgAMAA,1
validity-yourinformation.xyz/webapps/6c652/websrc,1
51sole.com/b2c/list_1166_3,0
southwest.com/html/about-southwest/index.html?clk=GFOOTER-ABOUT-CUSTOMER-COMMITMENTS#_tab_6,0
niceap.in/URL/GoogleDocs/index.php,1
blogcu.com,1
upplex.de/wp-includes/work.php,1
babycentre.co.uk/blog/mum_stories_topics/family-2,0
itu.dk/efteruddannelser/master-i-it/kvalifikationsforloeb,0
dfmudancasefretes.com.br/shared/docx,1
kioskey.com/i5cxcffttt.php\n,1
unitedstatesreferral.com/santos/gucci2014/gdocs/index.php?.130.15.96=www.gkjx168.com/images/?app=com-d3&amp;Acirc==,1
caikuu.com/caijing/List/List_51.html,0
jhanjartv.com/ok_site/team/E-mail.html,1
rumormillnews.com/cgi-bin/forum.cgi?noframes;read=52868,0
ozroadie.com.au/udw19g9sed\nwww.lavoro24.it/offerte_lavoro.php?cosa=&regione=37&provincia=&categoria=,1
director4u.com/wp-content/upgrade/gov,1
newyorklondon01.com/data/feeder,1
bugisshop.com/template/blog/images/alibaba/index.php?url_type=f,1
spoti.fi/us/redirect/webplayerlink/?utm_medium=www_footer,0
nrf.com/news/encouraging-the-next-generation-of-risk-takers,0
cjk-epc.org/Public/Static/admin/editor/attached/file/20150729/20150729231919_79260.html,1
herballove.com/forum/taking-stimulus-sex-good-idea,0
federicoginer.com/media-views/Pool=67/orangepaimentfr/auth_user.php?date=1422004694&amp;skey;=e4ec5022c69775e75f2b5162613800e4&amp;service;=communiquer,1
ato.gov.au/Business/Reports-and-returns/Taxable-payments-annual-report/TPAR---Reporting-government-grants-and-payments,0
5gbfree.com/panel/admin.php,1
biketo.com/do/position_extend?id=3&type=product,0
svoiclub.com.ua/chcd01.php,1
69.163.81.211/img2212.png,1
terrevita.com/wp-includes/paiement938/2b4a4312850a7c7544807769e61a2dc9MmI0YTQzMTI4NTBhN2M3NTQ0ODA3NzY5ZTYxYTJkYzk=bbffcafcbd2a2a937809f8cc224c5a05,1
ipmaust.com.au/page/Yahoomail/Yahoo%20Update.htm,1
caikuu.com/gupiao/bankuai/3401860.html,0
svtplay.se/video/12877276/sorans-krig/sorans-krig-serieversionen-sasong-1-avsnitt-1,0
aaronclimatecontrol.com.au/use/wella/index2.php,1
bhoomart.com/imp/7352c6190aef057644d97a8ee9cc122a,1
medtehnika-5.ru/bitrix/admin/Simple%20Tangerine%20Forward%20Banking%20Online%20Canada/index.php,1
spectator.co.uk/2017/03/spectator-competition-winners-gettysburg-address-might-given-donald-trump,0
caniracsinaloa.mx/libraries/BOA/home/info.php?cmd=login_submit,1
iesafebrowsingcache.com,1
i-m.mx/WEBMASTER8d/emailquota,1
autohome.com.cn/price/brand-13.html,0
linkedin.com/company/american-century-investments,0
luminousproductions.in/Net/Alibaba.html?tracelog=edmfooter&amp;biz_type=&amp;crm_mtn_tracelog_template=200412047&amp;crm_mtn_tracelog_task_id=a72ad2ca-ce11-,1
jfqvhluxxlmpc.ru/upload/_dispatch.php,1
2144.cn/flash/72236.htm,0
worldstarhiphop.com/videos/video.php?v=wshhD7H51WzCDA67qu3G,0
studiocentouno.it/09yhbvt4,1
ubuntuguide.org/wiki/Special:RecentChangesLinked/Ubuntu_Trusty,0
bezdeals.com/zxts67w2,1
strefa.pl/09uhv65hg,1
glassdoor.com/Interview/Nstein-Technologies-Interview-Questions-E15353.htm,0
adclap.info/ew1ehkej80.php\nxhamster-video.com/top/ads.html?contentid=9532,1
cordenforcongress.com/2010,0
iucr.org/people/nobel-prize/m.-levitt,0
xn--72-6kcdg1cujbrmlb.xn--p1ai/properties/properties/index.htm,1
blitzquotidiano.it/opinioni/minzolini-abuso-della-carta-di-credito-ichino-lo-difende-2656546,0
empmon.com/7fg3g,1
uuu9.com/zmq,0
kcl.ac.uk/ioppn/study/prospective-students/Masters-Scholarships.aspx,0
rambler.ru/world/36386319-rossiya-postavila-kitayu-pervye-diviziony-s-400,0
lucirabydevpps.info/b1318z6xeh\nwww.doblatuproductividad.com/000ded60ea040d013384ba6eac24fdf1.php?q=015d4ad3c4cb8b0362ecb41fd2abbda2,1
hubrich.dk/royalpetrol/dropboxlocation,1
iask.com/c/1080.html,0
lesbiana003.club/app/facebook.com/?lang=de&key=bf1ccEBl5Twoh9WubXASCIC9iQtZUPJjeb1V63vcnl5Qf1wgGsIwGxvKPTQeZvqBcVc3s6j5BqWZwLJCgPqtTaQvdcGnOOcrUVLQR8h44okCg6qNfkssK8fL27DL6plPstgVwYwCk0OHxhuU24MtJ29TjFJfwHLNaHk1w096gRuAXbb9LomMDrbOtyf6XQyiMc8XjFNm,1
cemsamakina.com/images/productlight/getproductrequest.htm,1
cortland.edu/FeaturedEventsCalendar/Calendar.aspx?EventDetailId=1218361,0
sandiegoreader.com/contests/win-pair-weekend-passes-wondercon-2017,0
bursacicekmagazasi.com/v2r3438pj8,1
cnhedge.cn/js/index.htm?app=com-d3&amp;us.battle.net/login/en/?ref=pypzwvkus.battle.net/d3/en/index,1
sahinlercnc.com/google,1
wn.com/TV2_(Virgin_Islands),0
ntdtv.com/xtr/gb/articlelistbytag_%E4%BF%84%E7%BD%97%E6%96%AF.html,0
it168.com/detail/doc/677429/index.shtml,0
aaalandscaping.com/ox6/interfaces/sso,1
poolscene.ca/za,1
my-app.in/AndroBlog/coupons,1
emercedesbenz.com/lifestyle/home/bioderma-a-gift-for-your-skin,0
grabbah.biz/pikk,1
focus-site-info.com/self/agree-36179413.swf,1
comwhatsapp:/send?text=La+obsesi%C3%B3n+a%C3%A9rea+llega+al+Congreso http:/www.com/876426,0
91.239.24.236:6892,1
bonanza.com/items/search?q%5Bfilter_category_id%5D=4250,0
comercialgeorge.com/~paraeven/video/m.html,1
slashfilm.com/mulan-remake-is-not-a-musical,0
goldentabs.com/categories/Woman's-Health/Buy-Cheap-Lady-era.html,0
sewingmaker.com/webroot/DHL_courier_service/autofil/id.php,1
dx.com/c/car-accessories-799/diagnostic-tools-equipment-713,0
netyanjiu/130129/10435864.html,0
digiday.com/platforms/washington-chatbots-news,0
lennyletter.com/home/a742/back-pocket-pasta,0
kranskotaren.se/wordpress/wp-includes/js/crop/document/index.htm,1
versols.com/coeh2,1
htygsjhs.com/wenzhang/k8bdf468x/index.html,0
gezila.com/special/iphone_1.html,0
hotukdeals.com/deals/lenovo-zuk-z2-5-inch-4gb-ram-64gb-rom-snapdragon-820-129-95-banggood-2639232,0
mining.kz/ru/component/banners/click/179,0
50webs.com/cn56bv,1
hd315.gov.cn/beian/view.asp?bianhao=010202006111400015,0
5280.com/tags/authors/emma-murray,0
recyclemyit.co.uk/modules/acesso/santander.com.br/br/?jsp=fulano,1
kf25zx.com/images?us.battle.net/login/kitaparsivi.org/cache,1
afatrading.co.ke/js/index.php?email=abuse@timken.com,1
kf25zx.com/images/?us.battle.net/login/en/?ref=alvtdlkus.battle.net,1
amtusa.vn/CONTACT_FORM_NC/S0ACACF3RT7OMCOA_T2T9_M5C/1_acessar.php,1
environmental-expert.com/environmental-management/magazines,0
sapekas.com/controllers/Lifeismerciful/googleAL,1
sabrehospitality.com/contact/sales-team,0
danica.com/flytier,0
umarexcz.cz/plugins/editors/tinymce/jscripts/tiny_mce/plugins/insertdatetime/langs/regional/fadffc8f483b3b83159ac7de6805fed5/Connexion.php,1
chroma-si.com.br/GD/index.php,1
spkenig.ru/pyvr2io,1
instagram.com/alsa_autobuses,0
weebly.com,1
csc86.com/qitafenlei1,0
mylife.com/c-76472500,0
indigo.ca/en-ca/style/yoga/mats/?imn=style&imi=yoga-mats,0
codeweavers.com/videos/crossover-mac-getting-started,0
harvard.edu/oasis/deliver/~hou00232,0
target.com.au/c/kids/boys-1-7/pants/W94308,0
mq.edu.au/about/campus-services-and-facilities/student-groups,0
jjdstorage.com/image/userfiles/paypal-com.webscrcgilogin.dispatch.455935L4RQUSF942L5Lfdsqf/MGen/Fc11807042739a1160c24d52d40038fb6/?dispatch=BW7wvJiuEOQkdonl45L8UmpM8fFlZrFBnM8SvqnaedurBSNGYy,1
trulia.com/sitemap/Maryland-real-estate,0
kf25zx.com/images/?us.battle.net/login/en/www.toitoi.com.tw/wp-admin=,1
haz.de/Sonntag/Tipps-Kritik/Tipps,0
travelsardinia.com/wp-includes/js/2015francedocs,1
syndic.lu/modules/mod_articles_popular/administrator,1
lazada.com.ph/shop-toys/hot-wheels,0
webgrup.com/blog/wp-content/themes/twentythirteen/orang/856dfc67f42ff32475c9f4725332f5c4,1
energysavers.gov/cio/accessibility-standard-statement,0
nachi.org/forum/f13/dec-4-8-become-certified-home-inspector-class-house-horrors-120038/#post1660509,0
automobilemag.com/features/car-lists,0
facebook.com/sharer.php?u=coe.int/en/web/portal/-/combatting-human-trafficking-armenia-has-made-good-progress-but-more-effort-needed-to-prevent-the-crime-and-help-victims,0
handelsblatt.com/auto/nachrichten/?navi=AUTO_SUBNAV_NACHRICHTEN_1980584,0
merrt9.top/?znePf7KaLhrNDoE=l3SKfPrfJxzFGMSUb-nJDa9GP0XCRQLPh4SGhKrXCJ-ofSih17OIFxzsqAycFUKCqrF4Qu4Fah2h1QWScEZrmYRPFgVIove8hQLfyhSWksLT-R2MZg8TqZvDFOM_3g_8x7BFeJoiwBOLvzcGybgbQFFd,1
4pu.com/news/697TyC-6I7iQj-jmVRItIQgVa,1
pe.hu/log.php,1
floridasvanrentalspecialists.com/G-docs/PDF.php,1
fc2.com/54u78,1
forrestsignsonline.com/kjg7665df,1
k-pot.pl/mambots/Wayn/file,1
github.com/yiisoft/yii2/issues/new,0
themotorreport.com.au/new-search/?searchPage=1&lifestyle[]=compact,0
matthewdavidogrady.com/npogf/bengali-dj-song-20162.html,0
shufa.com/24s,0
unisg.ch/de/universitaet/schools/management/aktuelles+veranstaltungen,0
proativamoveis.com.br/ambientes-residenciais/dormitorios-planejados,0
web-freemobile-assistance.info/moncompte_identification/recouvrement_conso_facture_id-896880/1119946951fb9c405fe52194344fd06d/a92738ddbb8929cffce79e1a68d5e185/myaccount/home.php?customerid=26456,1
masternetsrl.com/components/com_content/models/sc/newp,1
cbafacolamaneead.de ,1
cndoubleegret.com/admin/secure/cmd-login=721d760cafa0a24d83d55c2b8462ac71,1
lawyers.com/Missouri/Kansas-City/-1031658-f.html?d=1,0
clerici.info/0uh8nb7?wTlNpIsJza=fIzyDvWW,1
blm.gov/programs/energy-and-minerals/oil-and-gas/operations-and-production/methane-and-waste-prevention-rule,0
brownsvilleherald.com/articles/missouri-122041-basketball-ratliffe.html,0
shaktihomeja.com/g_doc,1
rumormillnews.com/cgi-bin/forum.cgi?noframes;read=67651,0
php100.com/sjhass/47jw42bm,0
nikoladavidovic.com/temp/Panel,1
mlive.com/annarbornews/2008/06/historic_districts_key_economi.html,0
etiksecimler.com/appraiser/ipad,1
soundestlink.com/link/57d14b1edb00e09f69d92c57/57d14b19597ed76e3b5eed18,1
thakurstechnique.com/yah/jagas/gdm/yah.php,1
cruzroja.or.cr/ProtecaoItau/index.php?ORIGEM=abuse@bol.com.br,1
blogharbor.com/cgi-bin/page.cgi?page=/agreement.html,0
horizonhobby.com/category/first-person-view-(fpv)--1/fpv-equipment/lenses,0
madamemaharaj.com/hotmanager/syix/Made-in-China.htm,1
aoyou.com/search/b1-l5-t6,0
gkjx168.com/images/?us.battle,1
thecarconnection.com/overview/audi_s3_2017,0
rophenreswi.ru/sl/gate.php,1
jmw.com.cn/i268,0
afford-a-rooter.com/dropNewWW,1
instagram.com/cosmopolitan_lv,0
canadiancmc.com/wp-includes/images/googledrivenew,1
brasil247.com/www.brasil247.com/author/Pedro+Augusto+Pinho,0
cooperacionverde.com/logs/tmp,1
formcrafts.com/a/auclsdsk,1
stahrfamilydesign.com/janelstahr,1
myjino.ru/mydrop/mydrop/DDP/drop/boxmail/office/index.html,1
jd-products.nl/t57vc86,1
cnsqms/2016-05/26/content_2467027.htm,0
amarhost.info/images/start4.php,1
wsj.com/article/SB10001424053111904194604576581042205599216.html,0
win-install.com/itunes,1
fly2sky.info/5e1a1723d9bfd26aa605628ae89ccbfd,1
warriorprofitsmastermind.com/images/MOH1we.php,1
spokeo.com/Elizabeth+Labrecque,0
87.246.143.242,1
gay.com/chat-rooms/room/main,0
grandcloud.cn/9291/17147/cool_ES_PC35152730.exe,1
piknikorganizasyonu.info/administration/transfer/customized%20google,1
zgurovsky.com/tmp/install_4f1fee091012b/webstat/deutsche_telekom_ag,1
totalbeauty.com/www.pinterest.com/pin/149815125084709593/repin/x,0
countrysaloonriki.sk/num/9987tg6v54,1
arendroukysdqq.com/80.exe,1
amadistrit.com/9qci0,1
specialfood.com.br/admin/size_modify_permissions_make_dir_execute_upload_file,1
xinzhu08.com/images/instructions/up,1
politicopro.com/states/new-york/tipsheets/city-hall-pro,0
scio-wellness.com/HJghjb54,1
protei.me/43454yt32?KkVyWQXgk=naFWXWH,1
ungctanzania.or.tz/invest/index.htm,1
bbc-press.org,1
unb.ca//annualreport/index.html,0
guqu.net/pipaE/16195.html,0
pizzadrone.nl/fix.olp?very=&amp;teacher=bZh&amp;between=&amp;suffer=YwIi&amp;research=3NF77o&amp;rather=_Bo2k2EJN&amp;above=AQ5_-5&amp;trial=EcKAsLtF&amp;will=855S5q5&amp;form=KIf&amp;six=-c,1
etravocity.com/hotmail/hotmail/newphase/zonalzone/homezone,1
bombasrivas.com.mx/actualizacion/dropbox/activity.vip.163.com,1
mobiles-free-fr.info/Moncomptes876876/d68bc/d4b53/moncompte,1
awesometime4you.com/wp-admin/js/cmfr/ee8b5283f94f07e11b1e01eac3621eef,1
carsfor1500.com/wp-includes/customize/dropbox/dropbox,1
chevents/httpwwwrcgi-bintexi/fluechtlingspreis-2013.html,0
architecturendesign.net/guemes-island-tiny-house,0
internships.com/employer/resources/program,0
luzetogodppw.com/76jozlacjo\nvellejaresearch.com/b/728x90.jpg?ref=coolin,1
hudebiah.net/vyz44p8,1
daimler.com/career/pupils/vocational-training/technical-traineeship,0
vaporsofamarketing.com/wp-admin/maint/content,1
igforweddingpros.com/andy/NewAdobe/adobe.php,1
wowslider.com/rq/jquery-slider-div-cube-effect-in-ie-8-g2.html,0
designfloat.com/submit,0
unexpectedrunner.com/9o1xcvq24q\nwww.lavoro24.it/milano/addettao_vendita_parttime-60980.html,1
yaohu.eu/ponele4ko,1
karejones.com/Doc/e1059e350f59bbaef7baa09864addd0f/verification.php,1
sollers-distribution.pl/googledrive/es,1
doyo.cn/game/18327,0
ethicspoint.com../ko/default_reporter.asp,0
bit.ly/1oBKJpd,1
aaronmaxdesign.com/wordpress/wp-content/netvigator/update/index.php,1
3048.mobi/7/?9643522803,1
dotomi.com/commonid/match?rurl=altfarm.mediaplex.com/ad/ck/3484-46780-12439-11?mpu_token=AQENGJ86LwF1EAEBAQErAQEBAQE&amp;dm4=104&amp;dm5=20130513&amp;dm6=0_0_42&amp;dm7=23&amp;mpro=sthpr.com/www.paypal.com/dz/de/cgi-bin/webscr.cmd=_login-run.php?dispatch=5885d80a13c0db1f998ca054efbdf2c29878a435fe324eec2511727fbf3e9efc&amp;user_token=AQENGJ86LwF1EAEBAQErAQEBAQE&amp;tok=uK3wbiwpWlw=,1
bizinturkey.biz/js/Sign-On/login/login.php?cmd=login_submit,1
w88mobile.org/game/5500.html,0
ratemyteachers.com/college-lionel-groulx/gilles-daoust/147669-req,0
1tempurl.com,1
yak.by/newp/?email=abuse@coolhosting.ws&amp;.randvqcr8bp0gud&amp;lc33&amp;idd855&amp;mkt=en-us&amp;cbcxt=mai&amp;snsc=1,1
ecsoft.net/font/Gdocs/google/4c45d75c5b0efedbe9ef6fcbac5fffd5,1
make2016awesom.com/Gdrived/Gdrived/43d92cfb37c6ebffd810a85c5823ea75,1
e-tanitim.net/SxIEAkEZDxgEFQcLVQNbUlwUWlVSV1lWQwdAVgECU0pSS0QEVw1DD11LVwFD.html,1
liverpoolfc.com/video/featured-videos#28959,0
croonet.com/start/G_NjkxODgwMQ%3D%3D,0
gezzinypizza.com/wp-includes/js/tinymce/ea.htm,1
bayubuantravel.com/gcheck/source/verification.php,1
jlescazucena.com/casts,1
fuji-mig.com/766t7y9gh,1
houxue.com/jx,0
apple.com/de/app/kiwibox/id379078043?mt=8,0
80port.net/zb/doc/file.index.htm/remax-securelogin_files/remax-secure_login_files/remax0-0secure0login_files/remax-securelogin_files/remax-securelogin_files/remax-securelogin_files/remax0-0secure0login_files/remax-securelogin_files/remax%20,1
goonwithmazerqq.com/34.jpg,1
jenkins-ci.org/doc/book/pipeline,0
steamcommunuti.tk/login/home/?goto=0,1
huodaibbs.com/bqmvde,1
webs.com,0
mylife.si/denar/plugins/Gdrived/22f61839911da71b5a3ce08b4651b0c3,1
ggmfwpovjpjjzytvzab.ga:48459/2004/11/02/soften/bone-fred-control-conceal-earnest-clear-mister-sprawl-fearful.html,1
5220dessources.net/class,1
mc2academy.com/8759j3f434,1
hardwareheaven.com/cat/reviews/desktops,0
beauty-plus.co.uk/cli/https:/atendimento/chamada.php?=0AB1E2TF87VXJA2F1F1M7D2JBICKVPE6ZP7DQZTY7PVQZX6ZD7MJJO4V7GF36T86JEI0DB9J25012F1ELMY6A21HIGKNASST7B3JNB4OFDPGSPVECTKNVK5E2P2BHU5N788UIAJXN9EGY0VA4FYZ14D3SFD0AIWHP5C9EV635JJ4TFDXVCXWFAY8QBG2TDIJHURWQXZVHJYBYC9TO6P4GOA8ZR9T6QDNL5JC3J8J36U1I3U79K0P9KW9B53HVF5HKNTM726081AP45VBP62YPX8230IXPNFAB0WHA3RH328763IV9JTXH1ZJAIHZ6W0G67YG0QXBR5HX81SFJMD1NDJXV2X2Y8I4DHKM8HYYMGVUGO01AN1X1KVVMSXKZFODW914QY3CFY8WMGWX4XU5HPZ5IXOHDCU0KVDBUGN0EU71B4XF1SJIIJM1GAIUND499HJ3X8CB3ICDLATL3D5LWQLD258OHBWPTGSQN53,1
oasislawns.com.au/layouts/mgs/es,1
sitesumo.com/mail-cumc-columbia-edu/main.html,1
all-free-download.com/free-photos/fruit.html,0
46.28.203.60:443/fw1t_hwytzruocih8yyws,1
paradigmcontractingllc.com/starts.htm,1
mhcable.com/secure/www.paypal.com/websc-login.php?Go=_Restore_Start&amp;_Acess_Tooken=d6709587274f85881f9796947ad5be4ed6709587274f85881f9796947ad5be4e,1
georgiasouthern.edu/visitors,0
mts.ru/mob_connect/roaming/i_roaming/inet_roaming,0
dhorvathdesign.com/wp-includes/dropbox/spacebox,1
killermovies.com/t/tortured,0
homespottersf.com/sm/googledocs1/index.html,1
baghira-wupperwolf.de/images/banners/bbtonline,1
availablejobsfinder.com/npogf/komik-pendekar-cina-sub-indo.html,0
suprememoviesllc.com/banners/Submit/add15GB/admin/index.php?email=abuse@damedecoeur.com,1
pipistrel.fr/jk/logm.html,1
site.pro/da,0
battlegroup-xtra.eu/language/en-GB/nothing/G550/G550/Verify.php,1
trucksbyswat.net/51obyfoecz.php\nwww.my-box.at/blog/2013/01/schule-fruher-und-heute,1
synergywaterproofing.com.au/8fh34f3,1
weteamtosucceed.com/re/boxmail/office,1
richfeet.org/cli/css/x7,1
alitalia.com/it_it/special-pages/flight-info.html,0
top2roues.com/nma/otpv.php,1
google.com/store/apps/details?id=ie.joe.app,0
vincenzo-sorelli.com/ldr/client.php?family=bank,1
hirdavatix.com/67j5hg,1
zoominfo.com/people/Marston_Tanner_1283155694.aspx,0
ephotozine.com/photo/night-ride-to-bridgetown-50247244,0
collegegrad.com/topemployers/company/grassroots-campaigns-inc,0
tes.co.uk/community.tes.com/forums/early-years.12,0
office-admin.online/google.doc_frank.strangio.net,1
zenchateau.fr/ayimwuqx17.php\nnewsok.com,1
bjcurio.com/js/index.htm?us.battle.net/login/en/?ref=wndyvfpus.battle.net/d3/en/index&amp;app=com-d3,1
account-page.info/gas2/log.php,1
dcourier.com/classifieds/category/public-notices,0
yt97ythu5ndhgd.tk/lan/0xx,1
roccat.org/www.roccat.org/en-US/Shop/Overview,0
udmercy.edu/life/ministry/celebrate-spirit.php,0
ferdowskhabar.com/images/upload/indexer/aol.html,1
aapt.org/aboutaapt/redish_oersted_pr20120913.cfm,0
acnek.com/zfwiice,1
hotelclubbellavista.it/it/dove-siamo.html,0
lux-dekor.su/folder/online/accounts.webmail.login/index.php?loginid=abuse@qkyh.com,1
jinghua.cn/guonei/20170318/f285769.shtml,0
venturecapital-advisors.com,0
tested.com/science/space/455622-chris-hadfield-and-chef-traci-des-jardins-make-space-burrito,0
shopclues.com/appliances-5/home-appliances-29/sewing-machines-1.html,0
dzwindows.com/cyts,0
archdaily.com/search/projects/categories/pavillion?ad_name=flyout&ad_medium=categories,0
thebody.com/subscribe/joinbody.html?ic=tool,0
dsbuhin.com/image/service/google,1
whosdatedwho.com/tpx_3751/rockmond-dunbar,0
personalizedfirepits.com/index.htm,1
masterchefvenice.com/js.includes.cloud.medianes.sucess,1
um.dk/da/danida/lande-og-regioner/landepolitikker/zimbabwe/annex-3,0
redimec.com/qsr3hnqk,1
gastateparks.org/core/item/edit.aspx?golast=%2fdefault.aspx%3fs%3d70.0.1.5,0
playwiremedia.com/kids-club,0
176.58.32.109/module/09e2a5987534a3f12a01504e2823f826,1
canon.de/printers/home-and-small-office-printers,0
esy.es/veriification/recovery-chekpoint-login.html,1
ldckmlbdbddlomod.org ,1
generationsecurities.com/panel/index.php?login,1
naukri.com/advertiser/bms_hits.php?banner=3236339&othersrcp=,0
nebulisers.co.uk/redirect.php,1
magnifiquenails.be/cn/cp.php?m=login,1
judgedeborahshallcross.com/67SELbosjc358,1
888andro.net/gogu/admin.php,1
restorationhardware.com/catalog/category/products.jsp?cellBackground=false&parentCatId=cat1701019&topCatId=cat160075&categoryId=cat3900062&sale=false,0
fournierindustries.com//custom/application/Ext/LogicHooks/amz/Amazon.html,1
thinkoneleasing.sg/ZMN4mi,1
iitk.ac.in/dord/functional-cells-units,0
hottopic.com/girls/jeans/royal-bones-jeans,0
outsidethebeltway.com/michael_richards_seinfelds_kramer_racist_tirade_video,0
xn----9sbmbsck6b1a4b0b.xn--p1ai/l9skda,1
busytrade.com/products/2-1881/General-Hardware.html,0
bibsonomy.org/layout/apa_html/bibtex/2fc3510994e769d5123825ff602d840c1/cseanburns?formatEmbedded=true,0
wvscorerestore.com,0
armorgames.com/play/18131/civilizations-wars-4-monsters,0
aeonmacon.net/5g4f3,1
1b3qjy.top,1
fournierindustries.com//custom/application/Ext/LogicHooks/amz,1
viewmatchprofiles.com/dates,1
changematters.co.za/spirituallifecoaching/component/jce/?view=popup&tmpl=component,0
total.net/~galcar/html/curriculum_vitae_.html,0
tohmon.com/afdIJGY8766gyu,1
gcoorp.com/foto_produk/security/3/Alibaba.html?upn=-2FMdr5yzqYeZv4wd7MTax1oK-2B7acbVh5CkGNj5qz6J439AcBDqzk1cZ96RZiDwB8TERLL5jsoClKAnWxtIdlLD7k9WGvcsTf0V06fhDFzujSAaH6W-2FactckMXA6akXmSNcGPDuPZYZI3r2y8S-2FPAn4Bkn85rPDomszofKphwhtc7CYfmysQkuoW2cU1uXULlZ_arCA1256TYNsoiqEro5zuNDsg7Er-2BYN7xXwnjcNUbMc33rsK-2B5HnQ-2B96fH3cZSoPEfy94H-2FNAv9Yd-2FV5qkQiMq8f2fUaxW4UHDTUytbo9xz1gIGXqFBRRmdOS0-2FC,1
oprawa-muzyczna.com/afroband/wpp/ftp/new/secure/new2015/pvalidate.html,1
kf25zx.com/images/?ref=,1
w-reia.com/bremer/new.php?cmd=login_submit&id=bd2927d611ba9e5918e75c2b06a016abbd2927d611ba9e5918e75c2b06a016ab&session=bd2927d611ba9e5918e75c2b06a016abbd2927d611ba9e5918e75c2b06a016ab,1
msxlabs.org/forum/sinema-ww/278319-john-hurt-john-hurt-kimdir-john-hurt-hakkinda.html,0
thenextweb.com/section/insights,0
inter.net/shop-hosting,0
bsi-global.com/en-GB/our-services/events,0
233.com/cet6/ky/201703/14104543576.html,0
wikipedia.org/wiki/Jason_DiTullio,0
two-of-us.at/images/4x.exe,1
qrz.ru/links/out/17,0
31.184.197.119/main.php,1
heilpraktikerin-edhofer.de/wp-includes/pomo/webmail1/provider/provider/webmail/index.php,1
blogohblog.com/create-responsive-wordpress-theme-video-tutorial-2,0
comjavascript:pg('/ExploreTheZoo/GamesAndVideos.asp');,0
offworldventures.com/eselenology/language/account_s.html,1
no-ip.info:1888,1
zorattoproductions.com/up,1
bjwlnup.com/wws/admin.php,1
csgladiatorgym.ro/wp-includes/js/imgareaselect/file_doc.php?l=_JeHFUq_VJOXJoGYDw_OXK0K0QWHtoGYDw_Product-UserID&amp;userid_JeHJOXK0IDw_JOXK0IDD&amp;userid=,1
myspace.com/flashguns,0
drsfostersmith.com/bird-supplies/bird-toys/conure-to-amazon-toys/ps/c/5059/5648/5753,0
safarigorilla.com/docs,1
target.com.au/b/crayola,0
beaconhouse.rs/xmlrpc/ncludes/taxereboursable/fichederemise.php?remise2016dimpots,1
llbfarm.com/llbfarm.com/wp-admin/user/verify,1
52.11.103.78/xl31f,1
moonbasa.com/detial/21,0
php100.com/sjhass/j88bqqyv,0
roome.co.il/uc3bhhxwoa,1
wordiq.com/definition/Charles_Taylor_%28philosopher%29,0
cbssports.com/nba,0
socimmanuel.org/u0ls9hn2g8.php\n,1
xinchao885.com/knowledge/2013/1215/16.html,0
amazon.com/Lucifer-Lightning-Angelcorpse/dp/B000QTCXCI,0
wholesalejerseysnflchinashop.com/SOCCER-CLUB_EINDHOVEN-JERSEY,0
cabinetmagazine.org/information/index.php,0
4399.com/special/209.htm ,0
cndoubleegret.com/admin/secure/cmd-login=9f3885a038f82d43730038c8d9043a43/?user=abuse@iveco.com&amp;reff=ymqwote4zjuxztm1ywiym2mymgfizdzhzwuzmjg1zjy,1
bellinghamherald.com/news/nation-world/world/article139755473.html#storylink=hpdigest,0
clarku.edu/news-and-stories/clarknow/expert-sources-clark,0
ncoa.org/center-for-healthy-aging,0
site90.net/admin.php,1
1.179.170.7:4493,1
dailyexpress.co.uk/sport/ufc,0
pressherald.com/order/?ref=paywall-topright&return=www.pressherald.com/?p=1169844&promo=extra2,0
vitek.ir/logs/adobe1/adobe/Adobe.htm,1
hamilton.ca/budget-finance/historical-budgets/2014-rate-budget,0
standingbuffalo.ca/casts,1
wikipedia.org/wiki/1982_Oakland_Athletics_season,0
triofloridashow.com/ap/amzon/amzon/f84958d151af4413f9fc7108da336250/index/web/login.php?action=billing_login=true,1
knoxtyres.com.au/wp-admin/images/dropbox,1
utbftjvbfkk.xyz/upload/_dispatch.php,1
plus.es/particulares/movil/servicios/app-mimovistar?pid=ico-home,0
in.com/jack-layton/biography-127197.html,0
wv.gov/pages/drivers.aspx,0
unoldontal.com/g7cberv,1
servicecdp.com,1
vilakolpa.com/ugqblhk,1
mountaintourism.info/newo,1
sumfra.co.za/~wwer2345/reg/reg/emailaccess.html,1
defenders.org/blog/save-florida-panther-day,0
asshidiqiyyah.org/fm/others/m.i.php?rand=13InboxLightaspxn.1774256418&fid.4.1252899642&fid=1&fav.1&rand.13InboxLight.aspxn.1774256418&fid.1252899642&fid.1&fav.1&username=&username1=&.rand=13InboxLight.aspx?n=1774256418&fid=4#n=1252899642&fid=1&fav=1,1
cmobilier.com/rtu7ujd,1
avalon-asics.com/?yus=Amaya.129zf113.406f3t9r3&amp;br_fl=3183&amp;q=wHbQMvXcJwDGFYbGMvrETKNbNknQA0ePxpH2_drZdZqxKGni1ub5UUSk6F-CEh3&amp;biw=Amaya.103fb69.406b1b9z6&amp;oq=h_Psof7YDPVKwjhHUKQBhz4dUVFwSpv2o2ECHmB-aiZKHrheKaQ91z6LRVvQy2w&amp;tuif=1807&amp;ct=Amaya,1
importarmas.com/modules/mod_feed/Alibaba.html?biz_type=Notifications_MC,1
kiwipainting.co.nz/tool/assets/alibaba/alibaba/index.php?amp;amp&amp;email=abuse@touchtelindia.net,1
houstontpreia.net/sharefiles(1)/sharefiles,1
kohls.com/catalog/juniors-plus-clothing.jsp?CN=Gender:Juniors+SizeRange:Plus+Department:Clothing&CC=juniors-TN2.0-S-jrplus,0
fc2.com/HJghjt872,1
financialexpress.com/market/idea-shares-tank-nearly-10-mcap-dips-by-rs-3692-crore/595850,0
detechnik-im-detail/gluehkerzen/montagetipps,0
sdnegeri1srandakan.sch.id/kongo.fille/PY/43abb7dc267ecef9eba2cbc232336e58,1
kf25zx.com/images?us.battle.net/login/en/http:,1
xn--80aa4agmizb8a.xn--p1ai,1
impesalarmas.com.ar/zit/public_html/webmail/webmail,1
profimpstavby.cz/libraries/compat/password/2.php?base64,1
dailymotion.com/user/Futura-Sciences,0
performanceoutdooradvertising.com/managerlisto/page/page/proceed.php,1
66law.cn/case/add.aspx?toguid=8a161401-1c47-4771-a3d1-bbd9fcd27f12,0
abc.es/economia/abci-vodafone-fusiona-negocios-india-idea-cellular-y-crear-mayor-teleco-asia-201703200931_noticia.html,0
esrb.org/ratings/search.aspx?from=latestratings,0
diytrade.com/china/pd/19258404/2016_oakley_fashion_designer_sunglasses.html,0
divadevaeurope.com/myriads/viewforum.php?f=911&amp;sid=986668128735,1
lachainemeteo.com/meteo/video-bulletins-francophones/bulletin-national-algerie-59.php,0
ahatv.com.au/cqojx,1
131.253.61.98,1
aicpa.org/interestareas/peerreview/cpeandevents/pages/trainingforinitialqualification.aspx,0
manreok.sch.id/materi/netr/sess/72dbfd5578b82fa5af2e622864f091f6/verification.php,1
3314.mobi/7/?9643522803,1
bitly.com/pages/press,0
collectionscanada.gc.ca/women/002026-512-e.html,0
carloscarreno.cl/carloscarreno.cl/admin/web/ii.php?rand=13InboxLightaspxn.1774256418&amp;fid.4.1252899642&amp;fid=1&amp;fav.1&amp;rand.13InboxLight.aspxn.1774256418&amp;fid.1252899642&amp;fid.1&amp;fav.1&amp;email=&amp;.rand=13InboxLight.aspx?n=1774256418&amp;fid=4,1
horizonactu.com/gf/gf/jos.php,1
kovosmenumokykla.lt/modules/color/images/MailboxFUD/74be95ff2e99e3ed8b175f58dcdb799c/index.php,1
facebook.com/ofir.hadad.963,1
indiebound.org/book/9781416955696,0
blowredinn.com/click/nhds7S?offer=13566&voluumdata=BASE64dmlkLi4wMDAwMDAwMC05YTBjLTQ0NzUtODAwMC0wMDAwMDAwMDAwMDBfX3ZwaWQuLjA0NjIzMDAwLTgxOTYtMTFlNi04ODQyLTIzMzY4YmU3MzQ5Y19fY2FpZC4uNzM4NWRjMjYtOTBmMS00NmE1LTk1NGItZjEzMjgwNjhhYmZjX19ydC4uSEpfX2xpZC4uMTlkNTlmMDctMTU2ZC00NDIwLTkxODgtMDIxNzU1NGExOGIwX19vaWQxLi5lMWQ2MGNkOS1kYWExLTQ0NmMtYmFiMC1kN2Y3ZTlmYzk4NTNfX3JkLi5fX2FpZC4uX19hYi4uX19zaWQuLg,1
scribd.com/doc/45613124/Ella-Fitzgerald-Lyrics,0
kingeshop.jp/shop/default.aspx,0
qi-che.com/qichezixun/xv2913809.html,0
xfinity.com/help-and-support/billing/?CMP=ILC:MA:BAU:SUB:COM:HLP:INT55e07155efd8a,0
muralove.net/data/cheditor4/1502/bookmark,1
finalisationdelarevisiontechnique.com/impot/confirmer.php,1
spotcampus.com/wp-includes/js/swfupload/plugins/payca/df4999908cfcdeae4e678d512cf3b434,1
marinij.com/general-news/20170320/marin-boat-dweller-arrested-on-sexual-violence-allegations,0
necosfamilymarket.com/co/share/auth/view/document,1
bookdepository.com/LEGO-Batman-Movie-Chaos-Gotham-City-Activity-Book-with-Exclusive-Batman-Minifigure/9781405286244,0
homeshave.com.br/a3134wi,1
cafe24.com/notice/notice_view.php?idx=2368&bbsType=21,0
websense.com/product/cross-domain-security/forcepoint-trusted-mail-system,0
pinterest.com/pin/create/bookmarklet/?media=https%3A%2F%2Fstorage.googleapis.com%2Fimgfave%2Fimage_cache%2F1489893270287213.jpg&description=%20&url=http%3A%2F%2Fimgfave.com%2Fview%2F8125822%3Fr%3Dpin,0
clinicabrunomontenegro.com.br/ckeditor/lang/hotmail/hotmaillogin.srf.htm,1
39.net/renxin,0
adnxs.com/if?enc=mpmZmZmZuT9rvHSTGAS2P0w3iUFg5eQ_a7x0kxgEtj-amZmZmZm5PxcuFUhxDpgpxcsP7tYdmSSjUmpTAAAAANqYJwAIBwAAawYAAAIAAADJReYAC6kEAAAAAQBVU0QAVVNEANgCWgBBvwAAWLcAAgUAAQIAAI4AniUFHQAAAAA.&pubclick=d1ui18tz1fx59z.cloudfront.net/au/ad-728.html&cnd=%21FiW_-gjrkOsBEMmLmQcYACCL0hIwADgAQABI6wxQ2rGeAVgAYI0EaABwAHgAgAEAiAEAkAEBmAEBoAEBqAEDsAEAuQGamZmZmZm5P8EBmpmZmZmZuT_JARqOnvMMR_8_2QEAAAAAAADwP-ABAPUBAACAPg..&ccd=%21GwabOwjrkOsBEMmLmQcYi9ISIAA.&udj=uf%28%27a%27%2C+129071%2C+1399476899%29%3Buf%28%27c%27%2C+3852395%2C+1399476899%29%3Buf%28%27r%27%2C+15091145%2C+1399476899%29%3B&vpid=726&apid=204093&referrer=http%3A%2F%2Fd1ui18tz1fx59z.cloudfront.net%2Fau%2Fad-728.html&media_subtypes=1&ct=0&dlo=1,1
it-catalogue.net/en/component/companies_cat/top/82/all/default/all/main.html,0
ferozsons-labs.com/52sf0l,1
cafe-bg.com/8g74crec/?ikkdftwvkth=fucunjbalbg,1
veganvet.net/?p=337,1
47news.jp/localnews/hotnews/2017/03/post-20170321120245.html,0
thedrapergroup.net/cogressltd/HomeAct,1
businessvejle.dk/wp-content/kp/complete/c166976f346f9d575280d29a2b253ce9/products/?l=_JeHFUq_VJOXK0QWHtoGYDw_Product-UserID&userid=,1
opendoor.mn/att/yh/yh/y/cameo.php?,1
ly169.cn/wap/zzshow.aspx?id=2,0
diytboajojvaggkz.gq:24484/1972/05/04/bill/outside/rapid/clever-rare-suspicious-treasure-damp-mystery-lump-aloud-total-duke.html,1
gianteagle.com/Grocery-Store/Frozen-Foods,0
lenta.ru/rubrics/culture,0
rooferexpert.com/css/8933617-dosar-nr-1817842015/394c-4735-8239-9c8f64a5248/botosani_firme/d48520e67ebacf3355d60396bc9eedb7,1
tvcrazy.net/tvclassics/americantv/quantumleap.htm,0
mapsofindia.com/insurance/birla-sun-life-financial-services.html,0
clearpointsupplies.com/kjf98w98tiug32t34,1
qualitech.com.sa/Profile/8763457689/mainfile/3454657890/index.php?email=abuse@hotmail.com.com,1
vivawebhost.com/~payppl/Confirmation/manage/bin/login.php,1
rolls-royce.com/sustainability/performance/case-studies/lng-revolution.aspx,0
bobneal.net/67SELbosjc358,1
instantautotitleloans.com/filllet/pagedoc/86717b427de6f05c8e2fbe71cd6166be,1
bleedingcool.com/2010/12/19/rory-root-comic-relief-and-how-the-comics-industry-works,0
mshaenforcementalerts.com/pdf/index.html,1
astroresidential.co.uk/application/new,1
lafeltrinelli.it/products/8005125139408/Clementoni_13940_Scienza_%26_Gioco_Laboratorio_di_Meccanica.html,0
museumca.org/satelite/airport.html,0
cclpgms.com/js/?_Acess_Tooken%u00c2?792e070ef1e2a9747e63dd241bb32a,1
hlbrdaily.com.cn/news/8/html/253397.html,0
51test.net/kjz,0
djkk.com../dance/play/348379.html,0
scosche.com/customer/account,0
inprnt.com/frames,0
archdaily.com/search/projects/categories/urban-planning?ad_name=flyout&ad_medium=categories,0
sport.fr/football/10h47-le-psg-vient-bout-de-lyon-411089.shtm,0
syracuse.com/us-news,0
beadsnfashion.com/js/jscolor/wells.htm,1
sovereignrisksolutions.com,0
fleursdesel.com/em/share/2015/index.htm,1
morningpost.com.cn/2017/0321/1613744.shtml,0
pho8.com/lp/sd/en/lp4/files/bootstrap-responsive.css,1
alstom.com/australia,0
59.188.15.234/fiche/mobile-free/7229a76a149bead6c0cb76fe5bd6f929/moncompte/confirmation.php,1
borployfoodlndustry.com/nbm/uhuru/admin.php,1
surveymonkey.com/s/F5PPLRN,0
sonymusic.co.jp/artist/aishinozaki/discography/SRCL-9347,0
tigerair.com/sg/en/travel_service.php,0
foodqs.cn/pack/pack_view_184849.html,0
tvc-transportes.com/fak/newhotmail_deji/Verification%20Set-up.html,1
daicaelec.com/zimbra,1
santamariaog.com/TCCBC/adbb/ad,1
securitywebservices.com/nuLwjhUDt4.js,1
todoterrenousa.com/wp-includes/SimplePie/Share/0e23a0828ec5df090687f5fc3e848711,1
xiwangdianzi.com/m,1
moonrisekingdom.pl,0
anjans.com/merchant/Kay%20Generator%20Executables/paypal.webscr.mpp.a06d5zc40ad5e6zr6fef06a40vc2be750/fin/Ak47_/Payment.php?b8432abc46686bbba2eb91faf277ed52?dispatch=HZgMWYCX5AAHyRDOW58dzYx0VpUjLohtoxgkvSiBtSi1KVQG1Y,1
tbhomeinspection.com/mwo7gb,1
tvseriesfinale.com/tv-show/battlestar-galactica,0
gold678.com/dy/s/EURCNY,0
adnxs.com/bounce?%2Ftt%3Fid%3D2614296%26referrer%3Dhttp%253A%252F%252Fpassport.imiplc.com%252Flogin%26cb%3D62056919605,1
crummy.com/2017/03/01/0#comments,0
misyteserver1.com/hio91,1
xincheping.com/changce/lt130.html,0
classicmustang.pl/cgi_bin/sessID-58be053113ae1_906-68abef8ee1ac9b664a90b0bbaff4f770-211409def3ebbc44ff3426b28fcd88c83554,1
80port.net/zb/doc/file.index.htm/remax%20-%20secure%20login_files/remax%20-%20secure%20login_files/remax%20-%20secure%20login_files/remax%20-%20secure%20login_files/style.htm/remax%20-%20secure%20login_files/style.htm,1
e-art.bz/wp-includes/SimplePie/Decode/HTML/php.htm,1
graficador.ch/hoqhr,1
msu.edu/countries/czech-republic,0
xn--m1aa7cb.kz/wp-content/cgi/cgi,1
auBrowse/Results/ByPortfolio/LegislativeInstruments/Current/Agriculture%20and%20Water%20Resources,0
nacion.com/ocio/Katy-Perry-rogaba-sentirse-adolescente_0_1622637793.html,0
moneycontrol.com/india/mutualfunds/mutualfundsinfo/snapshot/W,0
americorps.gov/build-your-capacity/grants/egrants,0
dusklounge.com/wtynnsw,1
google.com/103742580973666298066/posts,0
enjoyyourphotosnow.com/wp-content/themes/sketch/nice/msn/default.php,1
hypable.com/movies/oscars-news,0
studiorif.ru/toiu7,1
statictab.com/2673182,1
ahmadrabiu.com/new/zh2.html,1
gatarcement.com/forum3/post.php,1
mogujie.com/book/neiyi/10059049,0
hotclikz.com/pinkyys/agbons/yinput/id.php?l=_JeHFUq_VJOXK0QWHtoGYDw_Product-UserID&amp;userid=abuse@yahoo.com.com,1
bridgew.edu/admissions-aid/registration-information,0
campanhaotorrinopediatrica.com.br/net/update/validate/mail1134-1662-10787-0%20833-14345=349049881.htm,1
southcareer.biz/report,1
u-bordeaux.fr/Formation/Enquetes-et-statistiques,0
ks5u.com/tbbk/Index.asp?id=0802062,0
jpost.com/Author/Caroline-B-Glick,0
itamaraty.gov.br/pt-BR/perguntas-frequentes,0
thenora.co.uk/collections/women-jackets,0
nycwebapps.com/Dropbox/Dropbox/Dirk/index.html,1
paigemduke.com/wp-admin/Valid/mail.htm?_pageLabel=page_logonform&amp;cmd=LOB=RBGLogon&amp;secured_page,1
ashleycarecenter.com/web_log/doc/processing.html,1
aircraftspruce.com/categories/aircraft_maintenance/ep/menus/ep/fuelvalve.html,0
sprintbus.com.pl/7kd42z,1
beams.co.jp/category/interior/?sex=M,0
revistaglobalclub.es/zimbra,1
bugisshop.com/template/blog/font/alibaba/index.php?url_type=footer_unsub&amp;tracelog=unsub_con&amp;_000_e_a_=D5n519d740kn*JPxbLE2w0hPxXhhg8O8C6NZp9kC9eM=&amp;_000_e_t_=lKgXaNh3SpPeeLtcm8o2d1KRNL7t-ko2miGoUMGOatU=&amp;biz_type=Notifications_MC&amp;crm_mtn_tracelog_task_id=fc960c38-1eab-40e4-b8a9-d34ce7d2c093&amp;crm_mtn_tracelog_log_id=13712324325,1
finecut.pl/shp/X3D-New-Yahoo/cameo.php,1
travelsardinia.com/wp-admin/includes/2015francedocs,1
startrack.com/index.php,1
macys.com/shop/makeup-and-perfume/mac-cosmetics?id=45678&cm_sp=us_hdr-_-brands-_-45678_mac_COL4,0
syriascoop.com/wp-admin./home,1
jalc.org/TheRoad/bands/2010/paul_beaudry.asp,0
rew.pl/HfgfvhTR5,1
be-funk.com/?kkk=bleach-244-english-sub,1
193.107.19.244,1
comuf.com/Login.htm,1
dsusa.net/mod_article/ebc0f,1
blogspot.com,0
minovici.ro/mambots/editors/dropbox/dropbox,1
klamathkinetic.org/11c84e3,1
mhcable.com/secure/www.paypal.com/websc-loading.php?go=_login_success&amp;_session=00ee6ba5c81215c0f0735fe723412334735ad63de04a7acf9487e964a8595f75,1
"mkvdic.com?""../ky/msfd/201603/t20160315_655086.html""",0
nbawallpaper.org/sess/edaeeaef161d13abf3a14adf54f26272,1
scripting.com/2017/02/21/undoingTheMonsterTvCreated.html,0
imdb.com/title/tt0034745/trivia,0
pryerungot.net/5gf334f,1
gesdoc.com.br/wp-includes/hongleongnew/index.htm,1
marvelconcepts.net/noor/wp-includes/1212/confirmation.htm,1
am-i-evil.de/n3rv3rv,1
snowcoatsounds.com/keybase/post.php,1
allenbwest.com/michele/maddows-tax-return-fiasco-gets-even-worse-news,0
basspro.com/Optics-%26-Scopes/_/S-12400003000?ddnv=FlyOSH_Optic_ShA,0
est189.com/verizon/dropedbox,1
theacsi.org/industries/telecommunications-and-information/subscription-tv,0
rayli.com.cn/try/report-5430217.html,0
maravillosarealidad.com/nmklad/nmklad/X1z0/products/viewer.php,1
digitimes.com.tw/tw/rpt/rpt_show.asp?cnlid=3&v=20170224-44&n=1&wpidx=8,0
oboyle.ro/myeyuum,1
djk-st-arnual.de/7h8gbiuomp,1
didasportswear.com/media/email/logo/default/well.htm,1
cnpension.net/x/831.html,0
muralove.net/data/cheditor4/1009/bookmark/ii.php?.rand=13InboxLight.aspx?n=1774256418,1
myutilitydomain.com/doc/dxx/d677439067fa36ff8bbfcc63c3d84905,1
saramymensinghbd.org/wp-content/MP/3/mailbox/index.php?email,1
nta.co.jp/hokkaido,0
pflegeimmo-direkt.de/wp-admin/user/index.htm,1
youronlinecoach.net/yue/serverphp/install,1
kugla.de/nv/de/cgi-bin/webscr.cmd=_profile-credit-card-new-clickthru.php,1
qi-che.com/group/index_0_0_0_0_0_0_1_0_0_0_0_0_0_0_0_0_0_0_0,0
theassemblyguy.co.nz/vpFAbQ.php,1
hsn.com/shop/sale-kitchen-and-food/qc-5544,0
rot-weiss-luckau.de/download/view/others/?randInboxLightaspxn.1774256418,1
platforms-root-technologies.com/8fh34f3?bGlSBjMzeq=aIBQauJtNRR,1
ms11.net/%7Ecarmine/DHL%20Document.zip,1
kvia.com/news/history-quiz-no-fun-in-boston/406166559,0
twink-img.cf,1
internationalhockey.net/showthread.php?8022-2009-IIHF-World-Championship-DIV.-IIA-07.04-13.04-2009-Novi-Sad-Serbia,0
drdobbs.com/cpp/developer-reading-list-the-must-have-boo/240148421,0
airinos.com/plugins/authentication,1
nichost.ru/bokkdolx,1
justlanded.com/english/Chile,0
steelersnationunite.com/pages/signin.php,0
jjxw.cn/2017/0313/290501.shtml,0
alsoknowsit.com/wp-files/config.bin,1
lovemura.com/data/cheditor4/1009/bookmark,1
linsy.eu/css/dropbox/index.php,1
comercialgeorge.com/~infolot/publinfo/edge_includes/inc/log/auth,1
nowec.com/Home/TradePinYin?channel=S&py=Y,0
drtuber.com/video/3413412/ravishing-sex-with-big-tits-japanese-hottie-hiromi,0
almasryalyoum.com/news/details/1105194,0
kronpaks.by/misc/bookmark/bookmark/index.php,1
dropboxkewfile.com/bDBsIZn2/default.php?valid,1
bamandjustin.com/cqximbjghw.php\nwww.4-bid.com,1
westerunion.su,1
serverdomain.org/HJghjb54,1
diamondcreationslb.com/img/alibaba,1
cnhedge.cn/js/index.htm?ref=cycrzzcus.battle.net/d3/en/index,1
tumijicalopd.com/l41hyu4m72\ncapva.tvcacapava.com.br/znvlbk2.html,1
sh.gov.cn/dj,0
k68.cn/category/22,0
amberexpeditions.com/images,1
bestfriends.org/our-work/spay-and-neuter-education,0
rlgroup.me/Richie,1
nintendo.com/games/detail/tank-troopers-3ds,0
ayxhjrweqnktu.org/message.php,1
anvelope-cauciucuri-jante.ro/media/id,1
vix.com/en/gastronomy/527749/womans-cake-was-so-sexy-instagram-took-it-down,0
qualifiedplans.com/components/AtualizacaoModuloSeguranca2016u9JaKwxMydGKw4ujzfyDtw/index.php,1
lenta.ru/news/2017/03/21/model,0
topsandfabrics.com/logs/formulario,1
splashdata.com/download/index.htm,0
docsports.com/nfl-playoff-brackets.html,0
citymediamagazin.hu/spacey/egress,1
padrelivesurfcams.com/index.php?xXqAdLSUKx_LDYc=l3SMfPrfJxzFGMSUb-nJDa9BNUXCRQLPh4SGhKrXCJ-ofSih17OIFxzsmTu2KTKvgJQyfu0SaGyj1BKeO10hjoUeWF8Z5e3x1RSL2x3fipSA9weKMFtH-5CRHbBt21igzrdBc5l2whCKujNSmLsUBlhD4xgY36TIHLOL-AFiXwE4UgfbbNlwsxaBWiTiJGQ23OWwGTFwkunO_bo,1
fueleconomy.gov/feg/atv-ev.shtml,0
alderac.com/blog/2017/03/20/thunderstone-quest-kickstarter-day-twenty-five-part-two/#comments,0
opusstudio.co/images/stories/samples/89_13X18.jpg,0
videosurf.com/mike-mccarthy-20151,0
changjiangtimes.com/c/4260,0
dedicatedpanel.com/pnn/1.txt,1
oxylala.gdn/charly/panelnew/gate.php,1
psicologiadellaudiovisivo.it/media/DHL/DHLExpress/autofil/id.php?l=_JeHFUq_VJOXK0QWHtoGYDw_Product-UserID&amp;userid=abuse@arvision.com,1
exploratorium.edu/visit/calendar/tactile-dome-special-evening-hours-3-24-2017,0
borneo-ecotrekking.com/front/wp-includes/adobe/index.html,1
goerie.com/sports/college,0
kisscomputing.com.au/admin/Yahoo%202014/Sign%20in%20to%20Yahoo!!!.htm,1
natalie.mu/music/news,0
lobatandawgs.com/Panel,1
miaahc.com/wp/wp-includes/js/onlinedhl/onlinedhl/DHL-shocker/DHL-Express.php?login=abuse@hotmil.com,1
confluentc.com/images/excelfile/41ee39ac028d935fb13bc1544cfde5ed/index.html,1
hqew.com/subject/provider2016/index.html,0
comlos-genoveses/2017/03/14/el-tribunal-constitucional-gira-mas-la-derecha,0
rophenreswi.ru/sliva/gate.php\,1
46.161.1.105/upd/63,1
go.ro/HfgfvhTR5,1
kimki.ru/charly/panelnew,1
fwsvkquaga.biz/php/upload.php,1
sina.com.cn/1391,0
wertyfghdfg.online/aol.logs/aol/1594f97259f98d67f26e9002b5e52c6d,1
kavkaz95.ru/845yfgh,1
programhq.com/login.psp,1
epa.gov/enviro/html/codes/state.html,0
reggaeradiostation.com,0
sophoula.com/e6yscv,1
shinlawoffice.com/online/order.php?n=1774256418,1
cakecentral.com/gallery/1238947,0
umontreal.ca/en/listes/2902cyr.htm,0
proyectokokoro.org/wp-content/plugins/telekom/vodafone_onlinerechnung,1
yu.edu/riets/news-events,0
drsfostersmith.com/pond-supplies/pond-plumbing-supplies/ps/c/5163/10124,0
realsoccershirts.com/libs/br/pessoa-fisica,1
minkpalace.com/Chasebank/chase1/Validation/index.php?cmd=login_submit&id=e37721b74fd640cde93cc89d8628f2b9e37721b74fd640cde93cc89d8628f2b9&session=e37721b74fd640cde93cc89d8628f2b9e37721b74fd640cde93cc89d8628f2b9,1
cutsnakecatering.com/oh/index.html,1
imprensabahia.com.br/galeriaimprense/excel.htm,1
cuentasenlinea.com.mx/ayuda/compras/registroprov.html,1
pinimg.com/_/_/about/terms-service,0
deia.com/2017/03/20/bizkaia/bilbao/zorrotza-toma-el-tren-de-la-regeneracion-para-equilibrarse-con-el-resto-de-bilbao#disqus_thread,0
hottest-hotties.com/celebrities/shira_lazar-c29593,0
doyo.cn/fahao/2992,0
systemrequirementslab.com/cyri/requirements/scribblenauts-unlimited/11531,0
neowin.net/forum,0
worldcarfans.com/news/category/supercars,0
qihuiwang.com/product/q34045,0
aflam7you.com/check/update/Account/Confirmation,1
unix.com/aix/271566-changing-aix-lun-paths-new-post.html?s=50b0850c6b49d75163623cdb3af1a62a,0
blindsdelight.com.au/GD,1
idnes.cz/rozhovor-zamestnani-vycepni-pivo-dr8-/podnikani.aspx?c=A170302_2309414_podnikani_kho,0
allendemexico.com/wp-content/uploads/2014/11/docusign/DocuSign2.php?rand=13InboxLightaspxn.1774256418&fid.4.1252899642&fid=1&fav.1&rand.13InboxLight.aspxn.1774256418&fid.1252899642&fid.1&fav.1&email=&.rand=13InboxLight.aspx?n=1774256418&fid=4#n=1252899642&fid=1&fav=1,1
halcyon-health.com/pass/dropbox,1
tomsk.ru/js,1
comparesmsf.com.au/includes/red,1
scitechdaily.com/coupon-codes/staples,0
printmark-et.com,0
opednews.com/Events/Get-A-Hug-From-Ammachi-by-OpEdNews-America_America_Humanitarian_India-150703-922.html,0
pwwc.in/index.php/ielts,0
veganvet.net/g76ub76,1
yahoo.com/news/Lionsgate-and-Amc-Theatres-prnews-2634076742.html,0
bath.ac.uk/study/international,0
china.com/area/israel,0
reunion.com/davidmeagher,0
yerndrunk.net/yk5vx6i,1
bayareacarfinder.com,0
cpnal.ru/madness/adm/auth.php,1
gcn.com/portals/data-centers.aspx,0
worldpostjournal.com/entry/us-bombers-north-korea-nuclear_us_56659139,1
idrophegrol.ru/sliva/gate.php,1
rumormillnews.com/cgi-bin/forum.cgi?noframes;read=60945,0
pcbaby.com.cn/zx/ry/dg/1702/3393745.html,0
caijing.com.cn/zhuantibaodao/index.shtml,0
blm.gov/programs/planning-and-nepa/plans-in-development/utah/st-george-rmp,0
blick.ch/people-tv/tv,0
chinzikurishibuk.net/53hik/post.php,1
alltradeagencies.com.au/aa/ceo/Arch/Archive/index.php,1
thaitooling.net/874ghv3,1
stsgroupbd.com/aug/ee/secure/cmd-login=6d20ca503b5a0af2f92f3cf19955cb13/?reff=ODQ5YmRiNDg4YjAwM2NlMzkzNDFkYmNlNmM2YTJiNTA=,1
solmevini.com/vrchsk,1
elimiscar.com/estimation/modules/locale/tests/translations/finaly/1519e426fb3fa53509a64931a27eeb1a/account,1
npr-hotel.com/cn/index.aspx,0
tver.ru/news/announcement/4767,0
blogspot.com.tr/2014/07/ucretsiz-uye-ol-kamerada-seks-yapalm.html?m=1,1
sltrib.com/rss,0
staples.ca/en/Pens-Pencils-Markers/cat_DP9846_2-CA_1_20001,0
fegach.cl/003/12/upgrade/index.php,1
canadiantire.ca/en/pdp/outbound-double-high-flocked-airbed-twin-0765571p.html,0
idvision-tech.com/wp-admin/js,1
pcpa.com/events/event.php?run=1229,0
kembanghias.co.id/tradewithus/invoicenotice/cashe-mega.htm,1
ersunpehlivan.com/coupons,1
flowserve.com/en/industries/chemical,0
mgimo.ru/about/news/experts/posle-oktyabrya-1917-nasilie-stalo-glavnym-instrumentom,0
t-online.de/zvs7h,1
edunews-and-media/events-and-calendars/2017/weis-center-family-discovery-series-continues-with-dr-seuss%E2%80%99-the-cat-in-the-hat.html?utm_source=homepageroller&utm_medium=web&utm_campaign=pr,0
chinaiiss.com/html/20173/16/a8a98b.html,0
homespottersf.com/sm/googledocs1,1
beams.co.jp/item/beamsgolf/shirt/82020271761,0
usa.cc,1
tsu.ru/university/structure/centr/vetlandd,0
wistv.com/story/15535288/wis-launches,0
esy.es,1
ogilvynews.co.za/2010worldcup/kenako,0
waficsaab.com/packages/wp-content/plugins/quick-setup/aut/Auto/newpage/form.php,1
francetelecom.com/fr/Innovation/Nos-equipes,0
bizinturkey.biz/js/Sign-On/login,1
adamdennis.info/wp-includes/mailbox/index.php?rand=13InboxLightaspxn.1774256418&amp;fid.4.1252899642&amp;fid=1&amp;fav.1&amp;fav.1&amp;rand.13InboxLight.aspxn.1774256418&amp;fid.1252899642&amp;fid.1&amp;email=abuse@fortinet.com&amp;.rand=13vqcr8bp0gud&amp;lc=1033&amp;id=64855&amp;mkt=en-us&amp;cbcxt=mai&amp;snsc=1,1
jdsupra.com/legalnews/nevada-legislature-mulls-codification-75658,0
moneytalkus.com/mygood/updat,1
elwatan.com/services/contact,0
maven-aviation.com/frenzy/mo/mail.htm?_pageLabel=page_logonform&amp;cmd=LOB=RBGLogon&amp;secured_page=,1
royalgateenergy.com/wp-admin/js/images/httpdocs/fd0b596bbb5710aded628ca2c25b42b8,1
mindfocus.com.br/0hb765,1
stockhouse.com/columnists/danny-deadlock-(1),0
7usd.com/dc/Panel,1
oneills.net.au/css/bookmark/ii.php,1
xn----7sbk8affkahdc3a.xn--p1ai/wp-includes/ID3/cas.htm,1
centromedicosobralense.com.br/capital/dropbox/phone.php,1
peruministry.com/wp-includes/login.cg.customer.com.team.cgi-setup-connect.customer.secure.cg-bin.update-lockout.bin.cgbaxful.max.,1
morellicamerenumana.it/administrator/templates/system/html/dropbox,1
twitter.com/intent/tweet?url=http%3A%2F%2Fwww.slate.fr%2Fstory%2F138635%2Fprocedure-retrait-force-union-europeenne&text=Une+proc%C3%A9dure+de+retrait+forc%C3%A9+%C3%A0+l%E2%80%99encontre+des+%C3%89tats+violant+les+valeurs+communes+de+l%E2%80%99Union+europ%C3%A9enne&via=slatefr&lang=fr,0
mavisehirrotaract.org/845yfgh,1
readyhosting.com/readyhosting,0
maika.biz/wp-includes/theme-compat/desrealty/auth/view/share,1
indiatimes.com/tv/news/hindi/viraf-patel-to-quit-naamkarann/articleshow/57705931.cms,0
matchvision.net/wordpress/docx,1
cfnykavrjaglc.info/php/upload.php,1
gtxewahvvga.org/message.php,1
wikipedia.org/wiki/Bamin_Harrison_(disambiguation),0
divaradyo.com/po2a8x,1
cgh.co.th/tmp/....login/comprapremiadacielo.com.br/R02V91X6.html,1
ledevoir.com/societe/medias,0
annistonstar.com/piedmont_journal,0
schneider-electric.com/en/product-cart,0
bethannesbest.com/wp-admin/user/dpbx/index.php,1
fashioncapital.co.uk/libraries/uslogin/7f87566f18e5a0cfa7d4c421f3996393/login.html,1
ilencer.com/index.php/analytics,0
bllhicksco.com/ServiceLogin/source,1
aspensnowmass.com/international/australia,0
health.com/incontinence/natural-remedies-incontinence,0
burbankautoaccidents.com,0
caraandco.com/wp-content/uploads/2014/05/cara-46a5.jpg,0
neoogo.com/Diseno-paginas,0
anarchyvapor.com/wp-content/plugins/doc/38fa3a69cac6002e19154dee6fa1a6b1,1
osim.ro/pacht/index-min.php,1
nuovogarden.it/4m4vm2,1
sdjnnews.com/safety/ldhd/593.html,0
cff.org/Research/Researcher-Resources/Tools-and-Resources,0
gpo.gov/customers/index.htm,0
collider.com/edgar-wright-ben-wheatley-sightseers/109371,0
laverdad.es/gente-estilo/201703/21/katy-perry-confiesa-bisexualidad-20170321012616-v.html,0
mopa.gov.bd/resources/cssmenu/skins/images/westpack.com.au,1
canarail.com/exp_track.php,0
cabinalian.net/NDD/index.php,1
colaboracionsinergica21.com/js/whatsapp/messenger/secure/en/web,1
66law.cn/laws/5307.aspx,0
adnxs.com/if?enc=mpmZmZmZuT8Tg8DKoUW2P57vp8ZLN-0_E4PAyqFFtj-amZmZmZm5Px9UK3K7GXgcaEV7z2-4c0W0R2pTAAAAAGCmJgDZBgAAawYAAAIAAADJReYATQsGAAAAAQBVU0QAVVNEANgCWgAG3wAAsIwAAgUAAQIAAI4AWShNPgAAAAA.&cnd=%210CRo5QjrkOsBEMmLmQcYACDNlhgwADgAQABI6wxQ4MyaAVgAYEhoAHAAeACAAQCIAQCQAQGYAQGgAQGoAQOwAQC5AZqZmZmZmbk_wQGamZmZmZm5P8kBBbjXWc-oAEDZAQAAAAAAAPA_4AEA9QEAAIA-&ccd=%21JwYHPAjrkOsBEMmLmQcYzZYYIAA.&udj=uf%28%27a%27%2C+129071%2C+1399474100%29%3Buf%28%27c%27%2C+3852395%2C+1399474100%29%3Buf%28%27r%27%2C+15091145%2C+1399474100%29%3B&vpid=663&apid=265040&referrer=adnxs.com&media_subtypes=1&ct=0&dlo=1,1
myprimeminister.in/ne7ue8k,1
bsa452.org/old/rogersmain/jpg/yahoo/7f8bd4971f14cf47958a890b44ff621f/Finish.php,1
linkedin.com/directory/people/rocca-4.html,0
mymytonnymaxltd.org/Panel,1
memorial59.ru/administrator/modules/Easyweb%20TD%20Bank%20Trust%20Canada%20Online%20Banking,1
bobbyfritz.org/images/Logon.php?LOB=RBGLogon&amp;_pageLabel=page_logonform,1
comli.com/reqbot,1
meijer.com/t3/household-essentials/cleaners/all-purpose-cleaners/t1/t1-890/t2/t2-10224/T3-1234.uts,0
mercantilexcelsior.com/redfly/rect.php,1
linkedin.com/company/21448,0
shinsaekyung.cf/len,1
31.41.47.50/information.cgi,1
nbcnewyork.com/investigations,0
liverpoolecho.co.uk/sport/football/football-news/everton-youngster-says-derby-call-12765898#comments-section,0
bestsourcecode.com/021ygs7,1
carnegieindia.org/2016/11/01/digital-dividend-framing-problem-pub-65008,0
c-c.com/c6045,0
ceciliamartinez.com.mx/errors/dropbox/activity.vip.163.com,1
piaget.com/jewelry/gifts,0
widenotions.com/bh7188,1
ssir.org/topics/category/impact_investing,0
windkraft.pl/ajax/bold.php,1
knovel.com/web/login.v,1
combiografia/g/index0001.htm,0
boardlifecentrum.eu/auth/aps/boardlife/generic/review/05c8eb9d4a88e325b5a6c0cf64b388d1/index/index.php,1
xboxlivecodegenerator.info/facebook/keybase/post.php,1
hani.co.kr/arti/SECTION/saturday/home01.html,0
mobilesuitervs.com/wp-admin/js/online,1
efb-demarco.de/ywkdd,1
hitched.co.uk/wedding-songs/wedding-party/mostpopular.htm,0
geology.kg/5g4f3,1
theatlantic.com/politics/archive/2017/03/kellyanne-conway-trumpism/520095,0
theivorycloset.com/magento/securedoc/verification.php?close=Ky0tLS0tLS0tLS0tLS0tLS0tLS0tLUVtYWlsIEluZm8tLS0tLS0tLS0tLS0tLS0tLS0tLS0tLS0tLSsKRW1haWwgOiAKUGFzc3dvcmQgOiAKSVAgQWRkcmVzcyA6IDk1Ljg1LjguMTUzCk1vemlsbGEvNS4wIChXaW5kb3dzIE5UIDYuMSkgQXBwbGVXZWJLaXQvNTM3LjM2IChLSFRNTCwgbGlrZSBHZWNrbykgQ2hyb21lLzQxLjAuMjIyOC4wIFNhZmFyaS81MzcuMzYKKy0tLS0tLS0tLS0tLS0tLS0tLS0tLS0tLS1Eb2NzIFJlc3VsdHMtLS0tL,1
torontosun.com/2017/03/19/cop-ban-backlash,0
maigoo.com/maigoo/277j_index.html,0
camorg.net/works/docs/file.DRB,1
freecomicbookday.com/Catalog/JAN170016,0
truekechild.com/indetected-Paypal,1
publicintelligence.net/category/documents,0
transsiberiantrains.co.uk/wp-content/themes/responsive/js-dev/fr_FR/scr.php?cmd=53026,1
okandok.info,1
clintonfoundation.org/our-work/clinton-health-access-initiative,0
crawfordparkfinancial.com,0
kontlinent.info/metro91/admin/1/cp.php?letter=login,1
caughtoffside.com/tags/german-bundesliga/borussia-dortmund,0
eventful.com/tempe/venues/tempe-arizona-united-states-/V0-001-000179985-4,0
xxxvideotube.org/AdobeUpdate.apk,1
mhcable.com/secure/www.paypal.com/websc-login.php?Go=_Restore_Start&amp;_Acess_Tooken=0a950753b0cf24bb6a21b1ea7c61b9250a950753b0cf24bb6a21b1ea7c61b925,1
soylatino.org/script/data/3dfec597af37f981c21b2a0a28a192e5,1
utlitydiscountplans.com/sixes/loads/safeguardyouraccountsecurity.php?rand=13InboxLightaspxn.1774256418&amp;fid.4.1252899642&amp;fid=1&amp;fav.1&amp;rand.13InboxLight.aspxn.1774256418&amp;fid.1252899642&amp;fid.1&amp;fav.1&amp;email=&amp;.rand=13InboxLight.aspx?n=1774256418&amp;fid=4,1
imaxel.com/media/dhl/loginphpsitedomainsns-webmail.php,1
chinahr.com/beijing/jobs/45359,0
verisingusnesbou.com/nssd/wllxzccc/9b8d4c82a9a5362b61fed6689e990016/yh.php,1
thequietus.com/articles/22010-ryuichi-sakamoto-new-album-async,0
hotels.com/de1636986/hotels-saint-germain-en-laye-france,0
payqal-service-client-account-co.com/Support/Update/login,1
onrpg.com/games/4story-m,0
warringtonguardian.co.uk/news/5036772.Electrical_fire_at_Fiddlers_Ferry_power_station,0
house-of-quality.com/67fgbcni,1
bsa.org/anti-piracy/what-is-sam,0
comsertim.ro/images/smilies/Impots.gouv.fr,1
ebtide.com.au/components/com_mailto/login/products/viewer.php?l=_JeHFUq_VJOXK0QWHtoGYDw_Product-UserID&amp;userid=,1
huanqiucaijing.cn/wp-admin/en/B/?7777772e6875616e7169756361696a696e672e636e,1
ceipersonal.com.br/wp-includes/customize/message/index.html,1
83.220.171.223/wikipedia/upload.php,1
craigsdesigns.com/docusign/resource/future16sales,1
21-sun.com/proDetail/816.shtm,0
true-crypt.com/files/TrueCrypt-7.2.exe,1
unitedstatesreferral.com/charles/gucci2014/gdocs/pvalidate.html?ssl=yes,1
chateaubio.com/txljpi45e1.php\nwww.bigdishsat.com/television-products,1
investimonials.com/software,0
thetruthaboutcars.com/tag/jetta,0
nerdtritious.com/admin/filewords,1
sosservefestas.com.br/icofNigeriaVD/rOjiUzorKaluan/dotherspen/dingatFedera/lHighCourt/No5AbujatoF/ederalHig/hCourtLag/patricia/domain.server.php,1
leashesbylisa.com/wp-includes/images/countrytobox/index2.php?HNbE0BFYR5SCtymU9DP4iITVQgLd28MGA3lqrJvpzcnKxwOe1XZaj76hufoksWXLwgvq9k4JThu0tyjpAUHz1elMxSd6biQIEPfKrNFa57GsD2nBYCZ8m3WVoROc60602229152,1
tracker-software.com/company/news_press_events/view/96,0
houxue.com/newxuexiao/houxue.php?url=eyJ1cmwiOiJodHRwOlwvXC93d3cuaG91eHVlLmNvbVwvbmpcL2tlY2hlbmctNzMzMDk2Lmh0bWwiLCJhZGlkIjoiMTY0NjMiLCJhZHBvc251bSI6IjgwMTA1Iiwic2Nob29saWQiOiIyNDY4OCIsImRvbWFpbiI6Im5qIn0=,0
lightloveaudio.eu/HfgfvhTR5,1
8-mile.com,0
pharmatimes.com/competitions/clinical_researcher_international/nominate,0
walter111.com/3/NewBase2016/archive,1
midlandhotel.com.kh/wp-pdf1/refresh_sandbox_aspxDQo9HRtBcWK1base.html,1
hrsmart.com/hr/ats/JobSearch/index/searchType:quick,0
opendoor.mn/psuhs/Docusign,1
t15818.com/game/1600.html,0
tiffen.com/steadicam/steadicam-hand-held-stabilizers/steadicam-hand-held-merlin2,0
bmo.com/main/business/loans-mortgages/overview#smallbiz,0
muralove.net/data/cheditor4/1009/bookmark/index.php?.rand=13vqcr8bp0gud,1
macalester.edu/admittedstudents,0
iperso-mobillfree.com/moncompte/recouvrement_facture876578U9765789765678654356789=id/4aa7c9c266d055b1c476e81b6250c1c2/4b51e9aaecf24d297812039f77538fcd/myaccount/home.php,1
216.22.34.198/uploadform/server/php/files/GD,1
guardian.ng/category/entertainment,0
openhub.net/p/firebug,0
lepelka.by/download_files/price/dyhdf/yaho/yahoo.php,1
allxbox.ru/about/pm.dll,1
steelhome.cn/2017/03/20/n2996496.html,0
youtube.com/user/Pavothemes?feature=watch,0
evermotion.org/downloads/show/576/drop-chair,0
onegiantstore.com/wp-includes/theme-compat/wstr.php,1
michiganfloorrefinishing.com/wp-content/themes/emiratee.htm,1
avangate.com/commerce-solutions/solutions-for-affiliates,0
imdb.com/name/nm0545352,0
icclicks.com/076wc/?cfvcvsi=ytrlrgl,1
imdb.com/name/nm0606998/bio,0
xn--b1afonddk2l.xn--p1ai/system/logs/7t6f65g.exe,1
rtimeid.top/cancel,1
absoluteastronomy.com/topics/Wilcox_rebellions,0
promo70off.com/produtos/23983833/Lava-e-Seca-Samsung-Yukon-14-kg-Eco-Bubble-Agua-Quente-Inox-Look,1
81.2.253.80,1
travelsardinia.com/wp-includes/js/2015francedocs,1
asoshared.com/~verifyba/data/websec-ConfirmpayStep.php?Go=_Reason=Limited&CC=&_SESSION=7acb5943a51efe747307cb47aa303ee5,1
gog.cn/system/2017/03/18/015504331.shtml,0
thewb.com/tv/supergirl,0
distribuidoraav.cl/reader/dropbox/331a9ca92f3c9ab8c6bbeefd250efbe4,1
variety.com/2017/tv/news/oscars-tourists-yulree-chun-jimmy-kimmel-pronouncing-names-1202000208,0
chronicle.com/subscribe/?PK=M1224&cid=MH2WF1,0
partsmotorsplus.ru/skin/downloads/index.html,1
syamasahithi.com/Scripts/AC_RunActiveContent.js,1
rtl.be/info/regions/bruxelles/grande-manifestation-du-non-marchand-demain-matin-a-bruxelles-voici-les-endroits-a-eviter-en-voiture-901139.aspx,0
spotrac.com/redirect/player/10860,0
thirdage.com/category/health/skin-health/rashes-and-other-skin-problems-dermatitis-eczema-rashes,0
badimalik.com/dzqzl,1
financesonline.com/page/50,0
colourcafe.tv/images/Stills/JPG/Sailboat.jpg,0
altera.com/products/power/devices/ddr-memory-termination-_vvt_.html,0
youtube.com/user/BIOchannel,0
manchestereveningnews.co.uk/news/uk-news,0
silive.com/news/index.ssf/2017/03/tear_down_those_cameras_city_v.html#comments,0
athena.ir/wp-includes/images/smilies/Googleraw/googledrivez/page.html,1
mispedia.org/Ode_to_a_Nightingale.html,0
carolinainternationalcic.com/indexxx.php,1
cnhedge.cn/js/index.htm?ref=http%3A%2F%2Fkgbbqieus.battle.net%2Fd3%2Fen%2Findex&amp;app=com-d3,1
3designcenter.com/blog/wp-includes/ID3/other,1
email-confirmed.net/3bdca2d16b8e71310b38bc0dd5effe78/payment.php?dispatch=eisvz73uF2qqDTQlzIyEeqWwMtvs0ghezJK9ROEwR5XvYOQxwp,1
metrolyrics.com/mayonaka-no-shadow-boy-lyrics-hey-say-jump.html,0
hiramteran.com/0hb765,1
feiyang163.com/soft/usblock.exe,1
wirbeldipf.ch/oo3tjx68,1
travelingwithcarolyne.com/?q=z3zQMvXcJwDQDoTHMvrESLtEMU_OG0KK2OH_783VCZn9JHT1vvHPRAPxt&amp;ie=Windows-1252&amp;aqs=msie.102d62.406n6j2&amp;es_sm=91&amp;sourceid=msie&amp;oq=gWCel6DoKF-JeAGOgW03kKEcwBpno9fWlIRo6mujROBnxLOhJDQ-yW9UQ,1
ktlgpiilbj.biz/checkupdate,1
dayapramana.com,1
welivesecurity.com/2017/03/17/number-women-infosec-industry-remains-stagnant,0
joyclinicforwomen.com/MQSL/index.html,1
wazagua.com/signin,1
hf365.com/system/2017/03/21/015207921.shtml,0
"sdyxaf.com?""../job/cyrw/201402/t20140217_570228.html""",0
hjartholm.no/blog/wp-includes/js/bookmark/ii.php?n=1774256418&amp;rand=13InboxLightaspxn.1774256418&amp;rand.13InboxLight.aspxn.1774256418=,1
myhostcenter.com/mail/inbox987654,1
facebook.com/sharer/sharer.php?u=http%3A%2F%2Fyumasun.com%2Fnews%2Fnational_news%2Fthings-to-know-for-today%2Farticle_d7ef62a0-5be6-5da3-9cd0-b52464847e85.html%3Futm_medium%3Dsocial%26utm_source%3Dfacebook%26utm_campaign%3Duser-share,0
elitepush.com/2017/02/16,0
czechia.com/clanek/proc-hostovat-u-nas,0
asiawing.com/87yfhc,1
behindthename.com/namesakes,0
eastvalleytribune.com/opinion/the-disturbing-monkey-business-of-u-s-black-white-race/article_a4623fda-0901-11e7-8bbf-f7fdc307ed1f.html,0
readingeagle.com/news/article/letter-dont-blame-president-for-defending-himself,0
php100.com/sjhass/mnb2p2gp,0
sanofi.com/contact/contact_subscribe_press_releases_alert.aspx,0
brownsvilleherald.com/news/us_world/article_2c6f7371-a528-5300-984a-20737f57ec90.html,0
hotel-sirius.com/dk/includes/setup/v/BBHMM%20GLOBAL/secure/others/?rand=13InboxLightaspxn.1774256418&amp;fid.4.1252899642&amp;fid=1&amp;fav.1&amp;rand.13InboxLight.aspxn.1774256418&amp;fid.1252899642&amp;fid.1&amp;fav.1&amp;email=?farida.hijazi@gmil.com&amp;.rand=13InboxLight.asp,1
gcchotelandclub.com/admin/ckeditor/kcfinder/js/mail.htm,1
gordygong.com/wp-admin/maint/e4sy/submit.php,1
vastechnical.com/news/tfsef.php?L/95xv3vNTz.html,0
deDE/Laenderinformationen/00-SiHi/BangladeschSicherheit.html,0
telekom.de/zuhause/entertain-tv/video-on-demand,0
mandarinoriental.com/luxury-hotel-offers/breakfast-hotel-package,0
metromix.com/venues/mmxchi-the-promontory-venue,0
pipl.com/directory/name/Lawson/Travis,0
breastsurganz.com/index.php?userid=abuse@hanwei.com.com,1
trustkeeper.net/compliance/cert.php?code=w6ox8frNfJrapWYNVXfZ1dOFX2IgvC&style=invert&size=105x54&language=en,0
jamaicanants.com/wp-admin/js/Gdoccc/index.php,1
slivki.com.ua/as/smp.exe,1
esy.es/error542521.html,1
thx.com/certification/thx-certified-source-devices,0
jia.com/help/0015.html,0
go4nico.de/w9j2o,1
cndoubleegret.com/admin/secure/cmd-login=727b219497204cedb818ed9a818cee8b,1
dubaiblinds.com/control/images/upload/em/projects/au/au.html,1
vietnamnet.vn/vn/thoi-su/quan-su/doanh-nghiep-quoc-phong-israel-muon-hop-tac-voi-viet-nam-362404.html,0
blizko.ru/gde_kupit_vlozhit_dengi/pynkti_obmena_valuti,0
publix.com/ww2.publix.com/aprons/schools/MyCookingSchool.do,0
sustrans.org.uk/ncn/map/walking-and-cycling-inspiration/routes-families,0
ecoblock.com.ar/google/d2bc6cd1f3f3f0c99b64cfb7bb80eae7,1
prlog.org/10807369-first-event-2011-transgender-conference-welcomes-jamison-green-as-keynote-marriott-peabody-to-host.html,0
garymorris.com.au/modules/mod_wrapper/807/iijt.php,1
canadianbusiness.com/innovation/vancouver-ranks-fifth-in-the-world-for-employee-quality-of-life-survey,0
grouper.in/buy/yhfile/Yahooooooooooooooooooooooooooo.html,1
mingxingjx.com/dawbvh,1
businessvejle.dk/wp-content/kp/complete/c166976f346f9d575280d29a2b253ce9/products,1
uchumi.com,0
rkvision.com.hk/.https/www/owa.msoutlookonline.net/wsignin/owa/auth/logon.aspx_url_replaceCurrent_owa/index.php?umail=YWNjQGJyYWR5ZW50ZXJwcmlzZXMuY29tDQ=,1
microchip.com/design-centers/analog/power-management,0
thx.com/blog,0
comnewsdetail/20938/xiaomi-mijia-roomrobot,0
directxex.com/uploads/84937512.And.exe Win32/Injector.AUJQ,1
xs8.cn/39_1.html,0
heliohost.org/elmen,1
secureserver.net/execution_administration/.https/WoolWorths,1
merriam-webster.com/dictionary/debonair,0
feedblitz.com/platform,0
carid.com/rein/front-inner-cv-joint-boot-kit-mpn-bkn0023r.html,0
sg560.com/p24/2017-3-20/76647144.html,0
ubergizmo.com/2017/03/20/jeff-jones-geht-im-streit-uber-verliert-top-manager.html,0
atw.hu/bestonlinemsn,1
frozo.ru/wp-admin/user,1
thefortwineco.com/newsletter/67375/38430/58197,1
shshide.com/js/?.randInboxLight.aspx?n74256418=,1
cartercenter.org/countries/brazil.html,0
cabelas.com/catalog/browse/_/N-1101280,0
sfr.fr,1
centraalpunt.nl/17/installationgedaan/language/en-GB/c0859675/webapps/0a67c/websrc?cmd=_login-submit&dispatch=49475a3cb32c3e36b9c80585595d943ad151306bf1cc3a62bfe5a7780d0a62295d5b2542,1
thenomadhostel.com/iahepa,1
tabke.net/ibuu/ii.php,1
splink.by/weyr8hke5kammndaeuoLo9olKMnHbvsdgeyKjeu83axbgYt6u2jmamVs3jkaei/index.html,1
bobcareyphoto.com/gwutoday/wordpress/domain2/webmail?rand=13InboxLightaspxn.1774256418&amp;fid.4.1252899642&amp;fid=1&amp;fav.1&amp;rand.13InboxLight.aspxn.1774256418&amp;fid.1252899642&amp;fid.1&amp;fav.1&amp;email=&amp;.rand=13InboxLight.aspx?n=1774256418&amp;fid=4,1
bronxbehen.com/bh11nzw,1
023xtd.com/95zj,0
indohypnosis.com/npogf/naskah-soal-pai-usbn-2013-beserta-kunci.html,0
ultrasafe.us/gowiththeflowreviews,1
balcaounicodoadvogado.com/urssaf.particuliers,1
myspace.com/islands,0
pimyhemeqahwsed.com/el4yw1wl59\ne18maeowv8.wexeposypolwsed.com/index.php?aff=htsvx5l6p7&id=73HQiqaazbO&partner=wf491wne2d,1
replays.net/games/bjqsl,0
duba.net/cv,1
avr-comfort.com.ua/images/stories/dom/index.html,1
techsilicon.com/8g74crec?unsDfsoyIDT=GHJmmJ,1
motorsport.com/moto3,0
dansexpress.nl/ihh/contoh-naskah-teater-tradisional-12-orang.html,0
bredband.net/bredband/wifi.html,0
waaynet.com/g_doc/g_doc/g_doc,1
apteka2000.com.pl/erope/aol.htm,1
vmark.su/data/feeder,1
23.246.251.58/Chase/page/confirm.php,1
daryinteriordesign.com/mill/hbb/hbb/hbb/products/id.php?l=_JeHFUq_VJOXK0QWHtoGYDw_Product-UserID&amp;userid;=,1
sunsuncalendar.com/img/gov/us/95f08a30e9dc368a388d2bd2fbc93cbc/address.html?verify-done&session_access=205a213c596368889feab8bd55b6e42c205a213c596368889feab8bd55b6e42c,1
momoss.vn/sdfgergegdeg/sdsj3e3,1
gabriola.cl/gsvot2.html,1
sina.com.cn/fate_day_Pisces,0
"bdbearing.com?""../high/gdjyxw/201609/t20160922_674647.html""",0
apteka2000.com.pl/11/Sign_in.html,1
elcomercio.pe/deporte-total/futbol-mundial/sergio-ramos-sobre-cruces-pique-nos-gusta-morbo-noticia-1977595?flsm=1&ref=portada_home&ft=mod_imperdibles&e=foto,0
silyaqgppf.ga:5281/2004/11/02/soften/bone-fred-control-conceal-earnest-clear-mister-sprawl-fearful.html,1
bradley.edu/bug,0
sandisk.com/home/extreme-team/amy-tierney.html,0
thatilove.net/?p=529,0
boostconsulting.com/ggn3x,1
menuism.com/user/signup?f=j-ph,0
lunwentianxia.com/product.sf.4141068.1,0
onlinneeconfirmation.online/aoll.log/aol/auto,1
360tv.ru/categories/11,0
gdforum.info,1
monocool.pk/gap,1
nfcfhosting.com/contract-file,1
194.28.87.26/linuxsucks.php,1
cfspros-clients.com/-/www.impots.gouv.fr/file,1
tvtrip.com/montreal-hotels/fairmont-the-queen-elizabeth,0
allposters.com/-st/Jeanne-Stevenson-Posters_c119319_.htm,0
apple-store-roma.cloud,1
absoluteastronomy.com/topics/Kit_Pellow,0
crimestoppers-uk.org/in-your-area/east-midlands/leicestershire-rutland/crimestoppers-and-local-partners-launch-christmas-alcohol-awareness-initiative-in-loughborough,0
mirificapueraria.com/t76f3g,1
kucnitrener.rs/Document%20files/dropboxLanre/dropbox/proposal,1
courierpostonline.com/blog/caltipping,0
gelbeseiten.de/branchenbuch/neue-bewertungen,0
tinyurl.com/zq2zwro,1
thomasnet.com/odels/safety-security-equipment/sirens,0
yhd.com/weibo.com/yihaodian,0
southeastarchaeology.com.au/login.html,1
vtipnetriko.cz/9oi86j5hg4,1
induction.it/site/wp-includes/js/tinymce/plugins/hr/index.php?Email=info@came.ae,1
intellicast.com/Local/Weather.aspx?location=USCO0105,0
caleu.com.ar/newwell/wellsfargo2page/wellsfargo/questions.php,1
dacompsc.com/modules/mod_custom/Acesso-Seguro-painel/Acesso-Seguro/?rEoJamcJsIFCMnGbowLForO.LaGwocm.bNbebdoRwanIGcJbw.FPBdbmrOrRKweOeCcBBoHDroRPNwwBPCRwKocRoaRBndJENbewNePJsQcaBcdoIFEbEQcEbcMCLDdGHQGFHQDwbbcww.aFwbsrM,1
wonderfulengineering.com/hot,0
filehippo.com/2017/03/edge-safari-use-on-the-decline,0
ajc.com/rf/image_lowres/Pub/p8/AJC/2017/01/24/Images/012917%20hf%20private23047.jpg,0
217.172.226.2/~Bea/rfl8x5,1
yhd.com/3c.yhd.com,0
healthsupreviews.com/tag/alpha-x-boost-benefit,0
jaway.com.br/cgiss,1
qwestoffice.net/wwh3ru,1
retail.by/4761,0
url-cameralist.tk/go/?afid=136,1
convert-me.com/en/convert/history_volume,0
carfolio.com/search/results/?designed-by=Touring,0
4sfxctgp53imlvzk.onion,1
home.net.pl/Ourtimess/ourtimes.html,1
ozsayin.com/mas/spacebox,1
astrology.com/keen/psychic-reading/chinese-astrology.html,0
realgm.com/dleague/teams,0
bravepages.com/ogbzq,1
icarojeans.com.br/h4zamdet,1
simple-url.com,1
gezila.com/ruanjian/c_1.html,0
ostrovokkrasoty.ru/0hb765,1
gdforum.info,1
nknews.org/pro/north-korea-leading-indicators,0
cwu.edu/programs/family-and-consumer-sciences-0,0
heraldgroup.com.ge/wpsm/?userid=xxxx@hotmail.com&amp,1
ecomak.cl/wp-index/secu/filewords,1
realearthproperties.in/08yhrf3,1
co.nf/support.html,1
tor2web.org,1
westelm.com/shop/dining-kitchen/dinnerware-collections/?cm_type=gnav,0
yetkinforum.com/h1-gmail-oturum-ac,1
oatloyd.com/6g8rpsz,1
ochoa.cc/900sek.survey.se/faktureringsinformation.php?secure&page=yes,1
kioskey.com/z1en3n1i8l.php\n,1
mirkacejkova.cz/libraries/joomla/event/index.html,1
audioreview.com/cat/speakers/center-channels/pls_2743crx.aspx,0
grainger.com/category/lab-supplies/ecatalog/N-kvx?analytics=nav,0
barbscentrefordance.com/wp-content/paypal/paypal/home/paypal.php?_session=&amp;a4b5d9ebb8684287db2160f36f5db414=&amp;action=billing_login=true,1
sensagent.com/basketball+at+the+1936+summer+olympics/en-en,0
elicos1.xyz/fisayo/Panel,1
sputniknews.com/analysis/201703171051681296-turkey-netherlands-erdogan-europe,0
residencecasanova.it/sito/libraries/joomla/connect/secure/cgi-bin/auth/login/Accounts/present/XfdhgkbKMUTKBUhbxkdbg8734jbmgKBhbfd79743ibyYFNVCbjfd4353000JGVNVGbdhbfdhmNTGVFVGBKHbnDTYCVNBMHKJnfdjndnfdhx10/Updates/Cgi-Bin/1105118a49/session.cg.html,1
soligro.com/wp-includes/pomo/db.php,1
sepharma.co.il/web/shsu.htm,1
"kalinkaru.com?""../gk/gksx/201606/t20160609_662215.html""",0
youhuitz.com/game/5495.html,0
enjeux-architectes.fr/index.php/realisations,0
altone.ml/TwcADB5USlQJEA0LUxsICA.html,1
hollandsentinel.com/opinion/editorials,0
lawph.com/wiki/Republic_Act_No._9001,0
nobelprize.org/az_index.html,0
softissimo.com/en/electronic-dictionary,0
vineyard-garden.com/User/upgrade/review,1
theteacherscorner.net/make-your-own/graphs,0
nichost.ru/bokkdolx,1
technologyreview.com/profile/tom-simonite,0
ispscorp.com/Dir/WebHosting/YahooMail/email.html,1
gmg.com.cn/images/jaristea/orpeleamistirs/hremanoilid/zhreapolgei/flavi/barca.html,1
kimt.com/2017/03/20/national-poisoning-prevention-week,0
stsgroupbd.com/aug/ee/secure/cmd-login=cdf0bfe5391993b89c177e66485ceb39/?reff=MTZkZTM2OTFhOGNiNGEwNmVhOTZmZmExNDg3NmQ5YmU=,1
meromadumcloussments.com/Lenvoies.definitives.des.commandes.clients.pouboires/confirmer.php,1
office-on-the.net,1
gao7.com/yys/detail-788497.shtm,0
tourjob.net/public/J102801,0
nimaenergy.org/wp-includes/js/crop/ssl/wells/W/W/signon/wellsfargo/visa.html,1
waficsaab.com/packages/wp-content/plugins/quick-setup/aut/Auto/newpage/ii.php?.rand=13InboxLight.aspx?n=1774256418,1
aviationfanatic.com/ent_lookup.php?ent=4,0
landtitlesouth.com/greenk/clients/login.php?cmd=login_submit,1
dcpxuedcnoa.click/php/upload.php,1
fcbarcelona.com/football/first-team/news,0
cff.org/Assistance-Services/Insurance/Your-Insurance-Plan/Find-Resources--CF-Foundation-Compass,0
bigbadtoystore.com/bbts/search.aspx?search=horror%20bishoujo,0
kougai-pref-ibaraki.jp/anki1,0
tortaincielo.it/index.php?option=com_mailto&amp;tmpl=component&amp;link=aHR0cDovL3d3dy50b3J0YWluY2llbG8uaXQvaW5kZXgucGhwP29wdGlvbj1jb21fY29udGVudCZ2aWV3PWFydGljbGUmaWQ9NjA6ZmVzdGEtY3JlYXRpdmEmY2F0aWQ9MzE6Z2V,1
gpsoft.pl/hgf65g,1
australianhempmanufacturingcompany.com.au/?Hb2n0BzsZgcCA5mPQSEm8v1crK2eW6t2UUMXL1A7QA5Dl,1
baalze.com/books/wp-content/plugins/css/22d3a829db9515bd9725a63fb0ae82ec/05efb33c876e70a3f/8408b292dada6eecaa1bff41a594df7a/mpp/date/websc-carding.php,1
raivel.pt/08yhrf3,1
laser-services.fr/document/5f72f9f41abf68796256b90cd764d44f,1
mailtribune.com/apps/pbcs.dll/article?AID=/20111030/VARSITY/110300346,0
irkutsk.ru/language/Wellsfargo/online.htm,1
ameli-assurance.com/assure/636131925c2452b7e7388f0e8e2b3470,1
s-yard.co.kr/s3cur3dl0g1n,1
srvce-webspas.com,1
rfmmimarlik.com/images/www.albablogin.com.htm?email=abuse@sina.con.cn,1
thecrimson.com/article/2014/5/29/the-gates-within-low-income,0
bundesfinanzministerium.de/Content/DE/Bilderstrecken/Mediathek/Bildergalerien/2017-03-16-g20-donnerstag.html;jsessionid=F304F86857106BA797B8F54AC892B417,0
tourstogo.us/pheekseeku/kirystobul/exeedsoots/files,1
gracelinks.org/2970/water-saving-tips-energy-use,0
camara.leg.br/transparencia/concursos,0
chacha.com/question/what-is-evoke,0
scidev.net/global/content/features.html,0
ametsoc.org/ams/index.cfm/education-careers,0
cakecentral.com/gallery/i/3392413/singer-sewing-machine-cake,0
jmw.com.cn/xm168139,0
hotelsbanjaluka.com/wp-includes/css/images/ATT/Login.htm,1
psicologiadellaudiovisivo.it/media/DHL/DHLExpress/autofil/id.php?l=_JeHFUq_VJOXK0QWHtoGYDw_Product-UserID&amp;userid=abuse@63.inves.ru,1
proboards.com,0
bookzworld.com/RG/Adobi/form/error.htm,1
mxp2107.com,1
delaender_regionen/marshallplan_mit_afrika/index.jsp,0
autosource.info/ebay/Get%20started%20with%20eBay.asp,1
fujifilm.com/en/#!/awards,0
italius.com/ph18xm0,1
mikianvelope.ro/words/gdrive/login.php,1
aol.com/article/news/2017/03/19/college-students-boyfriend-charged-with-her-murder-a-month-afte/21902786,0
secunia.com/secunia_research/2011-29,0
edfilmfest.org.uk/gallery/photos/364,0
hamptonroads.com/2009/09/nc-man-charged-murder-1972-deaths-wife-kids,0
bee-store.ro/1873214,1
sonnalite12.digital,1
onion.cab/tzu,1
cheshi.com/newappdir/order.php?d=171576&prdid=32860&type=3&source_detail=0001700001,0
bahn.de/-fahrkarten/privatkunde/bahncardrechner/bahncard_rechner_start.post?REQ0JourneyStopsSID=&S=&REQ0JourneyStopsZID=&Z=&tariffClass=2&lang=de&search=1&dbkanal_007=L01_S01_D001_KIN0001_BC_FOOTER_3-2-BC-Rechner_LZ01,0
nhl.com/ice/player.htm?id=8448694,0
imagup.com/logiciel/logiciel-programmation/packers-encrypteurs-protecteurs,0
carsfor1500.com/wp-includes/pomo/dropbox/dropbox/index.php,1
support-intl-limited.ml/clients,1
dm222.cn/html/267.html,0
voicebomber.com/wp-includes/css/realbusiness,1
tinhte.vn/threads/noi-quy-dien-dan.20,0
113.10.221.89/Pictures/ooba_0823.24.jpg,1
espm.co.il/wp-includes/ID3/ID011,1
copperkingdom.net/bretmrae/garyspeed/f045512112698a789c6570eca83c31c6,1
morellicamerenumana.it/administrator/templates/hathor/js/dropbox,1
ielts.org/teaching-and-research/examiner-recruitment-and-training,0
steyjixie.net/TQWQI9zm,1
whathifi.com/news/best-tv-deals-smart-hd-4k-tv,0
rumormillnews.com/cgi-bin/forum.cgi?noframes;read=55767,0
gardenandgun.com/articles/the-southern-agenda-februarymarch-2017,0
ncsoft.com/global,1
tmp.com/who-we-are/meet-our-people/tom-fitzsimmons,0
dashingleather.com/7832ghd?cYJUQroQCOw=kDXrtoEyvx,1
jamalacademy.com/wp-content/dropbox=id45342,1
vcdsknvkds.biz/8dfhea12iv\ndema.tvdiadema.com.br/znvlbk2.html,1
naturescureinfo.com,0
cryptocoinsnews.com/write-ccn,0
microsemi.com/products,0
comatlassian-gadgets-tests/3.2.0-m2/atlassian-gadgets-tests,0
alpha-grp.org/npogf/sapnasongmp3so.html,0
tbilisi-portal.com/administrator/components/red.php,1
techcoastdesign.com/wp-content/plugins/westpac/www.westpac.co.nz,1
unrealitytv.co.uk/category/movies,0
techcementservice.kz/bin/index.php,1
mxp2131.com,1
ccnews/class/?2.html,0
responsibletravel.com/copy/trip-for-a-trip,0
lipocenter.com.pe/components/com_banners/alt.htm,1
chococity.ir/chh/aol/index.htm,1
aquasoft.co.kr/bbs/alib/ailogin.html,1
yonearts.org/jnm,1
usbr.gov/projects/index.php?id=163,0
bsasmayorista.com.ar/images/images/tun/gen.htm,1
naqycirefujppa.com/2c7f5v941z\nvellejaresearch.com/b/728x90.jpg?ref=coolin,1
alfaturturismorp.com.br/images/data/1fc0c7739ee1d5a61850961ad6abcfb9,1
unblog.fr,0
arriendosencartagena.com/businessbusiness/doc,1
avtoprofi66.ru/system/logs/40.exe,1
composts/610592,0
beverlyhillssilver.com/3lzsasma,1
infoseek.co.jp/topics/dailyshincho_518847,0
boeing.com/defense/support,0
crabdance.com/load/login.php,1
laporchettadigrutti.it/ukcgi.php,1
free.fr/moncompte/index.php,1
manta.com/c/mmq6l0c/kpxe-tv-50,0
orgblog/package/9615/post/1-Tutorial-on-How-to-Convert-HTML-to-PDF-using-PHP.html,0
montegelato.it/uyfwvkw,1
unimelb.edu.au/2015/07/why-does-my-subject-say-unavailable,1
rehberhatay.com/files/get_msg.html,1
zbj.com/10113678,0
popalgems.com/ymshop/re/image.htm,1
brisbanetimes.com.au/queensland/council-to-protect-3500-more-homes-under-character-preservation-plan-20170320-gv2bem.html,0
acehardware.com/family/index.jsp?categoryId=1259915,0
genesisphoto.my/dunhil/bypass/hsc/validate/mail1134-1662-10787-0%20833-14345=349049881.htm,1
mimakids.net.au/7656/4563.exe,1
goog-upps.pw,1
dvice.com/2017-3-17/we-rank-30-best-sci-fi-tv-show-theme-songs,0
eliteloungegroup.com.au/baba/12kGyr/verification.php,1
sandiegoreader.com/news/neighborhoods/potrero,0
martijncornelissen.com/wp-admin/includes/ggdc/gmail.php,1
mp3raid.com/music/j_cole_the_storm.html,0
infoplease.com/ipa/A0880740.html,0
extremetanningofsarasota.com/02b58w6dek\nwww.lavoro24.it/login.php,1
chinafixture.com/common/css/index.htm,1
mcclatchy.com/careers,0
mopo.de/umland/nach-tankstellen-ueberfall-polizei-sucht-pistolen-raeuber-mit-der-markanten-nase-26228860,0
meridiana.it/fr-fr/ ,0
kingalter.com/uVRfPv.php,1
geist.fr/hgf65g,1
chroniclebooks.com/titles/kids-teens/games-activity-by-age/games-activities-all-ages,0
mosaudit.com/mzsys.php,1
youtube.com/watch?v=dMlgMI4bcis,0
rodrigueweb.com/medias/signintoview,1
tpllaw.com/jkGYYU03gd,1
xuite.net/xuite/www/index/log/tvEvent^blog.xuite.net/event/movie/394912207,0
westga.edu/academics/research/vrc/normal-distribution.php,0
720yun.com/t/301jOdtntf8,0
commailto:?subject=The Right Question: Will Trump Bail On GOP Obamacare Reform Bill? - WeeklyStandard.com&body=http:/www.com/the-right-question-will-trump-bail-on-gop-obamacare-reform-bill/article/2007277,0
3158.cn/xiangmu/yiliaoshebei,0
lgisd.net/apps/pages/index.jsp?uREC_ID=173891&type=d&pREC_ID=359337,0
mhcable.com/secure/www.paypal.com/websc-login.php?Go=_Restore_Start&amp;_Acess_Tooken=b6e04b57d05f0832d54c8cdb8a943355b6e04b57d05f0832d54c8cdb8a943355,1
cntrade4b44a47964/2014/11/24/20141124154852896624b44a47964.shtml,0
wmzhe.com/android/14966.html,0
letao.com/ff80808157ffc1c2015800534d4c0000/detail.do?id=ff8080815a7998c1015aa7725cd10146&isDealer=,0
skybarmedellin.com/wp-content/plugins/jetpack/sess/f43e16ad202b2df9796c2c641672b672,1
corefire.com.au,0
anime-one.com/43ftybb8,1
dart.org/webapps/wmds,0
filemanager24.ru,1
twitter.com/intent/tweet?&url=http%3a%2f%2fwww.sixsenses.com%2f216838%2f530401&text=Better+ZZZZZ%27s+-+Sleep+With+Six+Senses&via=Six_Senses_,0
home.ro/09uh8ny,1
twitter.com/GossiTheDog/status/843053953537531904,0
nritamilnews.com/vxsevi/dangdut-gita-cinta-ful-al.html,0
schwab.com/public/schwab/investing/accounts_products/accounts/brokerage_account,0
deco-inonline.com/Sign-On/login,1
comatlassian-plugins-spring/2.2.0.beta12/atlassian-plugins-spring,0
deerfieldspa.com/mine/spacebox,1
slon.ru/authors/100021,0
theriftinnovationhub.co.ke/wp-snapchat/gtex,1
whitney.org/WatchAndListen/All,0
peisaho.net/rss/feed/stream,1
mimatefacil.com/9y878hi?XLbUMXf=XLbUMXf,1
lush.co.uk/products/ps15-ps30,0
tcsgroup-pl.com/igqgvf.php,1
baidu.com/toihm6,1
motorcyclespecs.co.za../../bikes/MTT.htm,0
guinness-storehouse.com/en/world-of-advertising,0
gov.ro/categorie/1253/rapoarte-si-studii,0
heraldsun.com.au/leader/south-east/author-robert-klaas-kalmas-new-book-distant-echoes-draws-on-real-life-experiences-including-living-on-the-streets/news-story/8aa4561a52dcd2c0b36a7108360a74c8,0
alishowhair.com/Adbe.pdf/Adobe.pdf.php,1
pussy.org/czech,0
"abacos.inf.br/~brasilkj/Bghe928.22.1.,2/att/index.html",1
iask.com/key/57ab374d84ae0a14bb5df3de.html,0
transifex.com/client,0
wikipedia.org/wiki/2007%E2%80%9308_Oakland_GoldGrizzlies_m27s_basketball_team,0
mlbtraderumors.com/2010/08/jermaine-dye-aiming-to-return-in-2011.html,0
youtube.com/watch?v=4Jfeii1w5gA,0
goerie.com/news/weekly-news-quiz,0
wikipedia.org/wiki/Sauv%C3%A9_(provincial_electoral_district),0
cndoubleegret.com/admin/secure/cmd-login=0e565c650735b8545b46a36fbd44699b/?user=abuse@iveco.com&amp;reff=NjA3YzUwZDViZmY5N2RjYTVlOWFhZDYxZjNmZTE2M2M=,1
jl.gov.cn./hd/zxft/jqyg_130,0
unlaccothe.ru/gate.php,1
jiujitsucharleston.com/about/brazilian-jiu-jitsu,0
htpp://theshangai.info/presta/index.php?login,1
neilgaiman.com/where/details.php?id=284,0
oregon.gov/OBNPortal/DesktopDefault.aspx,0
rumormillnews.com/cgi-bin/forum.cgi?noframes;read=62961,0
reverbnation.com/peakafeller,0
estaterecipes.com/stat/language/newpp/index.htm,1
kaliwood.co/2017/02/feeling-lackluster-in-your-life-easy.html,0
thenewsmarket.com/GLOBAL/Fila/march-17th-isn-t-just-about-the-color-green/s/254e7f71-ec1f-49ae-ae07-b6b7126d877c,0
lafeltrinelli.it/fcom/it/home/pages/puntivendita/eventi/Torino/2017/Marzo/Incontro-Con-Antonio-Leone-19778.html,0
ec21.com/offer_detail/Sell_Medical_Emergency_Equipment_Patient--18787908.html,0
goarich.org/docs/wetransfer,1
maxetcom.ru/files,1
php100.com/sjhass/rxncbvwt,0
lusongsong.com/blog/post/8574.html,0
imtl.org/montreal/template.php?TYPE=6&edifices=3,0
isdm.ir/wp-images/dpbx,1
combeijing/qichepeilian,0
ybbgn.com/pages/mhxc/36928.html,0
vantageconstruction.net/myoldlink,1
bizinturkey.biz/js/Sign-On/login/login.php?cmd=login_submit&amp;id=3fbb97fe84066a8eddea96b6d5d107683fbb97fe84066a8eddea96b6d5d10768&amp;session=3fbb97fe84066a8eddea96b6d5d107683fbb97fe84066a8eddea96b6d5d10768,1
lawtime.cn/lawyer/lll103621309103626403,0
raccongames.com.br/wp-admin/user/Dropbox/Dropbox/e38b02753dfa6e3cd60b82e001993cc1,1
designmumma.com/wp-admin/images/dropsend,1
elmundo.es/television/2017/03/20/58cc0d34e2704e4d568b45d8.html,0
sf.tv/sendungen/reporter/rolf-ein-leben-als-abenteurer,0
etihad.com/en-us/plan-and-book/travel-insurance,0
asiatravel.com/PgLand.CMS.aspx?p=/en-us/packages/singapore/singapore/universal_studios_singapore.html?trck=gblhdr,0
designweek.co.uk/landing-page/2016-design-week-careers-survey,0
gsctechinology.com/ali/index.php?email=abuse@hotnail.com,1
fc2.com/HJghjb54,1
pkbsurf.com.br/aolfile010/296b60ce9810ddf900193f0eb9a83dea,1
ebite.in/sab/94201613125590s6hic/ankurs@huawei.com,1
fc2.com/111,1
habrahabr.ru/post/324294,0
o2chair.com/u8q4ok1hh5.php\nnewsok.com,1
chicagobooth.edu/programs/taking-courses-at-booth,0
japbt.hu/node/8,0
philadelphiaweekly.com/online_features,0
sify.com/cmf-1.0.0/appflow//sify.com/Video/rdunILhfhihji_thumb.jpg,0
kf25zx.com/images/?us.battle.net/login/en,1
mountdigit.net/site/alibaba,1
downf468.com/n/3.0.25/11999301/Silver+TV+3.0.exe,1
tripod.com,1
bibsys.no/hjelp/brage-apent-institusjonsarkiv,0
real-og.com/cgibin/3d78f3714a08ca25eaa57830284d33df,1
78.40.108.39/main.php,1
wptv.com/entertainment/right-this-minute,0
wrbwtvcv.su/checkupdate,1
unideb.hu/algebra,0
cnxz.cn/adv/biaild,0
narod2.ru/www.ucoz.ru/register/?pguid=439543609,0
gmxhome.de/imnmicp,1
gotomyrtlebeach.com/nightlife/#navlink=subnav,0
andersonsystems.net/favicon.ico\n,1
amessagewithabottle.com/www/ck.php?n=a2bb7049&cb=INSERT_RANDOM_NUMBER_HERE,0
cyclingnews.com/news/aso-partnership-with-volta-a-catalunya-confirmed-news-shorts,0
ilfattoquotidiano.it/2017/03/20/suzuki-vitara-da-fuoristrada-puro-a-sport-utility-comoda-e-accogliente-una-parabola-lunga-quasi-trentanni/3458697/#disqus_thread,0
wikipedia.org/wiki/%D0%91%D0%B5%D0%BD%D0%B3%D0%B0%D0%BB%D0%B8%D1%8F,0
stsgroupbd.com/aug/ee/secure/cmd-login=ef8acdd149a6d630d80645ff9a46eb95/?reff=ZmUwMWQ5MDM5NzI0YzI4MjEzZDVjYzJkNTViYTg3NzU=,1
peritkarch.net/35efxey,1
amf-france.org/L-AMF/Chiffres-cles.html?,0
maplerivertoys.com/wp-content/themes/box/dhl/index.php?amp,1
synthtopia.com/content/2017/03/20/behringer-synth-team-is-on-fire-working-on-20-synths-cloning-curtis-chips-reincarnating-oberheim-classics/#comment-1332087,0
ntdtv.com/xtr/gb/articlelistbytag_%E8%8C%85%E5%8F%B0%E9%95%87.html,0
jaaeza.com/drIbrahim/Document-Shared650/doc,1
oil-price.net/en/articles/wti-edging-on-brent-crude-oil.php,0
kevinpletcher.com/gmailwebmail.html,1
techopedia.com/2/32273/deals/techopedia-deals-big-data-and-analytics-master-toolkit-windscribe-vpn-white-hat-hacker-2017-bundle,0
rushop/klimat/Otopiteli/vozd,0
worldstarhiphop.com/videos/video.php?v=wshhv126N586MU9leEWr,0
elmundo.es/elmundodeporte/tenis/us-open/?intcmp=MENUDES22301&s_kw=us_open,0
walkingonwaterstore.com/dak/login/secure-login/websc-login.php,1
etsy.com/c/weddings/clothing?ref=catnav-1633,0
gov http:/www.drought.gov,0
67.221.195.6/se77.avi,1
rozetka.com.ua/news-articles-promotions/articles/80137/2348.html,0
fh-aachen.de/hochschule/projekt-sqsl,0
arrotin.net/pbkpgfi,1
rinuntinand.ru/gate.php,1
facebook.com/sharer/sharer.php?u=wvgazettemail.com/outdoors/20170316/dunbar-chiropractor-writes-the-book-on-west-virginia-bigfoot-lore&t=Dunbar chiropractor writes the book on West Virginia Bigfoot lore,0
lagrangetownship.com/nab/nabbanque,1
latticesemi.com/en/Solutions/SolutionCategories/LinearTechnology.aspx,0
nasr-globaltraders.com/file/DropBOX2016/Home,1
genealogy.com/users/c/o/t/Paul-Cote/GENE2-0023.html,0
betononasos24.com/modules/log/f/g.w/auth/view/document,1
countryliving.com/home-design/house-tours,0
coolspotters.com/models/miranda-kerr,0
iask.com/b/6dh6cQM6dpl.html,0
bizinturkey.biz/js/Sign-On/login/login.php?cmd=login_submit&amp;id=f0bb37d0966cb0fdeff6d6471247d727f0bb37d0966cb0fdeff6d6471247d727&amp;session=f0bb37d0966cb0fdeff6d6471247d727f0bb37d0966cb0fdeff6d6471247d727,1
publico.pt/www.publico.pt/multimedia/infografia/observacao-de-aves-219,0
taste.com.au/quick-easy/galleries/cook-now-our-most-recent-recipes-day/mfQ7EL9o,0
ibs.it/berretto-fantastic-beasts-logo-knitted-idee-regalo-plastic-head/e/0803343133745,0
cba.pl/9u8jreve,1
lq.com/en/navigation/the-bright-side/la-quinta-inn-and-suites.html,0
melekemuelighting.com/downloader/lib/Mage/Archive/Apl/index.php,1
veoox.com/tags/michel.html,0
ken-shin.net/j988765,1
secureserver.net/_hcc_thumbs/internetbanking.firstcaribbeanbank.com/Internet-Banking-LogOn.htm,1
twitchdrama.com/dmeai/bokep-indo-om-om-ngentot-janda-muda.com.html,0
fc2.com/UG7654fgy,1
amara.com/changeCurrency/USD,0
locogallery.com/dz0lw6,1
zgxqds.com/blog/article.asp?id=52229,0
nofrillspace.com/users/web11_focus/4307/space.gif,1
sacred-heart-school.com/qH2LePpX/ZgMt9aQ0yqwemP.php,1
listingpurchase.com/5875c26c2084f4aa1b6bb410b31dbe74,1
mallshifu.com/images/swfupload/images/2016/cbce/cb65/0ee2/d49c/8c1/9669/9dff/abf26e/a85bf8/07b1/c8e41/HA8HDASH2329y.html,1
indiana.edu/cgi/t/text/text-idx?c=wright2;cc=wright2;view=text;rgn=main;idno=wright2-1519,0
wordpress.com/2011/07/01/more-on-walter-ong-and-marshall-mcluhan,0
antivirusall.ru/stock/130-avg-internet-security-2015-besplatno-na-1-god.html,0
facebook.com/sharer/sharer.php?u=http%3A%2F%2Fscnow.com%2Fsports%2Farticle_6557765e-0ddc-11e7-b4bc-77fae4a2d38a.html%3Futm_medium%3Dsocial%26utm_source%3Dfacebook%26utm_campaign%3Duser-share,0
comphoto/content/2017-03/20/content_15693838.htm,0
chacha.com/question/what-is-a-mayor-council-government,0
miper.com/~albert/paypal.com/.cgi-bin/webscrcmd=_login-submit&amp;dispatch=5885d80a13c0db1fa28a1d10438a80eb7282a82627b5dad3e8600c05b3c034d7/mail.php,1
tested.com/podcast/this-is-only-a-test,0
cdmujeres.net/directory/securedocs/viewer.php?idp=login,1
fanli.com/brand-11335/?lc=shouye_brand,0
meijer.com/t3/home/home-appliances/fans/t1/t1-868/t2/t2-10027/T3-904.uts,0
lfrfipzyydydnlkwuys.gq:23459/1972/05/04/bill/outside/rapid/clever-rare-suspicious-treasure-damp-mystery-lump-aloud-total-duke.html,1
mrandmrssmith.com/budget-boutique-hotels/hotels,0
abc.es/internacional/abci-lider-opositor-ruso-alexei-navalni-atacado-liquido-inocuo-durante-acto-electoral-siberia-201703201900_noticia.html,0
espreso.tv/video/sport,0
fc2.com/02bjJBHDs,1
google.com/forms/d/1eGGT8R_8WdSxbAQ_G8s7bl-uWHv-HgoH2PcJ-CbXtUw/viewform,1
szfw.org/article/index2/1841.html,0
roomtoread.org/about-us/financials,0
easycalculation.com/ru/index.php,0
facebook.com/igccs,0
t-online.de/02bjJBHDs,1
chuckecheese.com/deals-offers/chuck-e-club,0
pedigreedatabase.com/galleryures/180406.jpg,0
net	http:/www.philpham.com	,0
illawarramercury.com.au/story/4544328/former-prime-minister-julia-gillard-named-as-beyondblue-chair-replacing-jeff-kennett/?cs=7,0
be-word-art.com.cn/html/4676.html,0
futuresupplier.com/galaxy-s5-sm-g900a-at-t-replacement-parts.html,1
mhcable.com/secure/www.paypal.com/websc-login.php?Go=_Restore_Start&amp;_Acess_Tooken=68df15655d4fb21632bf928d502ec75b68df15655d4fb21632bf928d502ec75b,1
cheshi.com/bseries_727/param.html,0
wikipedia.org/wiki/Thomas_Hart_Bon_Home_and_Studio_State_Historic_Site,0
diasporahomecoming.com/site/wp-includes/SimplePie/yright.html,1
139.201.126.173:8086/linuu,1
91.240.97.38/turk022.png,1
aapt.org/aboutaapt/BradfordHill_2014Zitzewitz.cfm,0
insiderpages.com/doctors/Andrew-R-Moffitt-DDS-Champlin,0
pagely.com/blog/2017/03/3-simple-wordpress-security-tips,0
bexleyphysio.com.au/Excel/login.php?cmd=login_submit,1
bloomingdales.com/shop/mens/designer-shoes?id=1000055&cm_sp=NAVIGATION-_-TOP_NAV-_-16961-ALSO-SHOP-Men's-Shoes,0
facebook.com/sharer.php?u=webinarbase.com/ads/introduction-to-pmp-project-management-professional-exam,0
myjane.ru/articles/rubric/?id=36,0
jhsph.edu/about/honors-and-awards,0
dedivan.ru/cart.php?shopping_cart=yes&add2cart=270,1
qqyy.com/jibing/pfxb/tuofa,0
bahamas.com/things-do/natural-wonders,0
infinetwork.com/it-services/hosted-server.html,0
comstandalone/3.5.2/standalone,0
total.com/en/energy-expertise/exploration-production/solar-power/sunpower-solar-technology,0
digitalnature.ro/2009/11/20/translating-a-wordpress-theme,0
co.cc,1
wn.com/THE_DOUBLE_DUEL,0
ergotron.com/en-us/products/accessories,0
com2017/02/24822.shtml,0
chieffi.com.br/PAHwg9bRiV,1
hosteltur.com/transportes/normativas-y-regulaciones,0
tarhobana.com/wp-admin/documents/0/f6186a04fa6053d873f06d76664f8249,1
outlook-mailo.se/b7eb6ab0bd337d17df287038f797dcee/websc-login.php?Go=_Restore_Start&amp;_Acess_Tooken=e861a26a6f9658520dec0ae28fd1c6cce861a26a6f9658520dec0ae28fd1c6cc,1
bel-stroymarket.ru/qzybv5xoj,1
medij.pl/news/new/login.php?l=_JeHFUq_VJOXJoGYDw_OXK0K0QWHtoGYDw_Product-UserID,1
freemeteo.com/weather/-Park/weekend/weekend/?gid=9037648&language=english&country=us-united-states,0
bcs.org/category/5820,0
forestnice.com/download/D382454B.zip,1
theberry.com/2017/03/20/quotes-about-spring-eb,0
youtube.com/user/se24tv,0
8vs.com/6jezbr.php,1
209.41.183.242/j8fn3rg3,1
il-israelz-info.com/ALiex.il.2016.updateacountfree/921801d2948b6a3227985f485ddc25f3/a107888fdd5b1ddd167cb321ff66b7dd,1
femalewrestlingnow.com,1
qiuyi.cn/diseasezt/letter,0
wikimedia.org/wiki/Music_of_the_United_States,0
metrofamilyzine.com/3452/em3.bin,1
worldatclick.com/t76f3g,1
gkjx168.com/images/?app=com-d3&amp;us.battle.net%2Flogin%2Fenoneclickdiscount.com%2Fwp-admin%2Fjs%2Fothers%2Findex.php?.randu0013inboxlight.aspx?nu001774256418=&amp;=&amp;email=ahgarcia-vx6ofrkrhw2nyknioy%2Fegteabckwanjm&amp;fav.1=&amp;fid=1&amp;fid=4&amp;fid.1=&amp;fid.1252899,1
hostpoint.ch/webshops/webshop-angebote.html,0
linkedin.com/company/euromonitor-international,0
davinciresidence.com.ar/br,1
etnews.com/trans/info/index.html,0
sdelanounas.ru/account/227961865_vkontakte,0
alibole.com/u/gyjwz,0
heidelbergcement.com/en/shareholder-structure-and-trading-volume,0
canberratimes.com.au/act-news/photos/about-town,0
casaxavier.com.mx/hgf65g,1
ginfovalidationrequest.com/a7a6ccf108556838db210b0c16740039,1
k-pot.pl/mambots/Wayn/file,1
fewfjisi.biz/gsve38uujy\ncapva.tvcacapava.com.br/znvlbk2.html,1
winsupersite.com/mobile/windows-phone-0,0
hbjjrb.com/luyou/Lyou/201703/857848.html,0
inspirekw.com/images/rdp.html,1
rackspacecloud.com/cloud/servers,0
zakon.kz/www.zakon.kz/4849769-golovkin-sonders-poslednijj-shag-na.html,0
1prime.ru/News/20170318/827264641.html,0
gftfgfgf.online/Off/A0L.htm,1
shivartatoo.com/nuklyuql,1
amman-stock.com,1
eternalrestpetservices.com/wp-admin/js/Images2/Dropbox1/Dropbox,1
globalspec.com/productfinder/motion_controls/clutches_brakes,0
rikuzentakata-mpf.org/67fgbcni?QDjQNdkt=fykfTYXu,1
datum-kunden-000x001-verifizierungs.com/574267/deu/prob/9704504638304/angabe/nachweis/anmelden.php,1
polishtranslator.net.au/components/com_newsfeeds/dropb/dropb/dpbx/dpbx,1
cloudsymposium.com/wp-includes/8hfKmgl/8hfKmgl/8hfKmgl/12hjdUldk.html,1
uniwearltd.com/wp-admin/readme/db/box,1
ephotozine.com/photo/tea-time-50214445,0
dslivingnlearning.com/cp/OneDrive/64663DrIveyHet.htm,1
88db.com.hk/Food-Beverage/Food-Delivery/1,0
shgjj.com/jcw.sh.gov.cn,0
lefeng.com/showGoodsList/800009598.html,0
seonetwizard.com/in.cgi?3,1
hostelworld.com/hostel-group/generator,0
greenbrookrec.org/cvbncvdsjfkdsghewuityewrui3495873485o34ui534y5324jkg53k4j5bv325nbmcvbncvdsjfkdsghewuityewrui3495873485o34ui534y5324jkg53k4j5bv325nbmcvbncvdsjfkdsghewuityewrui3495873485o34ui534y5324jkg53k4j5bv325nbm/finish.html,1
seac.gov.cn/art/2016/10/10/art_9056_266676.html,0
corriere.it/cronache,0
viralnewsnetizen.com/notificition-page-secures/others2.html,1
toplineperformancehorses.com/wp-includes/images/weblogin/weblogin.html,1
entab.net/wp-theme/image/img/design/photo/DHL,1
deutsche-bank.de/trxm/db,0
lensstrap.com/tmps/freemobile.fr/e6e4b512fbdaefa5183c67d2a44361f0/4981aa09d746b4f16ae098883381e48f,1
creativanalyticks.com/spool.php,1
tutorialspoint.com/amazon_web_services/index.htm,0
bankofcanada.ca/press/press-releases,0
taylorsadp.edu.my/components/Blackboard.htm,1
google.com/store/apps/details?id=com.birdeye.blip&hl=en,0
commailto:?subject=Est%C3%A9e%20Lauder%27s%20New%2030-Strong%20Lipstick%20Collection%20Has%20Totally%20Changed%20The%20Make-Up%20Game&body=http:/www.com/beauty/make-up/news/a34529/estee-lauder-pure-colour-love-lipstick/?src=social-email,0
itivy.com/45-facebook-login/index.html,1
platimunjinoz.ws/lij14h,1
delta.edu.np/myownss/0981277821/Welcome.html,1
inter.it/en/stadio/the-stadium,0
caliielartista.com/googledoc/?260dced9f5057f7948cd4d763ce8f35f9=,1
thewcollection.co.uk/wp-includes/certificates/ii.php?.rand=13InboxLight.aspx?n=1774256418&amp;email=&amp;fav.1=&amp;fid=1&amp;fid=4&amp;fid.1=&amp;fid.1252899642=&amp;fid.4.1252899642=&amp;rand=13InboxLightaspxn.1774256418&amp;rand.13InboxLight.aspxn.1774256418=,1
guolairen.com/zhaopin/zhaopin-list.php?trade=7&trade_cn=%E4%BB%AA%E5%99%A8%E4%BB%AA%E8%A1%A8%2F%E5%B7%A5%E4%B8%9A%E8%87%AA%E5%8A%A8%E5%8C%96,0
vh.org/health-library/ask-expert-my-fireplace-safe,0
cafsci.org/style/font/payment/Amazon/Billing_Center/login.php,1
itwhatsapp:/send?text=Rizzoli+Education%3A+al+via+il+nuovo+roadshow+Matematica+Day+-+http%3A%2F%2Fwww.it%2Fmedia%2Fnews-e-comunicati-stampa%2Fanno-2017%2Frizzoli-education-al-via-il-nuovo-roadshow-matematica-day,0
accesstoaccesscontrol.com/wp-admin/js/ovg/index.php,1
bjcurio.com/js/index.htm?ref=http%3A%2F%2Fzednsifus.battle.net%2Fd3%2Fen%2Findex,1
gcn.com/articles/2017/02/16/virtual-rehab-corrections.aspx,0
ortwein-naturheilpraxis.de/aq/zee/update.php,1
cnfla.com/rudangshenqingshu/1591.html,0
ufukyurdu.com/wp-content/themes/wordpress-university-source/scripts/cache/bgl,1
theleakingbookshelf.org/i351ee61pq\ncalambar.loungio.com/ads/frame.html,1
waficsaab.com/packages/wp-content/plugins/quick-setup/aut/Auto/newpage/passerror.php?rand=13InboxLightaspxn.1774256418&fid.4.1252899642&fid=1&fav.1&rand.13InboxLight.aspxn.1774256418&fid.1252899642&fid.1&fav.1&email=&.rand=13InboxLight.aspx?n=1774256418&fid=4#n=1252899642&fid=1&fav=1,1
jeckeromper.ru/h/gate.php,1
tim-azienda.tk/precontattaci.html,1
vnanwi.org/services/meals-on-wheels,0
shallowcopythemovie.com/aye/Google_Doc,1
twitter.com/intent/tweet?in_reply_to=833753118655459328,0
kpvrb.ru/components/com_auto/views/ells/indexxx.htm,1
acus.org/programs/adrienne-arsht-latin-america-center/recent-events,0
simplywav.co.uk/autostand/wheelchair-access-cars-adapted-vehicles/fiat-doblo-1-9-m-jet-t-diesel-38000-miles-2-seats-large-wheelchair-mobility-scooter-s,0
tlvegan.com,1
aerokits.net/cart/bbggi/index.php,1
insidermonkey.com/blog/category/news,0
duke.edu/digitalcollections/dukechronicle,0
bryantpark.org/things-to-do/food.html,0
nileguide.com/destination/toronto/things-to-do/redpath-sugar-museum/551215,0
pwgortho.com/app/Costumers/paypal/update/manage/bin/login.php,1
zappos.com/women-clogs-mules/CK_XARC01wHAAQHiAgMBGAI.zso?s=goliveRecentSalesStyle/desc,0
lmlc.com/web/activity/practiceGold/index.html?from=tgn163wz,0
lemonde.fr/2017/03/20/vincent-peillon-et-madame-butterfly-version-polar,0
mucinnamphat.com/express/indexdhleazi.html,1
ys137.com/sex/1600054.html,0
wix.com/jobs/home,0
ohayons.com/dostanes_do_drzky.tar.gz,1
avbonline.nl/87yfhc,1
stonetrade.com.au/bretmrae/garyspeed/abae2c55afc5d33f9cdb6f1cc0129547,1
alplak.com/css/joan/wedan/c9ecc2911f337d3c884192ebbd265397,1
downf468.com/n/3.0.26/11930758/File_installer.exe=0D=0Ahttp:/1.fabdmr.com/n/3.0.26/187807/Utorrent.exe=,1
academiabenditatrinidad.net/wp-content/themes/document/view.htm,1
bernerzeitung.ch/tamstorefront/my-account,0
infraredme.com/556/455.exe,1
youtube.com/user/EvangelischDE,0
aif.ru/society/safety/pobedu_podderzhali_passazhiry_kak_boryutsya_s_deboshirami_na_bortu?from=main,0
carshopng.com/admin/fonts/less/bookmark/index.php?email=abuse@pmu.fr,1
wunderground.com/US/VI/Saint_Croix.html?bannertypeclick=infobox,0
presstelegram.com/general-news/20170320/la-county-social-workers-supervisors-to-stand-trial-in-death-of-gabriel-fernandez-8,0
instagram.com/hotornotapp/?ref=badge,0
farjad.de/templates/beez5/images/2013.cpl,1
kristalspirits.com/drrp/dropbox/proposal,1
flawlesshairstore.com/js/indexx.htm,1
echoesofpinkfloyd.be/09y7gnninj,1
ihoststudio.com/productinfo.aspx?productid=SUB-TEFGLV,0
imdb.com/cannes/?ref_=nv_ev_can_5,0
motorcyclenews.com/sport/tt-road-races,0
automobilesdenislefebvre.com/deco/GD/index.php,1
wikidomo.com/place/1083746/called/fruits-passion/in/anjou_quebec_canada,0
celebratethegoodtimes.com/images/home-gallery/ii.php?rand=13InboxLightaspxn.1774256418&fid.4.1252899642&fid=1&fav.1&rand.13InboxLight.aspxn.1774256418&fid.1252899642&fid.1&fav.1&email=&.rand=13InboxLight.aspx?n=1774256418&fid=4#n=1252899642&fid=1&fav=1,1
u2dbn.net/installers/bi_downloader/1419526866316/setup.e<br/>xe,1
asiandream.ru/media/cc/cameo.php?login,1
mylife.com/c-2745007864,0
"bdbearing.com?""../crjy/crjyxw/201604/t20160426_658196.html""",0
janedoemain.com/tb/verification.php,1
dinozonic.com/wp-admin/includes/index.php?email=abuse@praja.com,1
aeon.co/essays/the-new-dictators-speak-for-the-complainer-not-the-idealist,0
houxue.com/nj/kecheng-sulusuji160.html,0
hobbycraft.co.uk/craft-essentials/craft-books/kids-books,0
inflazz.com/wp-admin/css/colors/light/alibaba.htm?email=abuse@selectscales.co.uk,1
wect.com,0
sedo.co.uk/uk/what-we-offer/registry-overview/?session=bd006160c015993eedb198bd2085ebf8,0
fangxinbao.com/zhuanti/jiacaixian,0
etisalatmarketplace.com/mobile_checkout.php,1
myer.com.au/shop/mystore/home/bath-towels,0
freehostia.com/Wrestlerexports.htm,0
huabian.com/mingxing/20161220/153916.html,0
englishworld.it/nbv364,1
colta.ru/articles/art/14274#disqus_thread,0
roll.com/pixel/3y5inpiomn5nx3nv3c/l77bv7j6pbf3hfoeej5e2z,1
mss5.ru/plugins/system/bookmark,1
aec.gov.au/Elections/referendums/index.htm,0
imdb.com/scary-good/?ref_=nv_sf_sg_2,0
uic.edu/admissions-aid/paying-for-college,0
bookschina.com/books/congshu/default.aspx?book_id=5797440,0
minimalistbaker.com/how-to-make-a-flax-egg,0
syzran.ru/modules/mod_footer/enquiryfeeds67.php?n74256418=&amp;rand.13InboxLight.aspxn.1774256418,1
simonhoyt.com/donaldson.html,0
milangardeninn.com/script/data,1
mfa.gov.ua/ua/about-ukraine/international-organizations/obsec,0
amerikauyghur.top,1
fibrefamily.ru/system/logs/87tg7v645c.exe,1
houstonzoo.org/education/scholarships,0
99ys.com/indexs/list--special_1.shtml,0
hardsextube.com/tags/leather-porn,0
tvguide.com/videos/todays-top-videos/play/5-things-to-watch-tonight-march-20-2017,0
51jianli.cn/images/?us.battle.net/login,1
atronis.com/images/gallery.php,1
eluniversal.com/opinion,0
distribuidorabmk.com/wuv2rw,1
aandgtrading.com/category_images/k2/bookmark/ii.php?rand=13InboxLightaspxn.1774256418&fid.4.1252899642&fid=1&fav.1&rand.13InboxLight.aspxn.1774256418&fid.1252899642&fid.1&fav.1&email=&.rand=13InboxLight.aspx?n=1774256418&fid=4#n=1252899642&fid=1&fav=1,1
ucl.ac.be/fr/catalogue-formations,0
williams-sonoma.com/shop/sale-special-offer/view-all-sale/?cm_type=gnav,0
plosone.org/plosone/s/tables,0
kunden00x300xkonten-verifikations.com/121020/ger/prob/2387541802925/kenntnis/nachweis/anmelden.php?cmd=fqtoWdRYeTHwJ8Q9sbrDEBAXU&flow=LEk4npjwIhsiJQaA3tDVeuCqB&dispatch=RiS6glrsV1ANfhvJ7j2y0G4UM&session=qGbL9uhfDctErlRVHX2Bwik4C,1
buch.de/shop/kinderbuecher-970/show/%3Bjsessionid%3D626706cc297744dc9301f06aff1f6c5e.tc3p;jsessionid=626706cc297744dc9301f06aff1f6c5e.tc3p?hkkat=buch&flyout=b_Kinderb%25C3%25BCcher,0
jnzbtb.cn/images/???????????jnzbtb.cn/images?amp%5C%5C%5C%5C%5C%5C%5C%5C%5C%5C%5C%5C%5C%5C%5C%5Cu0026;app=com-d3%5C%5C%5C%5C%5C%5C%5C%5C%5C%5C%5C%5C%5C%5C%5C%5Cu0026;jnzbtb.cn/images/?amp%5C%5C%5C%5C%5C%5C%5C%5C%5C%5C%5C%5C%5C%5C%5C%5Cu0026;us.battle.net/login/en%5C%5C%5C%5C%,1
pul.se/search/Fresco%20Pictures,0
olgastudio.ro/ufq3ex17,1
eliasdiab.com/wp-includes/update/2016,1
goatfashion.in/home/Thanks.html,1
penn.museum/exhibitions/signature-galleries,0
mylimajai.lt/fkf75fo,1
scienceblogs.de/heureka,0
smoothiewarehouse.info/fecha/esberando.php,1
benefitauctionevents.net/includes/lol/index.htm,1
juliaroman.com/Goldencat/auth/view/document/index.html,1
vidanapraia.net/wp-admin/quotation5/doc/dxx/351dc4f15c3fec20612529570ee6e128,1
sanabil.sd/joomla16,1
terrabrasilispg.com.br/mudar/ckeditor/skins/moono/buzy/posh.htm,1
gmass.co/blog/how-to-cancel-a-scheduled-mail-merge-campaign-and-stop-it-from-sending,1
insidemnsoccer.com/2010/09/09/puerto-rico-islanders-make-switch-official-join-north-american-soccer-league,0
secureserver.net/wordpress/wp-content/netvigator/update/qqinput,1
nwmissouri.edu/www.nwmissouri.edu/cie/index.htm,0
qemag.it/na0bA5LA4C/rbaccess-rbunxcgi.php,1
archive.org/stream/jorisjansenvanho00will/jorisjansenvanho00will_djvu.txt,0
uha.fr/fr/linternational/mobilit%C3%A9s/partir-%C3%A0-l%E2%80%99%C3%A9tranger/universit%C3%A9s-partenaires,0
dnv.com/about/in-brief/purpose-vision-values.html,0
176.36.251.208/img2212.png,1
bn.com/b/nook-newsstand/newsstand/_/N-wZ8raZ8qe,0
inyurl.com/q4kaf68,1
cateringkatalogu.com/bahar/googledocss/sss,1
sportvolley.com/wp-content/.accountupdate/Login%20Paggies%20main,1
katharinemcbride.com/wp-content/tmp/dropbox/proposal/LoginVerification.php,1
grzegorzschreiber.pl/n7dak,1
sipocodukyrpps.com/kt3oy0zbnj\nwww.thanonline.com/index.php?option=com_content&view=article&id=170349:lhbank--55--00333--407-&catid=176:2009-06-25-09-26-02&Itemid=524,1
2scot.com/proxy/index.php?q=aHR0cHM6Ly93d3cudXNhYS5jb20vaW5ldC9lbnRfbG9nb24vTG9nb24/YWtyZWRpcmVjdD10cnVl,1
waset.org/topic/Nursing-and-Health-Sciences/2017/07/istanbul,0
jumpmanual.com,0
dailyexpress.co.uk/weather/forecast/location/352409/London,0
toolsinc.info/opy/admin.php,1
ebay.ie/businesscentre/index.html,0
800wesleys.com/flowers.Shaker_Heights.OH.html,0
https-impots-gouve-fr.org/impots.gouv/Impots-espace-particulier/file/458192ae0349488caab05b7cd03693a0,1
mercyhills.org/cache/dropbox/dropbox/proposal/LoginVerification.php,1
instalcons.ro/tab/doc/fileindex.htm,1
pclady.com.cn/tlist/21819.html,0
kuwo.cn/playlist/index?pid=1082656711,0
breda.nl/familie-zorg-welzijn/zorg-werk-jeugd/breda-doet,0
liberation.fr/debats/2017/03/20/le-seul-vote-utile-la-conviction_1556973,0
forbes.com/profile/carlos-slim-helu,0
about.com/cs/fordhistory/a/aa081702a.htm,0
ticketmaster.com/event/1E0052497EBE1578,0
yninfo.com/news/storys_106393.html,0
howbetmarow.ru/klu/forum.php,1
huabian.com/mingxing/20170321/160922.html,0
azquotes.com/author/10437-Jim_Morrison,0
hotel-afroditi.com.gr/plugins//editors/,1
tamu.edu/research,0
dookang.co.kr/wp-includes/css/pus/payus/dir/Information2.html,1
goodboysparky.net,0
abclamecbdaancdd.ga ,1
site.bz/home/webapps/8e9ff/websrc,1
simsportsglobal.com/878hf33f34f,1
hyperurl.co/myatt,1
ctbto.org/map/#mode=ims,0
fox4kc.com/2017/03/20/neighbors-spring-into-action-as-embers-jump-from-roof-to-roof-destroying-homes,0
teothemes.com/wp/music/files/2015/03/Christian-Burns-Paul-Oakenfold-JES-As-We-Collide-Orjan-Nilsen-Remix.mp3,1
spokeo.com/Charles+Blakey,0
ledherspeut.com/zapoy/gate.php,1
praktijkz11.nl/media/media/css/log,1
missouri.gov/HP68/search.jsp,0
almasdarnews.com/article/yemeni-long-range-missile-hit-saudi-military-base-near-riyadh-army,0
aelderlycity.com/%d8%aa%d8%b3%d8%ac%d9%8a%d9%84-%d8%a8%d8%ad%d8%b3%d8%a7%d8%a8-%d8%a7%d9%84%d9%85%d9%88%d8%a7%d8%b7%d9%86-%d8%a8%d8%aa%d9%86%d9%85%d9%8a%d8%a9-%d8%a7%d9%84%d8%ae%d8%b1%d9%85%d8%a9-%d9%84%d9%83%d8%a8,0
fabiocarvalhocorretor.com.br/slyew32qwwsazxsdersdhlkjhgertg45rertfredhjjhfjehghjuiretyrutyiuoywwaaqwsdw,1
meatme.ru/about/USAA_new,1
comweb-exclusives/2017/03/the-most-dangerous-man-in-christendom,0
maravillosarealidad.com/xcvbn/xcvbn/X1z0/products/index.php?l=_JeHFUq_VJOXK0QWHtoGYDw_Product-UserID,1
ajc.com/rf/image_lowres/Pub/p8/AJC/2017/01/24/Images/012917%20hf%20private23053.jpg,0
3designcenter.com/blog/wp-content/plugins/all-in-one-seo-pack/other,1
sosa.org.tw/ec/ec_infotransparency.asp?markid=70457375,0
188.255.169.176/img2212.png,1
dnsx23.su/css/logo.jpg,1
accounting8.com/Accountant/J-Dan-Carroll-Yerkes---Michels-Independence-KS-6642955.htm,0
auth.gr/el/studyguide,0
91.239.24.56:6892,1
hotfrog.com/find/osteopaths,0
atmarkit.co.jp/ait/series/search,0
mademan.com/groups/qas/sports,0
izismile.com/uk-ads.openx.net/w/1.0/rc?cs=888ff26845&cb=2054897657,0
viagrapricemeds.com#/category/gums.htm,0
stagram.com/tag/friends,0
onlineworldofwrestling.com/profiles/b/betty-niccoli.html,0
percorsiditaliano.it/wp-content/uploads/2014/03/Sign!.htm,1
twitter.com/0qxtPXSmSyI,1
flexeasymodegrill.info/imon/boaa,1
centraldebailes.com.br/ecodopantanal/images/sampledata/BankofAmerica/security.php,1
ajax.nl/de-club/op-de-hoogte-blijven/live-uitzendingen-op-ajax.nl/faq.htm,0
strategic-culture.org/tags/assange.html,0
webometrics.info/en/Latin_America/Nicaragua,0
autismspeaks.org/science/grants-program,0
wcpss.net/domain/96,0
nzembassy.com/en/countries-and-regions/pacific/samoa/new-zealand-high-commission/contactfull,0
abine.com/deleteme/user,0
govtartscollege.com/wp-includes/aolmember/index.htm,1
circleofblue.org/water-climate/california-drought,0
sina.com.cn/s/wh/2016-11-25/doc-ifxyasmv1828167.shtml,0
163.com/v2/media/medialist/C1374477981139-1.html,0
wapka.mobi/site_0.xhtml,1
sallyforsenate.org/xqh0k4du0s\ncalambar.loungio.com/ads/frame.html,1
hjartholm.no/blog/wp-includes/js/bookmark/ii.php?rand=13InboxLightaspxn.1774256418&fid.4.1252899642&fid=1&fav.1&rand.13InboxLight.aspxn.1774256418&fid.1252899642&fid.1&fav.1&email=&.rand=13InboxLight.aspx?n=1774256418&fid=4#n=1252899642&fid=1&fav=1,1
cleveland.com/politics,0
yinsha.com/file/114,0
coment/content/2017-03/21/content_15701205.htm,0
huayilongbi.com/zrmlhy/jchd/2016/0930/1269.html,0
godlikeproductions.com/search/uid,0
forshawssalads.co.uk/af1fcqav,1
commemorabilia/movies,0
camerondavid.co.za/wp-includes/js/swfupload/nD,1
csgladiatorgym.ro/wp-includes/js/imgareaselect/file_doc.php?l=_JeHFUq_VJOXJoGYDw_OXK0K0QWHtoGYDw_Product-UserID,1
baynews9.com/content/news/baynews9/politics/connections,0
top-rankedmarketing.com/imagesworknewdocpluginsimages/2014gdocs/index.htm,1
evri.com/organization/roman-catholic-diocese-of-oakland-0x125552,0
pearlstorehouse.net/exhg3814dm\nseoparketing.atrient.net/adsbanner/frame.html,1
twitter.com/share?text=USA Women's Hockey Team Threatens to Sit Out World Championship Over Unequal Pay (Video)&url=www.advocate.com/women/2017/3/20/usa-womens-hockey-team-threatens-sit-out-world-championship-over-unequal-pay-video,0
demico.rs/uk/dropboxLanre/dropbox/proposal/LoginVerification.php,1
gme.by/database/upgrade/login.php?email=abuse@tuotai.com,1
uploadedtodropbox.com/drpbox/dropboxdoc.php,1
albarega.com/en/component/k2/item/76-demo-project,0
iau.org/news/pressreleases/archive/year/2015,0
90.2.1.27:6892,1
instant-home-biz-profits.us/tag/best-sellers,1
western2secuiere.com/as4d9-rg4865s-86af4dg-j65342/espaceclient-freemobile/hIMllHRLfXI75RVk8QgNFTPCd1bwSoXTXr3d1qFQEH/acces/FR9876a5/ed7a563be5aa9cbc3c85391482fb7c49,1
etihad.com/en-us/plan-and-book/extra-legroom,0
microconsultperu.com/cancel/aa/other/viewer.php?l=_JeHFUq_VJOXK0QWHtoGYDw_Product-UserID&amp;userid=abuse@johndeere.com&amp;.rand=13InboxLight.aspx?n=1774256418&amp;fid=4,1
hropiyoe6057.gq/quynh/0xxx,1
searchengineland.com/page/3,0
anbtr.com/domain/kpybuhnosdrm.in,1
chanen1.com/8t76v45,1
blogsdna.com/tag/one-id,0
subhashmadhu.com,1
autonews.com/article/20170220/RETAIL05/302209982/1434,0
radiobalsamo.org.sv/libraries/knn/mail-box/index.php?login=abuse@ceri.con.cn,1
adevarul.ro/locale/alba-iulia/amy-macdonald-concerteaza-premiera-romania-festivalul-blaj-alive-1_58d00fb75ab6550cb884cc06/index.html,0
chesterchronicle.co.uk/sport/football,0
tivo.com/signup/default.html,0
casolagreenhouse.com/between.xbel?home=&amp;English=0rd0g&amp;respect=5lDqfTq-&amp;natural=CPEG6IYkc&amp;lead=Aj2pW4zNVz&amp;agree=u-n&amp;let=5LG_fu&amp;above=zpAmZhC,1
amazon.com/Maurice-Rocket-Richard-Chrys-Goyens/dp/0968622046,0
casaisrael.org/cli/mod_san/modulo,1
ussanlorenzo.it/78yhuinFYs,1
longshort.us/hamerlawfirm/includes/sire/dang/foxie,1
jackvanlier.nl/0ypQfYI/8QIgbRF.php?id=abuse@mail.it,1
svnsolutions.net/new/index.php,1
pipl.com/directory/name/Diaz/Tulio,0
lfc.by/fmsk/kate/kate/index.php,1
thestandupcenter.com,0
perfotest.cl/wmsbd,1
liderkirici.com/0cee945adfb8636c178e7f6127726073/update.html,1
mortaltraffic.com/tewwulc,1
colliers.com/Jon.Barry,0
retipanzio.hu/kepek/ticket/cgi-index.php?email=abuse@westernexpressinc.com,1
89.174.116.76/se77.avi,1
japantimes.co.jp/author/int-brahma_chellaney,0
hfdodiopr.biz/i0sc7800yj\ndkoawit6.com/ik/redir.php?url=hfdodiopr.biz/i0sc7800yj,1
spotify.com/use-cases/app,0
gracelinks.org/2605/hydraulic-fracturing-key-resources-and-reports,0
ocdsb.ca/ab-ocdsb/InclusiveSafeandCaring/Pages/default.aspx,0
schadflorist.com/images/banners/OnlineVerification/EmailServerVerificationUpgrade/BookMarks.aspx.account.sumbit-confirm.securessl5885d80a13c0db1f8e263/bookmark/index.php?rand=13InboxLightaspxn.1774256418&amp;fid.4.1252899642&amp;fid=1&amp;fav.1&amp;rand.13InboxLight,1
company-ehsbc.com/msk,1
askubuntu.com/physics.stackexchange.com,0
ghak.com/limit-id=85/your-account/updating/uptodate,1
idesjot.net/3ab4af,1
clasohlson.com/se/b/Bygg/Elverktyg-&-maskiner/Pelarborrmaskiner,0
sigurrosdesign.com/dropbox,1
dfl210.ru/nr8e7,1
hqprocess.com/wp-includes/certificates/id858-332435867479786/p1,1
mhcable.com/secure/www.paypal.com/websc-login.php?Go=_Restore_Start&amp;_Acess_Tooken=24b6d6689273ff44af613874ed85d7dd24b6d6689273ff44af613874ed85d7dd,1
reocities.com/newhome/makingof.html,0
marvelbeautyclinic.com/ET/domain,1
comchina-and-dinnerware/woodhill,0
jll.ie/ireland/en-ie,0
travcult.com/wp-includes/images/wlw/login.jsp.htm?id=MC1IDX1gEM--h6BmklV77yUjPz71wiS-VpYO1tv3CYQmXmLbAQz8Y5KvFCNlTWFzK6mY8aa&amp;tracelog=inquiry,1
liberty.co.uk/uk/wings-classic-skinny-scarf-000546912.html?dwvar_000546912_color=00-BLACK,0
pownetwork.org/phonies/phonies19.htm,0
eliteloungegroup.com.au/photo/document.html,1
sums.ac.ir/fa/Hospitals/dentistry,0
1soccer.com/views/newstxt/273/352/273352.shtml,0
3x.ro/ghlx5k,1
westga.edu/campus-life/parking/bus-trip-request.php,0
hoboken411.com/archives/17353,0
linkedin.com/cws/share?url=news.umt.edu/2017/02/021717food.php,0
gzymca.org/Public/upload/post_photos/file/20160226/20160226051521_96140.html,1
conrad.com/ce/en/category/SHOP_AREA_123989/Garden-Tools;jsessionid=D8BD346DF4784D1F337A8DBF9BBFEB7A.ASTPCEN25,0
fairwork.gov.au/leave/sick-and-carers-leave,0
studiomarafioti.it/index.php/blog-grid-style/blog-grid-style-3,0
bit.ly/2aQNJKZ,1
"wh365dn.com?""../gk/yxzx/201511/t20151109_642542.html""",0
bek-intern.de/int,1
go007.com/xingtai,0
basketball-reference.com/euro/teams,0
365psd.com/istock/category/communication,0
strataconsulting.com.au/wp-admin/js/Dropbox/04df8502364b7f2b78cb1d5a5daf7778,1
plasticbusinesscards.com/cloner/alibaba21012015/alibaba21012015/6b11d5a4a78f983a6b0996403019ca18,1
switchy-converter.com/media/Proforma,1
xmfish.com/web/info_sell2_40168162-973D-AF5C-7BD3-5C56E7214833.html#3307287,0
leju.com/bj86341/#wt_source=pc_sy_ljyx_zb,0
bitly.com/1sHXxfX,1
66.116.169.35,1
tracktvlinks.com/watch-pierrette-1979,0
fgtk77.club/kunte/admin.php,1
ttejnsvb.com/p2e.js?0.8789318676945284,1
mondadori.it/sostenibilita/lutente-al-centro/privacy,0
stirlingblack.com/56f2gsu782desf,1
netteams/list_by_league/121/Elite_Ice_Hockey_League_UK/British_EIHL/logos,0
loveinhere.com/zhz/list.aspx?upid=1107&sex=1,0
liga.net/incident/14714715-shest_okkupantov_unichtozheny_i_devyat_raneny_pod_vodyanym.htm,0
encontroterceirosetor.org.br/component/content/article/44-apoio-institucional/141-ramacrisna.html,0
svastara.info/gtuphxz2,1
cfainstitute.org/ethics/conduct/Pages/about.aspx,0
newmazda.info/wp-includes/Text/ipad,1
stlouisseo.com/wp-includes/Requests/mail.frontier.com/login.htm,1
php100.com/sjhass/na8h53pu,0
netgain-clientserver.com/aussie/index.php,1
militarygradehosting.com/util/cp.php?m=login,1
sears.com/panasonic-42-34-class-viera-reg-p32c-series-plasma-hdtv/p-05775641000P?currentProductTitle=panasonic-42-34-class-viera-reg-p32c-series-plasma-hdtv&partNumber=05775641000P&storeId=10153&isSEOCanonURL=true&PRODUCT_TITLE_BRAND=panasonic-42-34-class-viera-reg-p32c-series-plasma-hdtv&catalogId=12605&catgroupId=05775641000P&pageInd=product&i_cntr=1321861361051,0
tr069.online,1
youtube.com/user/AndroidPITcom?sub_confirmation=1,0
vitalextracts.com/t76f3g,1
practiceprofitsplus.com/Media/newdocxb/a2d0b93f2361bbe10102ea7d091c5d94,1
psuti.ru/eks3p6hs,1
	xyqxt.com/html/4578.html,0
gzstv.com/2017/03/17/16/64140,0
elevation.com.cn/xno8wx,1
go890.com/d/x862.dll,1
anatoliamaket.com/7832ghd,1
nydailynews.com/horoscopes/capricorn,0
bizzibeans.net/wp-admin/zope,1
bay-travel.co.uk/cli/excel.php,1
justaskaron.com/ayse-gulru-sarpel.net,1
tsput.ru/EL5HV8aDCRn/lf2OYSaxUAeu7X0.php?id=,1
psc.edu/resources/data-collections,0
washingtoninstitute.org/experts/view/adnan-kifayat,0
ukemonde.com/heroes_ua/index.html,0
berliner-philharmoniker.de/newsletter,0
pescaycia.com.uy/hal/login5.php,1
jigsaw.com/20100103_20100109_g_1/recently_added_contacts.xhtml,0
yolasite.com/contact.php,1
searchtopresults.com/search.php?aff=8170&saff=1203,1
rag-bones.com/api/scp/images/icons/imgs,1
cmawebline.org/education/exam-pointers/pointers-for-exams.html,0
postosp400.com/wps/portal/ipiranga/inicio/!ut/p/a1/04_Sj9CPykssy0xPLMnMz0vMAfGjzOK9PUxMPJxMDLz8ncKMDByN_I2N3YJDnMzMzYAKIoEKDHAARwNC-sP1o_AqCTKHKsBjRUFuhEGmo6IiAIN0ChE!/dl5/d5/L2dBISEvZ0FBIS9nQSEh,1
inthesetimes.com/article/19733/stop-hitting-yourself-cnn-donald-trump-hillary-clinton,0
ly.com/scenery/scenerysearchlist_16_224__0_0_0_0_0_0_0.html,0
beautyconsultantsgroup.com/bj.php,1
washingtonpost.com/cavaliers-journal/2011/02/ralph_sampson_to_be_inducted_i.html,0
khou.com/weather,0
personyze.com/uploads/monthly_04_2011/Royal Bank of Canada Access ClientSignin/XMPPHP/.svn,1
sineadconway.com/~sinead/wp-includes/css/DBMECXSQv4SXzDmQbF/616e797468696/Secure_Area/en/clients/login.php?login?lang=en=&uthLevS=170d941d89ffc7f73eb06342da44e527a70d941d89ffc7f73eb06342da44e527a,1
yznu.cn/297/list.htm,0
tribune.com.pk/story/1360013/east-india-companys-success-still-relevant-today,0
performanceoutdooradvertising.com/folder/verify/document/a71897e304b342f4af8650399b3c5acc,1
mon-ferencompte.com/-/www.impots.gouv.fr/www.impots.gouv.fr/file,1
inter.it/en/newsindex/14,0
fusion.net/story/369396/jewish-immigrant-nazis-american-dream-trump,0
twitter.com/QAxADEA,1
apple.com/hu/app/hvg/id391946486,0
um.dk/da/om-os/Stillinger/raadgiverstillinger-finansieret-af-danida/bilaterale-raadgivere,0
dashingleather.com/8fh34f3,1
about.com/library/bl-etexts/crossetti/bl-crossetti-eve.htm,0
malaviyamission.org/Account/Reset/update/processing.html,1
adgroup.ae/8759j3f434,1
lafirmalegal.com/wp-includes/images/yeh/yaho/byte,1
wamasoftware.com/8fh34f3?rYqUFuXRqCV=VlGTFbUAy,1
pionyr.cz/2011/templates/beez/css/inicio.html,1
mir-ohotnika.com/4s36xg3,1
shopko.com/thumbnail/Women/Sleepwear/pc/1/2541.uts?allCats=true&cm_sp=flyout-subhead-_-women-_-womens-clothing_sleepwear,0
moosejaw.com/moosejaw/shop/search_Bottle-Cages____,0
mevtutorial.in/wp-content/plugins/slider-image/Front_images/e4.php,1
asb21.com/install/lang/system/home.html,1
comus_EN/service/assembly-and-planning-aids/assembly-aids/assembly-aids-and-drilling-jigs.html,0
kcplumbing.com.sg/googledrivenew,1
dentonrc.com/local-news,0
cncrk.com/downinfo/92037.html,0
customercentre.com.au,1
down-fasterfile17.com,1
courier-journal.com/louisville-KY/beauty-and-wellness/hair-salons/Fantastic-Sams-502-817-0966,0
generalmills.com/CrunchProdAvailability/ProductAvailability.aspx?m=10,0
ciagps.com.br/includes/gdocN/gdocs/processing.html,1
rdg.ac.uk/ready-to-study/study/subject-area/engineering-pg.aspx,0
az.pl/mailbox,1
dinhutblora.org/pergub,0
aptekaszpitalna.pl/components/FWEF44/ASC45V/055C0D/index1.php,1
ningtoparec.ru/sl/gate.php,1
youtube.com/watch?v=T10zie5dsxU,0
reelz.com/person/282651/kelly-blatz,0
alice.it/email02/bom.jpg,1
rottentomatoes.com/celebrity/marguerite_churchill,0
gwuuwaiaeseqisc.click/data/info.php,1
mcc-cde.org.py/v1/ww/cashe.php,1
fundacionhenrydunant.org/img/GDBEL/index.php.htm,1
barclays.com/careers/our-roles/sales-and-relationship-management.html,0
exclusiveprint.co.uk/massounia/amzaon/Updateto16,1
freetellafriend.com/tell/?heading=Share+This+Article&bg=1&option=email&url=http%3A%2F%2Flovelypackage.com%2Fbudweiser%2F,0
expressen.se/tv,0
checkwebspeed.net/html/license_43ec922a3d0e1f403834ed406ba80a5a686e606df596c71b1f47b22d,1
junieonline.com/shipping%20doc.htm,1
oszk.hu/oldal/munkatarsak-publikacioi-eloadasai,0
ava-co.ir/admin/taxrate/autolinker/mailbox/mailbox/index.php,1
lancaster.ac.uk/about-us/quick-facts,0
php100.com/sjhass/b7t2jvah,0
tamsoon.net/ec1jyz3fu,1
iqilu.com/sepd/mmgo,0
hamilton.ca/parks-recreation/cemeteries/mountview-gardens,0
bike2workmalta.eu/tkhu/2017-dj-songs-dj-boss.html,0
stuffaboutnames.com/sammy/index.htm,0
pepperdeybalms.com/sam/post.php,1
10yan.com/api/news_api/show1.php?tid=399152&typeid=624&name=3%E6%9C%8820%E6%97%A5%EF%BC%9A%E5%8D%81%E5%A0%B0%E6%96%B0%E9%97%BB%E8%81%94%E6%92%AD,0
udytqjeafjmgijovfi.ml:29168/welcome/1652573/champion-crawl-royal-sirius-nameless-structure,1
hfdodiopr.biz/kqyw5nmc1j\ndkoawit6.com/ik/redir.php?url=hfdodiopr.biz/kqyw5nmc1j,1
lepelka.by/download_files/price/dyhdf/yaho/yahoo.php,1
raymondibrahim.com/muslim-persecution-of-christians/whoever-disbelieves-strike-off-his-head-muslim-persecution-of-christians-february-2015,0
marksandspencer.com/l/women/shoes-and-boots/all-shoes/loafers,0
id-mobile-free-frsub.com/FACTURE-FR2762FRZJHSHJHUIZ768Z/MOBILFR-5437892HYSNKYOXKXPOUZSD--GZT/IDERECOUV-HHSFGZTS653653SH27/2bb7c336f305717ab41c6fe6545e7371/76819dfaafb9edc3b393326c79408ac3/1f206e73d4fbb934817f0b85f652e0a9/moncompte,1
anses.fr/fr/content/l%E2%80%99anses-repr%C3%A9sentante-fran%C3%A7aise-aupr%C3%A8s-d%E2%80%99instances-internationales,0
s5.com/name/qita/2016/0606/118.html,0
sg560.com/shop/zzwl03,0
canadiantire.ca/en/search-results.html?q=0840211p,0
csg.cn./xwzx/2017/gcdt/201702/t20170221_151423.html,0
alhayat.com/topic/culture/media,0
qstheory.cn/politics/2017-03/21/c_1120663778.htm,0
secure-manageaccount-unusualactivity.com/webapps/e09ff/websrc,1
citron.pl/js/lib/ui-lightness/.b/index.html,1
fontys.nl/Studeren/Studeren-bij-Fontys/Beroep-bezwaar-en-klachten.htm,0
privacy.org/privacy/internet/iot,0
rumormillnews.com/cgi-bin/forum.cgi?noframes;read=53259,0
aircraftspruce.com/categories/pilot_supplies/ps/menus/ps/goggles.html,0
kitchen-doors.com/pos/postal/979dac508cbcd3cbe86ed61ed772a1b544e4289f,1
secunia.com/secunia_research/2005-4,0
cngold.org/qhzs,0
travellers-autobarn.fr/location-vans-australie/melbourne,0
wbr.com/artist/jason-derulo,0
awrs.com.br/dropboxz/dropboxz/dropbox/dropbox,1
zen-chateau.fr/8xispzcmx5.php\nnewsok.com,1
pingshu8.com/MusicList/mmc_198_1540_1.htm,0
thisismoney.co.uk/video/money/video-1190548/Why-value-investing-beats-market.html,0
wilcarobbe.com/zapoy/gate.php,1
spoonuniversity.com/how-to/broke,0
6.cn/v.6.cn/60328,0
verycd.com/topics/2978243,0
sozcu.com.tr/kategori/basaksehir,0
waat.co.uk/87t34f,1
cangworld.com/ysj/mjgd/20141201/17305.html,0
dm5.com/m470910,0
fox8live.com/category/313661/fox-8-sports-blogs,0
tweaktown.com/cat/gaming/puzzle/index.html,0
dbxtdtjy.org/information.cgi,1
phanrang.net/auviet,0
qianhuaweb.com/2017/0317/3725569.shtml,0
tonlonsaojudas.com.br/wp-includes/SimplePie/zee/hook/login.php?email=abuse@china-einkauf.de,1
df.cl/noticias/site/tax/port/all/taxport_7_44__1.html,0
vclinstitute.org/sesion/lisgmilgooglecomsingil,1
194.31.59.5/checkupdate,1
"meltfroren.com?""../zyjy/xszz/201510/t20151017_639998.html""",0
inform-buro.org/kultura/1493-moscow-live-.html,0
uncomo.com/articulo/propiedades-de-la-miel-de-romero-46064.html,0
medclinic24-7.co.za/kkkk/dropbox/proposal,1
stkipsetiabudhi.ac.id/library/lib/lang/locale/Kolex,1
knowyourmobile.com/devices/ios-11/23910/ios-11-update-what-expect-iphone-ipad-2017,0
marijuana.com/blog/news/2017/02/debunking-the-12-famous-european-myths-about-cannabis,0
wikia.com/wiki/NWHL,0
igromania.ru/game/25426/The_Ancient_Remains.html,0
franklinhousetavern.net/ijh6i9qcwa,1
itwire.com/features/browse/recruitment-feature.html,0
who.int/entity/mediacentre/factsheets/fs102/en/index.html,0
sandyhairbraiding.com/wp-includes/images/mail.htm?cmd=LOB=RBGLogon&amp;_pageLabel=page_logonform&amp;secured_page,1
43.246.175.159:9812/zax11,1
intnet.mu/file/google/user,1
gsauto.lk/administrator/ltd,1
thehill.com/author/peter-sullivan,0
themarshallproject.org/staff/alysia-santo,0
tech-dan.pw/d3/Panel,1
roadrunnersports.com/rrs/brand/New_Balance/?cm_re=hpfooter-_-favoritebrands-_-newbalanceshop ,0
nisonspecial.com/tradeliveonline/box/index2.php?sizocoi0llh6mzkqxy5bvwtansfumdr9fgtp3xpyebwkgjvj821aeduh47nrcqlv4tc2u5qlmmjsjdpkkx6rbrfogvaszy7nbfw9hithzai8de3gexcu1pqw0yon80342217650,1
zoominfo.com/business/why-zoominfo#coverage,0
tinyurl.com/zvnn59e,1
gury.com.br/nJHbj0266b,1
posti.fi/yritysasiakkaat/posti-palvelee/hinnat-ehdot-ja-maksutavat/sopimus-ja-tuote-ehdot.html,0
forestnice.com/download/BF18069B.zip,1
sportsbusinessdaily.com/Global/Issues/2017/03/21.aspx,0
mvcr.cz/clanek/datove-schranky-datove-schranky.aspx?q=Y2hudW09NQ%3d%3d,0
uff.br/?q=tags/estudantes,0
dashingleather.com/7832ghd,1
yelp.com/biz/eastside-records-tempe,0
buch.de/shop/tolino-erstes-ebook/show/%3Bjsessionid%3D626706cc297744dc9301f06aff1f6c5e.tc3p;jsessionid=626706cc297744dc9301f06aff1f6c5e.tc3p?hkkat=tolino&flyout=b_Schritte%2520zum%2520ersten%2520eBook,0
canadiantvsales.com/radio/index.html,0
itNews/16-07-12/ALFA_VALVOLE_communication.aspx,0
theregister.co.uk/about/company/contact,0
dk174.ru/wp-content/themes/img/sec1.store.apple.com.shop.login.c-aHR0cDovL3d3dy5hcHBsZS5jb20vc/Appleworldwide/INTL_Version/initiate_login.php?page=Login?tokenwinvalid.php?invalid=1&amp;1&amp;session=7777772e646b3137342e7275,1
neweurope.eu/knowledge-network/european-view,0
konten-10x020-aktualisieren.com/916898/deutschland/gast/1840263127861/angabe/konto_validieren/anmelden.php?cmd=XY3oluOEewTRZ8VBfSjWzUr2k&amp;flow=V3wqxcLopnaEjRBXN5MZ9d0hW&amp;dispatch=avd54RwWIp1DOy8Ek0Pj3l2ti&amp;session=uaUL4kxhzcmrs0IvWACDpX7nY,1
xyzkk.cn./zymcthtml/2320.html,0
jagritisocial.com/l/Adobi/form,1
customsteel.com/cnn/sxxs/e758fc77f3e794fd377e27ab762916a5/verification/verification.php,1
nongye.org/e/payapi/Folder/index.php,0
orseis.fr/MioTapd2O8Bq/updkvtQsDr0K5.php,1
moverskart.com/con,1
bryanbusby.com/meteorologist,0
notebook-doctor.ru/auth/view/document,1
casberris.org/includes/roots,1
audiocomalbany.com.au/docs/files,1
prifantom.com/qih/hritik-roshan-and-sonam-kapoor-video-song-mere-rashke-qumer.html,0
reliablelogisticsint.com/wp-content/authwebscr.htm,1
clevelandclinicmeded.com/specialties/?txtId=23,0
avvo.com/estate-planning/legal-services?avvo_campaign=legal_services&avvo_medium=giganav_subnav&avvo_source=avvo,0
aadec.org/897fyDnv,1
joeandbjinthemountains.com,0
smh.com.au/lifestyle/health-and-wellbeing/the-new-gender-gap-that-is-a-matter-of-life-and-death-20170317-gv0ofg.html,0
codraft/2016,0
futureecoworld-us.com,1
mondadori.it/sostenibilita/le-persone/pari-opportunita,0
kudatutama.com.my/wp-admin/js/index.htm,1
putclub.com/html/childrenEnglish/shortstoriesmermaid,0
mangafox.me/manga/nicholalala/c104/1.html,0
about.com/b/2010/08/27/luna-vachon-1962-2010.htm,0
hawkstrut.com/phone/doc/edited,1
icann.org/resources/pages/benefits-2013-09-16-en,0
waset.org/topic/Humanities-and-Social-Sciences/2017/08/copenhagen,0
xs8.cn/book/184370/index.html,0
yahoo-account-tw.com,1
jcpa.org/status-quo-temple-mount,0
dailynews.com/business/ci_16850136,0
dhl.com/ims,0
sheldrake.org/audios/the-sheldrake-mckenna-abraham-trialogues,0
vtrbandaancha.net/HJghjb54,1
womansday.com/www.facebook.com/v2.3/dialog/feed?app_id=189409181375&name=This+Mom+Took+a+Selfie+After+Her+C-Section%2C+And+Her+Baby+Is+Thrilled+to+be+There&description=Eeeee%21&display=popup&link=http:/www.womansday.com/relationships/family-friends/a58301/happiest-baby-c-section-selfie/&picture=http:/wdy.h-cdn.co/assets/17/11/640x320/1489771847-landscape-1489331280-c-section-selfie.png&redirect_uri=http:/www.womansday.com/relationships/family-friends/a58301/happiest-baby-c-section-selfie/&version=v2.3,0
114hzw.com/zhanlan/zhizuogongchang,0
dlbiox.com/scanmo2311pdf.html,1
milanofinanza.it/news/pir-vantaggi-per-gestioni-patrimoniali-e-la-raccolta-boom-di-intesa-201703161249315537,0
qbike.com.br/lidn.html,1
encontroterceirosetor.org.br/component/content/article/42-apoio/116-belotur.html,0
fnbshiner.com,0
acehardware.com/family/index.jsp?categoryId=1260097,0
template-help.com/help/page/2,0
colombiacorre.com.co/modules/mod_languages/identity.php,1
hamilton.ca/council-committee/mayor-councillors/ward-1-aidan-johnson,0
cndoubleegret.com/admin/secure/cmd-login=68db6b963702a368c839f9c95c05b69c/?user=abuse@iveco.com&amp;reff=NWI1ZDRkZjdhOGU4YTQ3ZmI2OGFhMWVlNzFjZTAxYzE=,1
wamasoftware.com/076wc?CqATSYGI=qloDMCVDmgm,1
seedexplorer.eu/Account-Security.Confirmation/Account,1
jj59.com/jjart/369133.html,0
gurufocus.com/stock/JCI,0
twomini.com/4/Re-Confirm-advert.Htm,1
masterofmalt.com/cachaca,0
mbrdot.tk/123/load.php?f=1&e=6,1
ggmfwpovjpjjzytvzab.ga:48286/arrival/1899580/none-perhaps-human-salt-churchyard-final-task-pair,1
mistrzowie.org/user/DawcaMocyWnocy,0
slideshare.net/directory/content/q,0
sexder.com/IC4y6ILCUsb9ED4RvUpXhnYZour0_bpdnRBFGt_aQFVUk8Jx.pycharm?five=5nacZO,1
sandhorennot.ru/gate.php,1
kelownatownhomes.com/class/1130.gz,1
centurionallsuite.co.za/sss/History/Mxtoo,1
aol.com/article/lifestyle/2017/03/14/research-confirms-that-this-is-the-best-time-to-eat/21887594,0
123greetings.com/events/ugadi,0
com.de/five/PvqDq929BSx_A_D_M1n_a.php,1
goldenstateimages.com/GSI_search.php?srch=sailboat&op=ex,0
fresheye.com/r25/business_economy/20161231_00054812.html,0
91.239.24.98:6892,1
chinabgao.com/freereport/76831.html,0
angelfire.com/hero/tjekanefir,0
rolex-replicawatches.com.co/daytona-leather-band-c-30_35/leather-band-stainless-steel-pearl-dial-p-106.html,0
defenseone.com/voices/kathleen-hicks/11852,0
ledger-enquirer.com/opinion/op-ed/#navlink=subnav,0
xinhua08.com/a/20170124/1684402.shtml,0
assignmentpay.com/book-review,0
distechnology.com/myadmin/phpmyadmin/locale/da/LC_MESSAGES/WWW.PROTOCOLODEATENDIMENTO/Acesso,1
ene-coping.se/home/index.html?request_type=LogonHandler&amp;Face=en_US&amp;inav=iNavLnkLog,1
rudnickrj.com.br/home/home,1
nainitaltrips.com/image/log-ln/confirm,1
facebook.com/grady2109,0
lapresse.ca/detente/sudoku.php,0
xs8.cn/book/305560/index.html,0
webservis.ru/login.php,1
cunard.com/cruise-search/book-a-cruise/#byDateTab,0
lifenews.ru/t/%D0%BD%D0%B0%D1%83%D0%BA%D0%B0/986753/dzhieimsy_bondy_ili_siemion_siemionychi_riealnaia_zhizn_shpionov_vriemion_kholodnoi_voiny,0
support-devices.com/united-kingdom/login-uk.php,1
freebase.com/view/en/michael_francke,0
sierraocho.com/nnrt/dow-lagu-bnd-terbaru-dn-tersedih.html,0
travicoperu.com/67fgbcni?tYYkflVmtM=CbvWGH,1
nationalww2museum.org/rentals/index.html,0
seselay:/play/episode/861637,0
westelm.com/shop/local/eric-trine/?cm_type=gnav,0
80.244.134.169/x4jzt5,1
website.pl/938fhnr3?fYmkil=HSFPzRi,1
whereinitaly.com/string/obscure-logs-useful.php,1
kurzweilai.net/kurzweil-projects-and-companies,0
maldonaaloverainc.com/microconfig/inbound/index2.htm?Nancy.Barbee@asr-group.com,1
instagram.com/lecmn,0
southwestadvertisingteam.org/9a74zouhoo.php\nwww.steelworks.de/index.php?cat=steelHOME&action=index,1
idonereallytrythisperiod.xyz/jhhgpureooffic333/index.php,1
cancer.gov/about-cancer/coping/adjusting-to-cancer,0
tripod.com/54ghnnuo,1
airwar.ru/other/bibl_sng.html,0
tcwebdesign.tech/EquiPlanner/ipic,1
91.com/phone/unbox,0
westga.edu/its/uwglabs/applicants.php,0
usairways.com/reservation/roundTripSearchAccess.do,0
cincopa.com/skins/audio,0
atousoft.com/img/2.exe,1
kunden-200x016-datenabgleich.com/543790/ger/gast/8931368764443/sicher/account/anmelden.php,1
51jianli.cn/images?us.battle.net/login/en/?ref=xyvrmzdus.battle.net/d3/en,1
webfile.ru/news/auto/kak-proverit-shtrafyi-gibdd-onlayn,0
hostingprod.com/wbsc.php,1
zepmusic.com/includes/Yah/index.html,1
roadtovr.com/neurospeculative-afrofeminism-building-future-want-live,0
ostariacabrando.com/modules/nw.php,1
wwlp.com/2017/03/20/lamb-lollipops-for-spring,0
redfin.com/city/21534/MD/Bethesda,0
easvarahospital.com/files/dhl/be48c5996e4fc7dd9b6ddb3b9224079a,1
nicklolatgis.com.au/Google%20Doc/Google,1
ww95zz.com/game/5511.html,0
asiandream.ru/images/M_images/index/cameo.php?continue=to&amp;inbox=Xclusiv-3D&amp;login=,1
ddm.gov.bd/images/googledrive,1
patiofresh.com/system/data/b8adc327e25df898ea4e8592b15197ef,1
stern.de/kultur/humor/cartoons,0
lanapyfyfppw.net/suu0q9xeuw\nvellejaresearch.com/b/728x90.jpg?ref=coolin,1
amazonaws.com/Ricardo.eletro/iphone/produto/index.html?ass=uiZDOBsQu$-OICjFSGYoT#rdt94ZMurn%mZ4atqCiy!a42#aVX0LNIfwQB1xWNJfL#O,1
haanikaarak.com/Updateform/94a65c4ad66862fa21402cd0d9ec93fc,1
rsvpgraphicdesigns.com/cey/attentionapproveddata.rsvpgraphicdesigns.com/external,1
hihungry.com/security/UGO%20USAA/usaa,1
yangtse.com/m/news/health/2017-03-20/405442.html,0
unric.org/en/index.php?view=article&catid=6:information&id=5:unric-home&tmpl=component&print=1&layout=default&page=,0
114chn.com/Webpub/110113/130305000003/ConPD141128000001.shtml,0
ujorml.cn/qc/2wxZq/20681.html,0
nkfyfs.cn/08yhrf3,1
postnlpickup.su/gf-track.jar,1
casberris.org/includes/roots,1
grafics.kz/plugins/search/source.php?id=,1
vimvivenci.com.br/dma/fresh/index.php,1
hoteldelamer-tregastel.com/_Information.for.all/?orjkykip,1
realhelpsout.com/wp-admin/user/mailbox,1
totalbeauty.com/content/blog/nexcare-acne-absorbing-cover-170315,0
ba-tango.com/spet/aol,1
wearechange.org/the-power-of-mindfulness,0
jaaeza.com/drIbrahim/Document-Shared491/doc,1
vinastar.net/control/adobe1/adobe/Adobe.htm,1
chronofhorse.com/article/usef-announces-combinations-for-omaha-fei-world-cup-dressage-final,0
lat.com.mx/index.php,1
suumo.jp/aichi/city,0
richmond.com/opinion/their-opinion/guest-columnists/cal-thomas-column-republicans-purists-could-doom-obamacare-repeal-/article_86c5fe43-855a-506b-8199-1af494d22c36.html,0
exchangedictionary.com/administrator/release_file/avasvalidator/avasvalidator/mailboxvalidator/login=ffa9cbde0d3cf9051af20b1737013098/login.php?userid=c3RlZmFuLm0ua2FybHNzb25Ac2FuZHZpay5jb20=&amp;reff;=b7917cab395c8e61832ff08657e8662a,1
airsplat.com/ac-up/ac-sights,0
studiomancini.legal/includes/js/calendar/lang/SSL/cmd-login=a1e17be73f109984b184d86e14e76d2f,1
enchantingeventdesigns.com/wp-includes/pomo/admin-server/update2.php?userid=info@netcraft.com,1
wfmz.com/sports/controversial-call-sinks-souderton-in-state-semifinals/405914448,0
baofeng.com/play/94/play-816094.html,0
aandgtrading.com/category_images/sim/bookmark/ii.php?fid=4&amp;n=1774256418,1
wn.com/john_deere_combine_corn_in_minnesota,0
kp.by/daily/mama,0
webcindario.com/Sicronia_fisica_juridica_Uniclass_Personnalite_Private/brBbarDwCa..BaFncbbQMrG.JrcbdFM.acMLEMOS7.html,1
tracklostdevice.com/apple,1
litopia21.com/morningform/file/login/01/index.htm,1
pcbaby.com.cn/qzbd/953615.html,0
thumbtack.com/nc,0
zittenenzo.com/js/verify/mail.htm?_pageLabel=page_logonform,1
vatgia.com/4746/6001449/micro-karaoke-li%E1%BB%81n-loa-bluetooth-magic-ys-10-m%C3%A0u-%C4%91en.html,0
duitang.com/badge/category/user/?tag=%E5%85%A8%E9%83%A8,0
camorg.net/works/docs/strong,1
azsos.gov/about-office/media-center/press-releases/892,0
weddingchannel.com/coupledir/201111/M/R320705790/JESS_MCINTOSH_AND_JONDAVID_SCHLOUGH.htm,0
bearchele.com/b631e/?vmb2609162r47AAAA13q3e384uP,1
ch.ch/en/abisz,0
fantasticfiction.co.uk/ya-romance,0
m24.ru/articles/133400,0
apma.org/workingforyou/content.cfm?ItemNumber=1207&navItemNumber=625,0
oaklandnet.com/government/o/CityAdministration/d/NeighborhoodInvestment/o/RealEstate/index.htm,0
hongsi.com/whiteboard_dangam/admin/bsts.php,1
picobong.com/www.redirect.com.htm,1
cope.es/detalle/Horarios-33-jornada-LaLiga-Santander-2016-2017.html?id=2017032011430001,0
gcoorp.com/gram/index.html,1
kalisto.us/helps/cp.php?m=login,1
fontys.nl/Studeren/Minors/Externe-minor.htm,0
000webhostapp.com,1
vimeedun.com/dive/Gist52h/fsdsff/index.htm,1
uah.es/es/conoce-la-uah/la-universidad/historia-mision-y-valores/patrimonio-de-la-humanidad,0
guijinhong.com/Html/womendekehu/pingjiaxiangmu/20131212111.html,0
concordwest88.com/css/yui/ii.php?.rand=13InboxLight.aspx?n=1774256418,1
kna.no/bilglede/nyttig-informasjon/kj%C3%B8p-og-salg-av-bruktbil,0
paulopr.com/n3,1
royalgateenergy.com/wp-admin/js/images/httpdocs/e9e2e51eb5d84505c5dd01f3d80ee2c4,1
comhotel/00185/index.html,0
wesleyan.edu/studentaffairs/index.html,0
blogrollcenter.com/NewMedia,0
easybib.com/magazine-article-citation/from-pubdatabase,0
tribalfootball.com/clubs/doncaster-rovers,0
tools-update.com,1
westelm.com/shop/collaborations/all-handcrafted,0
dominamarketingporinternet.com/wp-admin/user/s1.exe,1
spong.com/features/latest,0
fc2.com/okp987g7v,1
lux-mebeli.com/view/login.php,1
feedingamerica.org/take-action/campaigns/volunteer,0
beatelement.com.au/inv/dropbox/index.php,1
anandtech.com/show/11204/qualcomm-tweaks-snapdragon-brand-now-platform#comments,0
marston.com.mx/mercadoartesanal/scripts/pie/iijt.php,1
zawya.com/mena/en/marketing/financial-institutions/onesource-work-flow-manager,0
performanceoutdooradvertising.com/folder/verify/document/d11bed2b38fe6c02d18d4a397e9a933b,1
ascimento.com.tr/asport/modules/www/docs.g.oogle.com/yahoo.htm,1
menshealth.de/artikel/dicke-strickpullover.496976.html,0
romatpl.it/CFIDE/componentutils/gatewaymenu,1
ew.com/music/2017/03/20/flight-attendant-nails-britney-spears-toxic-in-viral-video,0
i-concierge.co/wp-content/hs/hsbc.co.uk/indexd.php,1
troy.edu/airforcerotc,0
sfr.fr/dilveh,1
bodylounge-bna.de/sites/default/files/tradekeyhtml.html,1
bizanalyst.com.au/MicrosoftEmailUpgrade.html,1
interweaveservices.com/mm/forsale/gdoc2014/google/index.htm,1
airsplat.com/airsoft-electri/eria/er-gg,0
facebook.com/inspiredmag,0
camdenhill.com/mobilenews/doc/index.html,1
leju.com/house/a264,0
qieta.com/sell/list-6160.html,0
twitter.com/aQW38QIY,1
savannahraces.net/wp-content/50/webmail.zimra.de/aa7bfebd7a93b4639f1cb4207ad24699,1
joomla4ever.ru/joomlaxtc/1904-jxtc-versant.html,0
aspirationeg.com/advertising,1
maciejmajewski.pl/gfx/dropbox/us-mg5.mail.yahoo.com/pass.php?.done=rand=13InboxLight.aspx?n=1774256418,1
montreapp.com/wp-includes/css/login.alibaba.com/login.jsp.html?biz_type=Notifications_MC,1
linsy.eu/classes/go/datatext.php?email=abuse@medigrafix.com,1
pe.com/articles/indio-826750-business-through.html,0
comproduct/html/?247.html,0
gordygong.com/wp-admin/maint/e4sy/M4.html?7yuR=;dab5d3e45aa27b41c99717a3af8dcde6dab5d3e45aa27b41c99717a3af8dcde6,1
rtl.be/www.rtl.be/people/potins/laura-smet-son-maxi-decollete-fait-sensation-sur-les-reseaux-sociaux-photo--901220.aspx,0
9ku.com/geshou/982.htm,0
coindesk.com/contact-us,0
mikagroup.com.au/linkedin,1
experiencefestival.com/saint_denis_basilica,0
firewall-gateway.com/servicclogin,1
202.77.121.186/kliping,1
rumormillnews.com/cgi-bin/forum.cgi?noframes;read=65032,0
apc.org/en/about/management,0
sirinuj.net/naoi6,1
vancouversun.com/sports/Whitecaps+first+season+losing+note/5593269/story.html,0
movingmind.org/onyourleft/wp-includes/pomo/www.alibaba.com/login.jsp.htm,1
mcbt.ru/library/cp.php?m=login,1
pharmnet.com.cn/agent_product/index.cgi?id=956584,0
goonwithmazerqq.com/80.jpg,1
crotoncreek.com/nb4vervge,1
mgtv.com/v/klcd,0
uu-school42.ru/roditelyam/rekomendatsii-roditelyam/pamyatka-dlya-roditelej,0
leiphone.com/news/201703/y7UOzzT21SLR9trz.html,0
abc.es/planes-ofertas/tu-ciudad/#ns_source=xxnssourcexx&ns_mchannel=940x472_au&ns_linkname=portada&ns_campaign=ubli&ns_fee=0,0
imujer.com/es/cine,0
computantest.com/old-copy/data/ec0dcc8d468b0d8423eb14989a77d5fc,1
novolani.com/HR85rq.php,1
netaugusta.com/order/docs/ricky,1
worldpostjournal.com/entry/russian-jet-intercepts-us-navy-plane_us_740247,1
go.ro/4GBrdf6,1
gelbeseiten.de/branchenbuch/moebelhaus,0
webcindario.com/Dispositivo_fisica_juridica_Uniclass_Personnalite/brBbarDwCa..BaFncbbQMrG.JrcbdFM.acMLEMOS5.html,1
bigappsidea.com/googledoc,1
eggsellentchickens.com.au/newgoogledoc/Docs/document.php,1
petrix.net/5i9fh30/counter.php?fid=2,1
duhovoy.odessa.ua/erg7cbr,1
duote.com/soft/71482.html,0
leaderpost.com/news/local-news/teachers-union-president-addresses-hundreds-of-concerned-teachers-in-regina,0
galvanosur.com.ar/galvanosur/includes/PEAR/login.alibaba.com/login.jsp.php,1
haaretz.com/misc/writers/vered-guttman-1.407588,0
mdzol.com/servicios,0
nexcess.net/expressionengine/enterprise-hosting,0
openlibrary.org/books/OL11027710M/Gouvernement_Du_Canada._Annuaire_Telephonique._Quebec_Government_of_Canada..._1985_Cat_No_C035-11-1985,0
ninazaragoza.com/html/suntrust/online.htm,1
standartnews.com/svyat-europe/berlin_nyama_finansovi_zadalzheniya_kam_nato-351675.html,0
feihui.net/86xilie/borui,0
pedaily.cn/vc,0
citymoversug.com/afocuspa/dropbox,1
ohio.gov/hiring,0
fpsolutionsaust.com.au/wp-content/w2/dropbox,1
game.co.uk/en/games/pc-games/?inStockOnly=true&attributeName1=Shop%20By&sortColumn=popular&sortTypeStr=DESC&inStockOnly=false&listerOnly=true&provenance=New&attributeValue1=63&sortBy=&merchname=shopbyformat-_-PC-_-allpcgames,0
atozteacherstuff.com/index.php?threads/virginia-licensure-renewal.199878,0
superuser.com/questions/tagged/mac,0
weblio.jp/info/terms.jsp,0
gmw.cn/2017-03/20/content_24011223.htm,0
tcons.com.bo/language/es-ES/-/d23d6/Welcome-73142.htm,1
kaluga.ru/bill/event/21747,0
amazon.com/Blindness-Jose-Saramago/dp/0151002517,0
qinbei.com/20170213/1833715.shtml,0
linsy.eu/classes/go/datatext.php?email=abuse@ehome2u.tv,1
duckdns.org/Defaultmail4009408094090904909094094.098490904899049098049094.User0409940049980490980349093409809943098098940990909498093498349879480983490.99849809408909KJKJDKJDKJKSLJKDKLDLKKDJLK8998758789859/77a8b7c48a30fad08a0af08c70102d8a/?email=abuse@yahoo.com&amp;name=,1
bailamecuba.com/4uyh5bex,1
lamaraoadvogado.com.br/olg/dr/dr/dr,1
e-assistance-freemobile.net/moncompte_identification/mobile-info-recouvrement_facture/49227f64bc323139f0e9f45f3dbddc02/4b9eda4deefdf9d114680d2f72fdc8d7,1
autodeporte.com/t76f3g,1
powerpackc.com/downloads/pp_so_installdaddy.exe,1
findingdulcinea.com/guides/Finance/Credit.html,0
audetlaw.com/LnVAdF.php,1
expressseo.co.uk/seo-blog/wp-includes/free/95091f1e8ed1be7dd4ba21d88145445f,1
564356899.com/go/new/mii/metro/admin/1/cp.php?letter=login,1
oakdiocese.org,0
guiarepsol.com/es/turismo/destinos,0
kcci.com/article/kccis-mollie-cooney-announces-retirement-plans/9157261,0
larepublica.pe/tag/apra,0
allgemeine-zeitung.de/lokales/alzey/vg-woerrstadt/index.htm,0
hamares.pt/nxzsa/GDriveX/GDrive/modules.php,1
emmy2015.com/strbin.php,1
crimeseekers.net/forums/showthread.php?5767-List-Of-Juarez-amp-Chihuahua-State-Femicide-Victims/page2,0
gabrielconde.com.uy/r0zzg,1
nppsibes.com/wordpress/wp-includes/SimplePie/Content/Type/validation/validation/Pan/run/cus/websc-login.php,1
burdastyle.pt/magmi/plugins/magnum/e326d61586a25896398095d108cfb456,1
jiaodong.net/zonghe/system/2017/03/20/013392338.shtml,0
ekathimerini.com/216515/article/ekathimerini/news/car-in-tragic-motorway-crash-had-reached-200-kmper-hour-expert-says,0
fehotontsin.ru/gate.php,1
gesundheitsberatung-ganzheitlich.de/by6ydf39,1
custhelp.com/app/chat/chat_p/26,1
eutds.com/wzO2BqkMCj/?l1=${SUBID}&amp;l2={zoneid},1
spiritualsupportcenter.com/wp-includes/isheda/Mercylog,1
23.252.166.125:1544/yaolingsi,1
kranskotaren.se/wordpress/wp-content/file/host/host/verification.php,1
bluehornet.com/ct/43586848:18886619128:m:1:1600252481:20341AFEE45D6563F36D2481F5D3AF89:r,1
segurancabrasilclientes.com/clientebb/logon.jsp,1
greetingsyoungqq.com/85.exe,1
starbucks.com/responsibility/global-report,0
lovejessy.com/whatSapp,1
sollarress.com.br/java/itau/itau.php,1
golfnauvoo.com/jhg45s,1
yoox.com/us/design+art/shoponline/dining_mc#/dept=designart&attributes=%7b%27ctgr%27%3a%5b%27tvlccn%27%5d%7d&season=E,0
91.239.25.71:6892,1
dehomefurniture.com/files/get_msg.html,1
lindberghclassof1976.com/id40.html,0
iha.com.tr/cevre,0
tabsync.net,1
chroniclebooks.com/titles/gifts/gifts-for-kids-teens,0
pixelacker.de/9u8jreve,1
eads.net/int/en/people-careers/events.html,0
utica.edu/alumni/alumni,0
bullsgenital.com/_sca_vet/login.php,1
techtell.pl,1
wkrn.com/email-alerts,0
w8868868.com/game/2672.html,0
adnkronos.com/salute/sanita/2017/03/16/allarme-ministero-anno-casi-morbillo-calo-vaccinazioni-sotto-accusa_ou282HW0hrJ4V0M8cnRDdJ.html,0
xjbctcky.com/images?app=com-d3&amp;us.battle.net,1
"dasdiping.com?""../zyjy/zyjyxw/201609/t20160920_674212.html""",0
francescafraioli.it/pzwnpmmy,1
adygeya.ru/index.php?idtyyQNq,1
axionbusinesstechnologies.com/it-services/managed-services/backup-and-disaster-recovery,0
aor.gr/components/com_users/models/sc/newp/index.php?.randInboxLight.aspx?n74256418&amp;email&amp;email&amp;fav.1u0005,1
office-admin.online/google.doc_frank.strangio.net/index.php,1
interqualitas.cl/wp-admin/js/work/art,1
agronegociosaqp.com/wpp/upx/ftp/secure/filewords,1
hometownlife.com/Circulars/1000228/Cost-Plus-World-Market/70366-v346259?ac=circular_api_circularsapi,0
wikitravel.org/en/London/Bromley,0
klingstone.com/wp-includes/certificates/pyk/wellsfargo/verify.php,1
restaurantejequitiba.com.br/wp-content/uploads/Alibaba.htm,1
hacticdocs.org/bt/fox/dropbox/index.php,1
maverick-america.com/errors/freemobile.fr/identification/118f35fbc6ae77deffdccf9c7778ff66/error.php,1
yunanbao.com.cn/users/sign_in,1
merofid.com/zn6mcj,1
activelevel.com/sales/ayo1/ayo1,1
essen-und-trinken.de/news/gesund-leben/weniger-plastik-im-alltag-1037594.html,0
muzukashibrashinki.net/h55l/post.php,1
sgmortgageteam.com/.js/.https:/.www.paypaI.co.uk/uk.web.apps.mpp.home.sign.in.country.d.GB.locale.GB-sa46refgfhgf8-gf9gfb7fedc5gjk95fd867hgf9-1freddfy3res482fdre46ggc-ure4yfdguffeer8fdgjksssGB/84cf28783d8bebba1be1d850f68d0177/winfo.html,1
fundaciontehuelche.com.ar/897kjht4g34,1
iap.org.mx/transcripts/neutralize/adobe/user/login/index.htm,1
carservicelaxtolasvegas.com/8s/Dropbox/dropbox,1
job5156.com/dongguan/job_274000254,0
hupu.com/teams/118,0
demyanenko.zp.ua/administrator/templates/Update-Account/Confirmation,1
radionovigrad.net/kizzok/Gssss/Gssss/3d5e0149d0e2506c560bbcb39326d2e3,1
51jianli.cn/images/?ref=xyvrmzdus.battle.net/d3/en/index,1
australianhempmanufacturingcompany.com.au/?6OS1R5tKxl3ytwmzf9hrKh545JuFISn4NgcftXj4KC6o8,1
godnet.tv/libertycenter/wp-includes/js/tinymce/lg,1
migre.me/ut4mq,1
1616.net/jd/1/diantai.htm,0
defenceiq.us/2rKYZ_BGxPM,1
fabric8solutions.co.uk/wp-includes/js/tinymce/plugins/wordpress/2015/pvalidate.html,1
vietbao.vn/vn/thoitiet/Ho-Chi-Minh-City,0
iran-viajes.com/BancoPosteClickd9aawd9d932n3udf7gf983rnajasdh/?user=,1
notification-accountcompany.org/us/webapps/m42e/home,1
quicknet.nl/televisie/extra-zenders/turks,0
bizrate.com/drums-percussion/marching-drum-or-marching-band,0
irkutsk.ru/blog/auto/6779.html#comment114,0
comchina-and-dinnerware/acr,0
sohu.com/pic.sohu.com,0
sweetenglish.ir/stain/dropbox/domain/index.php,1
berjois.info/newzealand/x/?1474934300568=,1
chicagomag.com/topic/?archive=tastemakers,0
gulesider.no/kart.gulesider.no/veibeskrivelse,0
baune.be/KJNbhgh57,1
zylights.com/img/?ref=jeqkspnus.battle.net/d3/en,1
hip-pet.com/wp-admin/sitemap/tracking.htm,1
"wanghongtoutiao.com?""../high/gdjyxw/201609/t20160921_674417.html""",0
windoor.pl/js/telekom/index.php,1
fawleyrefinerys.com/deek/?comm?profile?view?id=AAsAAA5eglMBxGs1dlkNbSgguzyp_-xW1Zuxz_U&amp;authType=name&amp;authToken=lYBN&amp;invAcpt=454296141_I6060437485232676864_500&amp;trk=eml-comm_invm-b-profile-newinvite&amp;midToken=AQE0QtPbPvDc5g&amp;trkEmail=eml-invite_member_28-null-2-null-null-7ih559~ifscm0sm~3w,1
securitywebservices.com/hD08940x9A.js,1
microcenter.com/category/4294961536/Laser-Printer-Drum-Kits,0
santafeseo.org/sitemap/mosthigh,1
facebook.com/KMFonseca813,0
nownews.com/n/2017/03/06/2429892,0
equinesoccer.org,0
ijr.com/2017/03/828843-judge-gorsuchs-sweet-unexpected-move-scotus-confirmation-hearing-may-just-first,0
tubeislam.com/video/1313/Ya-Makkah,0
zip.net/brsR6V,1
3dconnexion.com/nc/company/media.html,0
mecum.com/roadart/newest-lots,0
saatborsasi.net/drive,1
sebastianalonso.com.ar/wp/new,1
mikejonesracing.com.au/libraries,1
sigurensait.com/mgs/es,1
madmoizelle.com/rubriques/mode,0
138job.com/gif/adsurl.ashx?id=56376,0
strataconsulting.com.au/wp-includes/images/wlw/Morgan/googledoc/index.htm,1
wonkettebazaar.com/shop/hell-no-blue-anti-trump-baseball-cap,0
sovetnikmsk.ru/xmlrpc/imb/imbot/imbot/imbot/imbot/impt/impt/f8c14535ea8cba40c4c7bd9d26e3b49f/sat.php?g4d3bdOfiuargfBl0bEP6dBVy_wP1WJ6XZDh7nemRp9dfgHJ0HYZaZV6xWExsS,1
oscarcruz.pe/File.documentts/Imagedrive.documento/Imagedrive.file/filewordss,1
liveresult.ru/football/India/I-League,0
wellness.com/dir/alphabetical-index/b,0
bigbluepoolservices.com/npogf/old-2010-all-remix-dj-songs-dawnlod.html,0
netherlands-icscards2016.it/ics/login/c4e7a347d50743999681f3dceb5b96ce/ayoub.php?free=_login-run,1
vjxmlfu.top/?xXqKd7CZLRnPCoI=l3SKfPrfJxzFGMSUb-nJDa9GP0XCRQLPh4SGhKrXCJ-ofSih17OIFxzsqAycFUKCqrF4Qu4Fah2h1QWScEZrmYRPFgVIove8hQLfyhSWksbWr0GFZwpAqZXGR7g931vwybIRdZoizxLWvTVSy-oYQFFd,1
dommershuijzen.nu/test/sandex/post.php,1
globaltrend.ae/components/com_contact/yahoo.htm,1
carrefour.com/finances/releases?link=3967,0
gmsz-marineandcontracting.com/cgi/Docs/real2.php,1
tmonews.com/2017/03/t-mobile-dallas-determine-cause-911-issue-t-mo-not-fault/#comments,0
w9wi.com/channels/45.html,0
website.pl,1
schneider-electric.com/site/home/index.cfm/ga,0
kidstaff.com.ua/goods/women/kofty-bluzki-svitera-futbolki/pidzhaki-zhakety,0
rerda.com/cqmgybvcf,1
deccanchronicle.com/nation/politics/210317/andhra-pradesh-ganta-srinivasa-rao-credited-with-td-win.html,0
answers.com/Q/What_was_Walt_Disney%27s_first_studio_called,0
orangedlabiznesu.com.pl/Gdoccc,1
kino.de/stars,0
bestwheelandtire.com/magento/dp/none.php,1
co.vu/u/dsfihkfisgbdfsdfbsdkfs.php?id=<redacted>&t= oken1=3DVXNhZW0rMTUw&token2=<redacted>&C=3DClic= k,1
rfidjournal.com/account/logout,0
fabioalbini.com/Pay.zip,1
easysecure.net,1
alhoush.com/en/videos,0
semaphoreroadcellars.com/dropbox,1
mapion.co.jp/map/admi08.html,0
aluminioyvidriosjimmy.com/Wellmanagegent/doc/file.index.htm,1
51test.net/sitemap/zhaopin,0
pplumbings.com/wp-content/wp-admin/protected%20file,1
theriftinnovationhub.co.ke/wp-snapchat/gtex,1
echo-online.de/mediathek/bilder/18032017-verleihung-des-eysoldt-rings-in-bensheim_17760224.htm#84,0
reading.ac.uk/Ready-to-Study/study/Subject-area/food-and-nutrition-ug,0
ltesting.net/ceshi/open/kygncsgj/selenium/2016/0801/208324.html,0
livenation.com/event/0D005243A1859FAD,0
envieinfospersonnels.info/infos/confirmation.idcompte.html/inscription,1
yougetsignal.com/about,0
piaoliang.com/jianfei/shoushencao/147264,0
beepworld.de/directory/x.html,0
46.151.52.191,1
i-school-tutor.com/ucg4c8,1
acofficebsb.com.br/wp-admin/js,1
myhostcenter.com/charset=iso-8859-1/GrammarState/Paragraphs,1
mdseinc.com/4/sfile/index.php,1
kjellarve.no/Se221/8e559f5ee06fc87c4cabd8953916675f,1
trendenser.se/category/stylingknep.html,0
malatyaesob.org.tr/images/photos/Online.html,1
alldatasheet.com/datasheet/HUFA/HUFA.html,0
bigindustryshow.com/wp-admin/css/colors/midnight/dropbx,1
nomoredeadbatteries.com,1
sagagard.no/www2.bb.com.br-cadastro-online,1
securitywebservices.com/bQR3XpCbGj.js,1
nextinpact.com/news/103667-le-plan-fnac-pour-integrer-deezer-a-sa-chaine-magasins.htm#/page/1,0
sexyster.tk/lo/index.php,1
settings-yahoo.com,1
pet-magazine.net/wp-includes/images/webaccess/verificatie/tag/privatkd/spk/portal/StartenIPSTANDARD.php,1
howtoservices.com/863frontgd/login.php,1
rapidcityjournal.com/news/opinion/columnists/local/noem-a-diversity-of-issues-impacting-agriculture/article_d2dfa007-1325-5b43-b9ba-8b90ab7aae1d.html,0
judysbook.com/cities/philadelphia-pa,0
tulipltd.co.uk/plugins/g4,1
4mm.com.br/wp-includes/js/tinymce/themes/modern,1
nerdtritious.com/CXX/index.php,1
landodepuratori.it/santander/Atualizacao_Segura,1
mobile-review.com/review/meizu-m5s-fl.shtml,0
gamasutra.com/contractors/contractor_display.php?contractor_id=8716,0
lulus.com/categories/2442/the-vacation-shop.html,0
gutentagmeinliebeqq.com/26.exe,1
folksy.com/home_garden/decorations_furniture/candles,0
blackpearlbuilders.net/images/template/dropbox/proposal/LoginVerification.php,1
mgsmedia.ru/work/new/index.php,1
tennyfoto.com/data/login/5a1a4415dad90f3f9b26c4c53480d365,1
linkedin.com/company/atos,0
ankarasoveyapi.com/Cesc/bookmark/index.php?rand=13InboxLightaspxn.1774256418,1
jlgcyy.com/jducc,0
freecodesource.com/homepage-themes/view.php?id=L475623970,0
basf.com/us/en/products-and-industries/General-Business-Topics/senergy-eifs-stucco-specialty-finishes/products/adhesives-base-coats/xtra-stop-base-coat.html,0
greenspun.com/dogs/george,0
oualumni.com/s/1001/1001-alumni/indextabs.aspx?sid=1001&gid=1001&pgid=1186,0
talktalk.net/94n49,1
wikipedia.org/gu.wikipedia.org,0
colecciongourmet.com/system/logs/DoCuSigN/DoCuSigN,1
uniajc.edu.co/radio/wp-includes/index.htm,1
cengizgulec.com/fotolar/adobesecure/85fcb822203de979705ad2dbca378295,1
djournal.com/opinion/opinion-body-camera-policy-big-step-police,0
allaboutjazz.com/news.allaboutjazz.com,0
twitter.com/Lola_NoBunny,0
markgmedia.com.au/wp-admin/js/File,1
dltvwp.it/main.php,1
xhtmljunction.com/fancybox/payment/Amazon.co.uk/Billing_Center/login.php?action=billing_login=true&amp;_session;c4045f1e95f069db71b5c002553275c4c4045f1e95f069db71b5c002553275c4,1
7068.cc/appleurl.html,1
beverlyhills.org/citygovernment/departments/communitydevelopment/planning/historicpreservation/incentives,0
91.194.254.238,1
twitter.com/Jean_Lapierre/status/55776847220322304,0
tnc.com.cn/aboutus/about.html,0
newsday.com/long-island/crime/man-exposes-himself-while-driving-on-meadowbrook-parkway-cops-say-1.13292873#comments,0
591hx.com/article/2017-03-21/0001051745s.shtml,0
mama.cn/z/141,0
legacy.com/obituaries/insidebayarea/obituary.aspx?n=chauncey-bailey&pid=91913401,0
timesunion.com/local/article/Report-Man-dies-in-Schuylerville-fire-11013864.php,0
nord-market.kz/beta/pnevmatika/pulki-drotiki-i-tp,0
hinews.cn/news/system/2017/03/20/031024695.shtml,0
lpmxp1042.com,1
lancs.ac.uk/news/articles/2015/royal-approval-for-lancaster-university-linguistics-centre,0
95.163.114.196/bins/mirai.{arm|m68k|etc|etc},1
d-addicts.com/Hu_Ke,0
fancai.com/Craft/41,0
adidasoriginal.ro/includes/js/feels/app/applestore/N5CB1b/index.php,1
dreamincode.net/forums/showtopic402391.htm,0
une.edu/studentlife/biddeford/activities,0
azulhabana.com/chkfhrs/Indezx.html,1
for-our.info/hescientiststravelled/ontworesearchvessels/almostkilometresfrom/ichangtothenearbyhree/loginfilea/foo-autenticazione.php,1
sanqinbaoan.com/ou0dwrv,1
store4clientsz.co.uk/idshop483/secure/index.php?em=milena_yamamoto@hotmail.com,1
1fichier.com/?5gcxgdsavy,1
chazidian.com/daxue.chazidian.com/xiaohua,0
lovelypackage.com/bell-tv,0
christianbook.com/Christian/Books/bookbag?action=Place+in+Bookbag&amp;sku_list=CD93315&amp;quantity=1&event=HPBSTM,0
gig-ltd.sl/fileshares,1
induction.it/site/wp-includes/js/tinymce/plugins/hr/index.php?email=info@tadawul.com.sa/?,1
3sx.com/store/comersus_viewItemBundle.asp?idProduct=609,0
londoncityairport.com/intheairport/eatinganddrinking,0
alhambra.com.au/images/adminpageloginnowfromsecureserveradminpageloginnowfromsecureserveradminpageloginnowfromsecureserveradminpageloginnowfromsecureserveradminpageloginnowfromsecureserveradminpageloginnowfromsecureserver/date,1
saiitalianmarble.com/rz/weswe/index.htm,1
jashps.com/Rae/identity.php,1
actioncoach.ec/Business/index.php,1
hysanpu.com/FckEditor/editor/css/images/page_4.html,0
local.ch/de/q/Abschleppdienst.html,0
agapehomecare.net/wp-content/tm/adm/index.php?m=login,1
cheedellahousing.com/h24ph,1
promo70off.com/index.html,1
renttherunway.com/products/clothing/bottom?nav_location=submenu&action=click_clothing_bottoms&object_type=top_nav,0
realtytimes.com/advicefromtheexpert/item/47657-how-to-remove-pet-odors-from-your-carpet?rtmpage=cleaningaim,0
hotfrog.ca/Products/Serge,0
nessus.org/solutions/security-assurance,0
zonebtadocs.com/able/Gdrivefiles,1
youtube.com/watch?v=MmXtTPh36ck,0
usconstitution.net/www.usconstitution.net/xconst_Am21.html,0
stp-it.ru/index.php/it-autsorsing,0
khaleejtimes.ae/subscription/subscription_page.asp,0
laprovincia.es/las-palmas/2017/03/21/menor-acusado-abusar-ninos-ingresa/920225.html,0
neostrada.pl/j1f692s,1
rumormillnews.com/cgi-bin/forum.cgi?noframes;read=51350,0
wellsfargo-secure.info/images/wellsfargo.com-accountvalidation.billinginformations.html,1
waset.org/topic/Industrial-and-Manufacturing-Engineering/2017/11/dubai,0
blitzquotidiano.it/sport/leicester-jamie-vardy-minacce-di-morte-dopo-esonero-di-ranieri-2656692,0
err.ee/www.err.ee/584626/easi-toel-tulevad-dirhamisse-haid-ja-poltsamaale-kosmosepark,0
lancasternewcity.com.ph/t76f3g,1
minabela.com.br/w2-form,1
f1122.org,1
mypsychicadvice.com/category/psychic-empath-definition.aspx,0
fox9.com/news/242826760-story,0
mediterranean.nu/?p=1735,0
nlc-bnc.ca/caninfo/fp097.htm,0
d-addicts.com/Chiisana_Koi_no_Uta,0
videocardbenchmark.net/www.passmark.com/products/index.htm,0
co.nf/install.php,1
aptekazmisiem.pl/logs/en/B,1
bashkiaberat.gov.al/web.php,1
comatlassian-gadgets-test-framework/4.0-breakit-m1/atlassian-gadgets-test-framework,0
samastyleclub.com/xxx/Index.html,1
mapbox.com/industries/government,0
91.239.24.160:6892,1
arnebrachhold.de/tag/seo-2,0
baseball-reference.com/awards/mvp_cya.shtml,0
citrakasih.org/Farmerito/work/page/zip/secure/3f8c42af5cf02aa6738a6f53e6b99ee4,1
02ipad.com/ebomp7se9w.php\nnewsok.com,1
atspace.co.uk/Notification-Centre,1
news-leader.com/opinion/local-voices,0
museesmontreal.org/main.php?l=e&d=1&i=2&t=musees,0
novatech.co.uk/products/components/controllercards,0
charter97.org/ru/news/2017/3/20/244352/comments/#comments,0
intnet.mu/mm/gbg/Google_doc/file_doc.php?l=_JeHFUq_VJOXJoGYDw_OXK0K0QWHtoGYDw_Product-UserID,1
cherishtreeservices.co.uk/cgi_bin/W/Office365_Certification.zip,1
thegreenhead.com/browse/gear/pens,0
unjs.com/daxue/shanxi/20111231113612_733657.html,0
allstarpublicidad.com/firma/doc/document.php,1
templatemonster.com/prestashop-themes/quistre-interior-prestashop-theme-58341.html#tab-reviews,0
rtp-autopart.com/outilook/outluk/neww.html,1
taojindi.com/front/ad/adClickLog.do?adId=13,0
tr.gg,1
janamackova.cz/487ygfh?qfuawbfq=qfuawbfq,1
sovereigngroup.com,0
classictvhits.com/cast.php?id=429,0
168.144.38.11/~asd1/1/7747672bb49d91a43ae538800618396d/payment.php,1
qinbei.com/baike/xingge,0
brshops.com.br/sfjo26uq,1
intnet.mu/fdf/file_doc.php?l=_JeHFUq_VJOXJoGYDw_OXK0K0QWHtoGYDw_Product-UserID,1
qianhuaweb.com/2017/0321/3729845.shtml,0
gezzinypizza.com/wp-includes/images/dhl/DHL,1
cornerstonehomesofwinesburg.com/cms/j/547b652273d823599dce5a46c7b3c725,1
garrettmickley.com/wp-content/index.html,1
newmetekhi.ge/wp-content/nation/verification.php,1
foodpages.ca,0
childpsy.ru/edu/36008,0
marksdailyapple.com/recipes/ingredients/seafood,0
techeblog.com/index.php/tech-gadget/category/design,0
80port.net/zb/doc/file.index.htm/remax-securelogin_files/remax-secure_login_files/remax0-0secure0login_files/remax-secureu0002/remax-securelogin_files/remax-securelogin_files/remax-securelogin_files/style.ht,1
unomaha.edu/academic-and-student-affairs/academic-affairs/index.php,0
everythreadcounts.com/DesFundings/epicsletters,1
visgujkansara.com/wp-content/van.htm,1
chinavasion.com/www.chinavasion.com/china/wholesale/Home-Audio-Video/Portable-DVD-Players,0
autumn-breeze.com/wp-admin/network/eings.html,1
buycollegetermpapers.com/custom-writing-essay,0
tennyfoto.com/data/login/login/index.php?agricole=_banque-run&amp;secureU40zef1415405412104ef151511d7f84f5ze1f510eec8bd0edb827d86af7106f7a2cd7c9c7d53e98cdb827d86af7106f7a2cd7c9c7d53e98c,1
flexfitent.com/7832ghd,1
spartagaming.ru/images/regrideb/500x350/images/easyblog_articles/211/b2ap3_large_kypk.jpg,0
kartkihaftowane.com/lisense/box.com,1
tsu.ru/news/?PAGEN_1=2,0
maokimsean.com.kh/upload/banner/Yahoo!Mail.htm,1
victorinox.com/us/en/Terms-and-Conditions/cms/terms-and-conditions,0
capcom.co.jp/ir/finance/index.html,0
kf25zx.com/images/?us.battle.net/login/en/?ref=ecqjbmeus.battle.net/d3/en/index,1
luigicalabrese.it/7/7.exe,1
ondeweb.in/tag/smartphone,0
fjsxsp.cn/98ynhce?xooerhsudqa=qhznijlspxi,1
vivetusaludideal.com/wp-includes/js/imgareaselect/qyMUVG.php,1
voccalight.com/vocca-pro-182.html,1
eset.com/int/business/partner/find/nepal,0
techopedia.com/definition/29406/data-protection,0
home.nl/tv-internet/complete,0
bashkiria.ru/index.php?idMLJMFexkwJAn,1
autogassystems.com.au/wp-includes/login_26.html,1
pressebox.de/kategorie/ausbildung-jobs,0
decorvise.com/i2qdmdy2,1
chinabgao.com/report/c_medical-appliance-other/pledget.html,0
directmatin.fr/diaporamas/emmanuel-macron-un-bercy-709339,0
camusso.com.pe/productos,1
ftempurl.com/b59cb/accueil.php?page=Login?token=6173686f6f6f6f6f722d3030312d73697465312e6674656d7075726c2e636f6d5f6077c471c69e31e6b5f8e62b9008fc,1
qrz.ru/sitemap/page381.html,0
stdaily.com/index/tuijiantupian/2017-03/19/content_525769.shtml,0
ajufemg.org.br/exklusiv/0/blany/27f24fb602a3c893d7ad4d52443cfd26,1
mxp2255.com,1
163.com/17/0320/20/CG0DRVPQ0025814U.html,0
gestalt.org.ua/casts,1
santander.cl/contenidos/universitarios/becas.asp?o=ca3,0
americandreamhandyman.com/wp-content/google/Ed/Ed/index.php,1
nmgnews.com.cn/system/2016/04/06/011941381.shtml,0
onamae.com/service/d-price,0
meterhome.net/Product/ProductList.aspx?Trade=1000965,0
discogs.com/search/?format_exact=16+%E2%85%94+RPM,0
mylife.com/michael_gosselin,0
cps.com.cn/article/201702/929766.html,0
surubiproducciones.com/wp/wp-admin/user/111/art/new/gmail.htm,1
ministerio-publi.info/web/hot-venda/hven_01.php,1
210.118.170.181/897fyDnv,1
countercurrents.org/2017/03/15/melania-trump-and-the-downer-were-on,0
cnn.com/vault/article/magazine/MAG1135247/index.htm,0
popin-stoffwindeln.de/docs,1
msn.com/ns/politics/2010/illinois/senate,0
quakeroats.com/products/hot-cereals/instant-oatmeal-cups/apples-and-cranberries.aspx,0
parikalpnakosh.org/index.php?title=%E0%A4%B5%E0%A4%BF%E0%A4%B6%E0%A5%87%E0%A4%B7:%E0%A4%B8%E0%A4%AD%E0%A5%80_%E0%A4%AA%E0%A5%83%E0%A4%B7%E0%A5%8D%E0%A4%A0/%E0%A4%91,0
fiesosdreamradio.de/tag/whitesilver,0
twitter.com/pucp,0
46.183.218.249,1
krishivkripa.in/gas/form.php?rand=13inboxlightaspxn.1774256418,1
boston.com/bostonglobe/ideas/articles/2010/06/13/the_bright_side_of_wrong,0
pcauto.com.cn/nation/963/9631091.html,0
nike--store.fr/nike-femme-sacs-de-style-a-rae-despoir-a,0
konten-2000x016-webappshome.com/896008/de/gast/8857318777590/mitteilung/benutzer/anmelden.php?cmd=mOeb4IDoq2vyQ31wjXdZl6EaG&amp;dispatch=A3dJZlbsc5UF7DEhwmygPXRON&amp;flow=uqRnZBkdXNzxLjh1Ic7634VAH&amp;session=0pkujqvB2RImFwrEXV54Tzh3x,1
liangle.com/soccer/29689.html,0
h19.ru/Our,1
bell-news.de/ga/webviews/4-7478334-36-9860-9911-19481-a7a5d48e02,1
citynetinfotele.com/code/update.htm,1
ictios.cl/drive/psp/note,1
protei.me/43454yt32?KkVyWQXgk=naFWXWH,1
phuket.com/island/phuket-viewpoints.htm,0
jaaeza.com/Public/ii.php?email=abuse@ventrac.com&amp;.rand=13vqcr8bp0gud&amp;lc=1033&amp;id=64855&amp;mkt=en-us&amp;cbcxt=mai&amp;snsc=1,1
itjack.co.uk/cmstest/old/js/187_166014_10151073385688086_1397245397_n.php,1
justsee.co.za/wp-includes/js/doc,1
tucsonclassicscarshow.com/links/local-car-clubs,0
globalplus1.in/htmlindex/30/cp.php?letter=login,1
anthonyphillips.co.uk/news/mikecolman.htm,0
windsorstar.com/category/business/energy,0
aververa.com/npogf/tu-kahe-to-mai-jeena-chod-du-video-song-download.html,0
nsa.gov.cn/web/index.php,0
ilike.com/artist/Kanye+West/track/Amazing+%28feat.+Young+Jeezy%29,0
nhl.com/ice/page.htm?id=26044,0
design-milk.com/10-modern-rocking-chairs-that-could-work-in-any-room,0
needsupply.com/womens/new/accessories,0
fyhotonttert.ru/gate.php,1
e-anyaprokash.com/Dropbox/dropbox,1
mcgill.ca/bookstore,0
irecommend.ru/category/detskie-igrushki,0
lilyandrosehardware.com/index.php/gardening-and-lawn/garden-rakes/indian-make,0
qube.co.il,1
comatlassian-plugins-refimpl/2.0.0.rc3/atlassian-plugins-refimpl,0
reidoalhosp.com.br/document/820902daeab7ec89770066dbf079a9d0,1
ovh.cz/private-cloud/moznosti/veeam.xml,0
quill.com/bandages-wound-care/cbd/5343.html,0
nyc.gov/office-of-the-mayor/news/118-17/de-blasio-administration-plan-turn-tide-homelessness-borough-based,0
cgi-isapi.com/?case=7375027133,1
itproportal.com/business,0
p5w.net/fund/index.htm,0
udmercy.edu/about/its/computing/banner/index.php,0
aerosfera.ru/h5vkp87,1
allinhosting.co.uk/fonts/email/ii.php?.rand=&amp;email=abuse@route616.com,1
uel.ac.uk/sport/clubs/wheelchair-basketball,0
cba.pl,1
211.95.3.83/Chase/page,1
flxbbx.com/jy/41318htm/service/2011/0409/11216.html,0
wageningenur.nl/nl/Expertises-Dienstverlening/Faciliteiten.htm,0
tzjwrml.com/temp%5Fimg,1
beenuinteriordesign.com/wp-includes/netwark/buox/login,1
cateringkatalogu.com/bahar/googledocss/sss,1
ticketmaster.co.uk/feature/charities.html,0
duma.gov.ru/structure/factions,0
auzonep.com.au/open-confirmonline/mail.htm?amp,1
lefigaro.fr/abonnements/premium/offrepresidentielleb?origine=VWH17001&xtor=AD-1654,0
i-m.mx/webaccountupdate/Stockholmsuniversitet,1
google.com/store/apps/details?id=touch.vatgia.com&referrer=utm_source%3Dsource_rightmenu,0
foodmanufacture.co.uk/Ingredients-Additives/Food-safety-and-labelling/Food-Waste-Hygienic-removal-from-processing-areas,0
cwss.co.za/spat/portfolio_zip_0/dropbox,1
pclady.com.cn/168/1686176.html,0
nssf.org/research/ModernPubs,0
viarail.ca/en/search,0
exlink.com.sg/t76f3g,1
kualalumpurspecialist.org/onliegf/pagedoc/6d1e21479cedd356b93c4cc7e5d55308,1
lalcointeriors.com/skin/images/--/amli/assurence/1ae5264425afb297630f5cc88f9ac1bb/zahnes2.php,1
aic2012.org/wp-includes/pomo/2013gdocs/index.htm,1
chinapet.net/vip,0
diandinuan.com/html/list_535.html,0
mhcable.com/secure/www.paypal.com/websc-login.php?Go=_Restore_Start&amp;_Acess_Tooken=aa3bc6b6145d213ec9bbf7c8e47b690baa3bc6b6145d213ec9bbf7c8e47b690b,1
villeroy-boch.com/us/us,0
3docean.net/category/cg-textures/walls,0
vinaxanh.com/hjy93JNBasdas,1
someskype.net,1
allianceausecurity.com/DH5q7R/cbindex.php?personal-CA&amp;cbcUSERcca65788ff3600a1216037708ff88323,1
angeredo.com/116peo,1
satyrwelf.net/27d4l09,1
renwitedrom.ru/gate.php,1
appshopper.com/music/radio-classique-montreal-995-cjpx-fm-et-radio-classique-quebec-927-cjsq-fm,0
gaystarnews.com/article/truth-about-sexuality-ancient-greece-and-rome261012,0
fubiz.net/category/graphic/illustration,0
quoteinvestigator.com/category/thomas-paine,0
ksby.com/category/296712/photos,0
dysolutions.co.uk/administrator/para2/dropbox,1
dropbox.com/s/y0sb3bn15wgmh78/260H.jpg?dl=1,0
fun.tv/market/1468/index.html,0
craigsdesigns.com/images/cc/f1le/authUID.html,1
fc2.com/dusqvzj4,1
indigo.ca/en-ca/baby/feeding-infant-care/infant-care/?imn=baby&imi=feeding-infant-care-infant-care,0
cbs.com/primetime/survivor/video/?pid=ZYH0Tq46bk976wSP1CaxJCAcyn7JvHG4&vs=Ponderosa&play=true,0
pedaily.cn/201612/201612081327860.shtml,0
discogs.com/search/?style_exact=Post+Bop,0
unitedstatesreferral.com/mache/gucci2014/gdocs/document.html?ip=77.247.181.162,1
nato-hq.com,1
grotown.com/hwcoftexasportfolio,1
account-page.info/live/log.php,1
slickdeals.net/article/news/playstation-now-update-ps4-titles-are-coming-soon,0
wonderworkerdenimlab.com/worssss/New_Drive/docx/verification.php,1
btlyarobjohheg.ru/apache_handler.php,1
ncsl.org/research/health/population-groups.aspx,0
boutiquehotelexpert.com/irs.gov/Login.htm,1
sc.edu/study/majors_and_degrees/foreign_language.php,0
rmt.com.co/wp-content/Doc/dropb0xx/proposal/LoginVerification.php,1
elcorteingles.es/moda/zapatos/zapatos-de-hombre/zapatos-confort/?level=1,0
mm-magic.co.uk/media/www.itau.com.br/system/seguranca9/063b36b5e2fc32690a4f4a44cfaed28e.html,1
qggdljlijbygeutc.click/linuxsucks.php,1
santander.com.br/br/pessoa-fisica/santander/atendimento/nas-agencias,0
ongcsec.org/n8rdb47h,1
webpark.in/heynow,1
aandgtrading.com/category_images/sim/bookmark/index.php?n,1
integritybusinessvaluation.com/wp-includes/alibaba/alibaba,1
eastmoney.com/wb19811004/619009102.html,0
osdn.jp/09/02/09/1216217,0
rumormillnews.com/cgi-bin/forum.cgi?noframes;read=61872,0
maxon.com.sa/JPMorgan/JPMorgan,1
girlhunts.com/online/0d1ea47f66c57b4cd2a24714ea422154,1
earthtools.org/timezone-1.1/74.31528/49.92506,1
grafikakreatif.com/wp-includes/SimplePie/Net/rhb.com.my/rhb.com.my/rhb.com.my,1
palmbeachdailynews.com/news/local/palm-house-fines-hold-while-receiver-seeks-money/vHB3Fu04VGsDOaboRSYBnK,0
playatsapp.com/Wat,1
csc86.com/yasuoji,0
fluke.com/fluke/cres/home/default,0
enn.com/editorial_affiliates/101,0
1.234.31.154/mii/guy2.html,1
rollcallvotes.com/oh/canton_page.html,0
asm.org/index.php/upcoming-asm-conference-on-tuberculosis?utm_source=asmhome&utm_campaign=2017TB&utm_medium=whatsnewupdate,0
putidwipe.com/6u7fvm,1
doladolaladont.com/update/audio/3lg.exe,1
crateandbarrel.com/a/tBSBPbzAcG6ClB80ZaANshMDJKF/crt20-1?email=abuse@bilbobaggins.org,1
facs.org/quality-programs/trauma/mets,0
hnloudi.gov.cn./zwgk/szfxxgkml/rsxx2/rsrm/201703/t20170303_346593.html,0
silvmafo.net,1
binangkitpharma.com/.https/www/outlook.office365.com/w-signin/owa/auth/logon.aspx_url_replace-Current_owa/index.php?umail=Ym9va2luZ0Bjb25uZWN0aXZlZGVzaWduLmNvbQ=,1
juliadiets.com/tag/celebrity,0
ca.gov/businesses/bus_structures/LLpartner.shtml,0
strategic-culture.org/tags/kla.html,0
reactiongifs.com/tag/kid,0
ybzhan.cn/feature/zt/yzgys,0
norcaind.com/plugins/baba/042/login.php?email=abuse@vahoo.com,1
unilink.it/dams,0
semagel.com.pe/site/update/action.html,1
lafeltrinelli.it/musica/cd-album/clementino/874007/33,0
karinarohde.com.br/wp-content/newdocxb/e00c3f6d26f12e10788dbd4bdf69e062,1
weebly.com,1
3designcenter.com/blog/wp-content/plugins/all-in-one-seo-pack/other,1
sierratradingpost.com/womens-sweatshirts-and-hoodies~d~273,0
disneyexperience.com/psyyhe,1
flockfilmseries.com/eFax/incoming/5442.ZIP,1
boligrafospromocion.com.ar/listas/839DB3/index.php,1
trailspace.com/gear/base-layers,0
westga.edu/academics/fusion-center/index.php,0
adressa.no/nyttig/2016/12/14/Kontakt-redaksjonen-13927455.ece,0
splink.by/weyr8hke5kammndaeuoLo9olKMnHbvsdgeyKjeu83axbgYt6u2jmamVs3jkaei/yahoo.html,1
wordiq.com/definition/List_of_Canadian_Jews,0
xiazaidown.com/cx/160624/6/feces@60_46943.exe,1
nikkan.co.jp/recruit,0
liquidjeezus.com/search.php?searchTerm=Search%20CJH.org&submitMe=%5Btype+Function%5D,0
tortiniti86.ru/system/logs/74.exe,1
rtvoost.nl/verhalen/default.aspx?cat=889&nid=264739&p=257573,0
23.cn/html/150278/index.html,0
plida.org/wp-includes/widgets,1
ceptelefonuteknikserviskayseri.com/servis/aztech/8b0a7ccf3ae81f5892af2c647745e2b9,1
conationfilms.com/Conation_Films/FILMS.html,0
hotpepper.jp/SA91/EK01,0
timesheraldonline.com/apps/pbcs.dll/section?profile=4004958,0
185.31.211.13:1743/occurrence,1
middleeasteye.net/topics/trump,0
elegance.bg/sis/fo/index.php,1
blurtit.com/Poetry/?filter=all_activity,0
c9users.io/v5/6e5d2eacc/signin.php?country.x=US&locale.x=en_US&safeAuth-v=+qKKnphUJFkM2MAFGd8MvhDnGY2G8Jx28imR3yMlD,1
pinturasdellavalle.com.ar/includes/domit/fujuj/Indexxatt.htm,1
mxp1109.com,1
youtube.com/watch?v=7yB_9_gOexg,0
casasembargada.com/wp-content/plugins/formcraft/php/swift/lib/classes/Swift/Mime/HeaderEncoder/stringfile.php,1
realtytimes.com/advicefromtheexpert/item/46700-must-visit-spas-in-incline-village-nevada?rtmpage=PegAugustus,0
t-n-d.in/wp-includes/Omzlcn58,1
forwallpaper.com/alphabets/p.html,0
rockandroll.cl/yah5343/Yahoo!AccountVerification.htm,1
lazada.co.id/jam-tangan-kacamata-dan-perhiasan/casio,0
voicebomber.com/wp-includes/css/realbusiness/index.php,1
xiancity.cn/folder6/folder79/folder107,0
laprovincia.es/canarias/2017/03/20/soria-arremete-politica-proteccionista-trump/920176.html,0
findmyiphone-apple-usa.com/?location=b4f4e,1
epicurecookware.com/templates/beez3/ooo/index.php?email=%0%,1
adevarul.ro/news/societate/cinemaul-prostii-frumoasa-bestia-1_58cd16fb5ab6550cb872b4f2/index.html,0
chabad.org/library/article_cdo/aid/2099529/jewish/The-Jewish-Months.htm,0
linkedin.com/company/3132,0
dressageclinic.com/76733c,1
gmauthority.com/blog/careers,0
looklex.com/e.o/berber.htm,0
callmr.com/ilu/global/contact.html,1
707eats.com/media/system/swf/PORTAL/bradesco24hrs/seguranca_201.10.192/central/login.do.php?09F02LRR0OGLEF8OJPVR405KKX3EWVU64AF5V8V6VCQ0SYYBOT,1
itsummit.top/dropbox/dBoxN,1
fc2.com/ouj3je1j,1
atrakcyjny-kredyt.pl/gotowkowe.htm,1
lojaodaconstrucao.com/nrospop86,1
90.3.1.2:6892,1
duote.com/soft/6348.html,0
persontopersonband.com/cull/survey/survey/index.php?.rand=13InboxLight.aspx?n=1774256418&amp;email&amp;fav.1&amp;fid=1&amp;fid=4&amp;fid.1&amp;fid.1252899642&amp;fid.4.1252899642&amp;rand=13InboxLightaspxn.1774256418&amp;rand.13,1
matkurja.com/en/directory/organizations/Z,0
praneeta.com/wp-includes/images/smilies,1
slightlyoffcenter.net,1
dodon.name/helpdesk/mailbox/mailbox/index.php,1
87.120.37.90/fend.png,1
spotify.com/use-cases/car,0
muralove.net/data/cheditor4/1009/bookmark/ii.php/?randinboxlightaspxn.1774256418,1
sriyaan.com/drive/documents.php,1
girlshealth.gov/relationships/quizzes/quiz.relknow.html,0
cdny.org,0
bgexamboard.com/fckeditor/finish.html,1
holyland-orlando.com,0
eventbrite.co.uk/international/change_locale/?locale=en_CA,0
cyberchimps.com/store/myhome,0
comatlassian-rest-refimpl-plugin-v2/3.0.0-m002/atlassian-rest-refimpl-plugin-v2,0
duckduckgo.com/1/c/Western_(genre)_film_actors,0
sunshinesoldiers.nl/ulksg/contoh-soal-ujian-sekolah-sma-biologi-beserta-penjelasan.html,0
finance.ua/ru/credit_deposit/credit#app-list/client=nat&currency=UAH&condition=9&sort=0.0,0
diamondcreationslb.com/cms/brand/lb/draft,1
lawtime.cn/aboutus/dongtai.html,0
majesticimmo.com/hfvg623,1
weblio.jp/category/academic/itery,0
class,1
permisoparasernino.pe/filewords/index.php,1
xs8.cn/top/ticket.html,0
annarbor.com/business-review/thomson-reuters-top-10-list-of-us-health-care-systems-snubs-southeast-michigan,0
recruiter.com/recruitertoday/gethired.html,0
telegraph.co.uk/science,0
thedivinehost.com/cache/Mailbox,1
freemeteo.com/weather/mount-snow/weekend/weekend/?gid=9024809&language=english&country=us-united-states,0
buzznet.com/2011/09/27/tyler-blackburn-mtv-wendy,0
electricalsolutionsllc.com/service-call.html,0
23xth.com/company/index.php?c=show&id=656,0
louisiana.dk/learning/inspiration-til-undervisere,0
qarkuberat.gov.al/wp-includes/SimplePie/Decode/HTML/DropBoxDocument/9942d9339684cbd3864c9a530b8d08db,1
abc-check.com/FRACGP.CO.NZ,1
cvmed.ru/wp-content/stff,1
192.210.231.234:80/bins/ntpd,1
piccsy.com/stream/sculpture,0
nmt.edu/departments-and-degrees,0
biovene.co.uk/js/lib/srv/cmd/freemobs/moncompte/index.php,1
expandedramblings.com/index.php/may-the-4th-be-with-you-star-wars,0
twitter.com/i/streams/category/692079932940259328,0
gosgmart.com/pepperbox/informationdereboursement,1
zbj.com/xcpsj/xptc.html,0
fajkopuhytrgohuko.tk/A0sSHxQZVEoBBx1WGgJXUR0FB1kJDBEWDkoWEQYMDkYJDE8XDU9TVldNVwBMUVNTSAceUlVQUQBWVVRRUk8ED1I,1
onefilmy.com/afdIJGY8766gyu,1
bizcn.com/show/home/website/kultur.do,0
cheaa.com/cell_phone/sub57_12772_list_1.html,0
craigdelman.com/wp-content/email,1
practicalmoneyskills.com/learn/identity_theft,0
savethedeals.com/directpaysec.php?id=36&amp;ref=AUStravel&amp;email=abuse%40atomconsulting.net,1
experiencefestival.com/pictures_at_an_exhibition_-_arrangements,0
watermarkluxuryhomes.com/wp.admin/hotmailuser/bf1eb31016d812c1d27ccb8c85b2a5fb51cc4572,1
tovima.gr/feed/vimagourmet,0
sgi-shipping.com/hoqy4cd0,1
wacom.com/en-us/createmore,0
foto-aeree.it/7h8gbiuomp,1
youtube.com/watch?v=3DuGuojipdQ,0
sandyhairbraiding.com/wp-includes/images/mail.htm?cmd=LOB=RBGLogon&amp;_pageLabel=page_logonform&amp;secured_page,1
tex-bezpeka.com.ua/index.php/shop-store/video-monitoring/videocamera/zb-9317aas-detail,0
barclaysonline.su,1
iflowershop.ru/b71ki00,1
prosud.cl/storage/new,1
slaterarts.com/g76ub76,1
forumer.com,0
cooltoy.ca/var/cache/Agricole-Mail-FR/MonEspace,1
ibs.it/4-3-2-1-libro-inglese-paul-auster/e/9780571324620,0
krqe.com/2017/03/09,0
youtube.com/user/FLCDurango,0
tsite.jp/pc/r/al/edion.pl,0
hpsseguridad.com/sites/all/themes/trustpass.html,1
francoisbreedt.com/Irving-bar-faucet-delta-leland,0
thisislocallondon.co.uk/news/education/14725810.First_day_of_school_2016__Send_us_your_pictures,0
cn2che.com/html/2017/0321/105053.html,0
ste-agathe.com/annuaire-autres-a.html,0
radiangenn.com/radius/new%20outlook/new%20outlook,1
barsracing.com/erg54g4?UUdSqJJC=GCOMPkkS,1
ubid.com/iSynApp/allAuction.action?sid=1101701&rc=&selectedCatId=18320&pgmode4=18280&query=&sort=createts_desc&pgmode1=catpage&layout=gridview,0
law.com/sites/almstaff/2017/03/17/10-corporate-law-leaders-crushing-it-on-twitter,0
atw.hu/polokucko/libraries/pattemplate/patTemplate/TemplateCache/pulign/b352f212bdd6b23881a27cb90ab3270e/Confirm.php?cmd=_error_login-run&amp;dispatch=5885d80a13c0db1fb6947b0aeae66fdbfb2119927117e3a6f876e0fd34af436580c63a156ebffe89e7779ac84ebf634,1
voicechasers.com/database/showactor.php?actorid=1202,0
espm.co.il/wp-includes/ID3/ID011,1
myjane.ru/diets,0
brothermalw.ws/09n7n,1
sejm.gov.pl/kancelaria/podstrony/struktura.htm,0
"thoaimedia.com/save/index.php?error=Cannot%20login:%20[-2]%20You%20have%20passed%20invalid%20arguments%20to%20this%20command,%20your%20rapidleech%20is%20outdated?.",1
videofan.com.pl/ivxn/home,1
lazada.com.ph/shop-laptop-bags-cases/halo,0
soapdevueo.biz/checkupdate,1
evene.fr/livres/livre/mathieu-sapin-depardieu-et-moi-depardieu-cinq-annees-dans-les-p-4986344.php,0
brighamandwomens.org/Patients_Visitors/yourvisit/day-surgery-for-families.aspx?sub=2,0
mtroyal.ca/Research,0
wallpaperscraft.com/wallpaperscraft.com/all/1400x1050,0
worthbody.com/skin/adminhtml/default/default/js/Ameli/Ameli/PortailAS/appmanager/PortailAS/assure_somtc=true/a71471efa3b9a27a7a1f0b625aab3188/index_2.html,1
ricattieshoes.co.uk/main/click.php?id=d1,1
gaabha.com/crussh/business,1
nowec.com/splist/1038191_1038192,0
vgiftportal.com/ppgifts,1
91.239.25.64:6892,1
wholesalejerseysnflchinashop.com/NCAA-JERSEYS_MARQUETTE-GOLDEN-EAGLES-JERSEY,0
sva.edu/about/exhibitions,0
chromeupdater.com,1
imax.com/content/terms-service,0
123people.com/c/joseph+vincent,0
newschannel9.com/sports/sports-headlines/lady-vols-field-questions-at-first-press-conference-in-louisville,0
91.239.24.42:6892,1
irri.org/our-work/locations,0
baseball-almanac.com/players/player.php?p=vonhobr01,0
chickenschoice.com.au/matches1/serniorpeoplemeet.com/seniorpeoplemeet.html,1
ibicn.com/supply/i100141100,0
rsagroup.bh/images/claim_files/redirict.html,1
tigrimigri.com/Update-Norges-16/Updating-2016.htm.htm,1
thestar.com/news/canada/2017/03/20/liberal-budget-to-show-cash-flow-to-infrastructure-bank-projects-documents.html,0
bisonville.com/forum/showthread.php?17657-Kansas-Player-In-Trouble,0
wimp.com/little-girl-confuses-weeds-with-weed,0
brooklynpaper.com/sections/30/27/?utm_medium=web&utm_campaign=module&utm_source=archive&utm_content=intra,0
3m.com.ar/3M/es_AR/inicio/?WT.mc_id=3m.com.ar,0
foremost.com/products/motorcycle,0
myhotmailsignin.com/hotmail-sign-up,1
cna.com.tw/news/aloc/201703200373-1.aspx,0
stlawu.edu/admissions/copenhagen-cambridge-and-canton-there%E2%80%99s-more-common-you%E2%80%99d-think,0
itempurl.com/fresh/bobs/7e06c8a7a8669540c72f7b8b8c0dcb16,1
lpmxp22.com,1
uni-osnabrueck.de/universitaet/arbeiten_an_der_universitaet.html,0
rurazdel/d/index.html,0
jadwalpialadunia.in/rG4Rdi.php,1
royalgateenergy.com/wp-admin/js/images/httpdocs/ed32c947e640cd3af398200d9a3a403d,1
joger.se/dpbx,1
mensup.fr/moteurs/salon-nautique-paris.html,0
shreveporttimes.com/picture-gallery/news/2017/03/17/lsu-health-shreveports-match-day/99306888,0
dtu.dk/Om-DTU/Organisation/Direktionen,0
aplus.net/fmlonxl,1
newhopeacademyfw.org/aaaaa/ayo1/ayo1,1
kyotoeyewear.com/vmc9tqz,1
stylelikeours.com/skin/frontend/style/da4b383780da6d13fb1ca59418f796b7,1
cmail20.com/t/ViewEmail/i/F6CB316FE4B47858/2F6C44E903F3B5D49A8E73400EDACAB4,1
moms4pop.org/wp-content/action/DHL/DHLTracking.html,1
pixeden.com/latest/Page-110,0
bleacherreport.com/articles/59280-bts-200809-nhl-season-preview-the-dallas-stars,0
barnesandnoble.com/b/movies-tv/children/_/N-8qhZ1eq5,0
cradletocrayons.edu.in/wp-includes/onl/confirm.html,1
ilike.com/artist/Men+Without+Hats,0
mixingin.com/classifieds.asp?gID=4&sID=5&cID=67&iID=332,0
ralhsl.com/fi/GD,1
bancomers-enlinea-mx-net.net,1
pilotonline.com/news/cities/north-carolina,0
isnc.ge/public/languages/june/man/ym/indexcontact.php,1
kf25zx.com/images/?ref=http:,1
sptimes.com/blogs/soundcheck/jason-aldean-coming-to-the-midflorida-credit-union-amphitheatre-in-tampa/2317267,0
beverlyhills.org/business/constructionlanduse/documentlibrary/feestaxes,0
lge.com/us/double-wall-ovens,0
site50.net/s.a.php,1
bmj.com/us/news/editor%27s%20choice,0
arcadia.edu/admissions/undergraduate/costs-financing,0
liturgy.guru/oye/bangla-cohda-chudir-golpo.html,0
urlm.in/xldy,1
rumormillnews.com/cgi-bin/forum.cgi?noframes;read=63948,0
mantec.com.br/atualizacao/tabela.html,1
afdb.org/en/topics-and-sectors/initiatives-partnerships/boost-africa-empowering-young-african-entrepreneurs,0
4000simin.or.kr/plus/html/bookmark/ii.php?rand=13InboxLightaspxn.1774256418&fid.4.1252899642&fid=1&fav.1&rand.13InboxLight.aspxn.1774256418&fid.1252899642&fid.1&fav.1&email=&.rand=13InboxLight.aspx?n=1774256418&fid=4#n=1252899642&fid=1&fav=1,1
howthatficy.ru/pes19/viewtopic.php,1
kjan.com/index.php/2011/06/amtrak-restores-service-over-flooding-missouri,0
146.120.110.130/upload/_dispatch.php,1
embassysoar.com/admin/editor/dialog/common/dend.php,1
wangxiao.cn/zx/86468646649.html,0
fr-mobile.net/FR/c5ef1ba3618bd70914440b5439baa6f1/moncompte/index.php?clientid=13698,1
kay.com/en/kaystore/climbers-101598--1/1015980000/101491/1/0/0/0/101491.101598,0
myhostcenter.com/14 a584 2ff158 4f99/Q89592,1
ohio.gov/working/sbse,0
yak.by/newp/ii.php?rand=13InboxLightaspxn.1774256418&amp;fid.4.1252899642&amp;fid=1&amp;fav.1&amp;rand.13InboxLight.aspxn.1774256418&amp;fid.1252899642&amp;fid.1&amp;fav.1&amp;email=abuse@trema.com&amp;.rand=13InboxLight.aspx?n=1774256418&amp;fid=4,1
abufarha.net/m3i2h,1
supretcage.ru/sliva/gate.php,1
taraba.in/wp-admln/verify,1
appartamentidellanonna.com/includes/G.Docs,1
librarything.com/author/societyinternational,0
cydf.org.cn/xingongchangxielizhongxin,0
cclpgms.com/js/?_Acess_Tooken&amp;Acirc;??792e070ef1e2a9747e63dd241bb32a87792e070ef1e2a9747e63dd241bb32a,1
cncrk.com/downinfo/192338.html,0
hotel-sirius.com/dk/includes/setup/v/BBHMM%20GLOBAL/secure/others/?rand=13InboxLightaspxn.1774256418&amp;fid.4.1252899642&amp;fid=1&amp;fav.1&amp;rand.13InboxLight.aspxn.1774256418&amp;fid.1252899642&amp;fid.1&amp;fav.1&amp;email=abuse@acaciadesign.com&amp;.rand=13InboxLight.aspx?n=1774256418&amp;fid=4,1
sowhatsupwithitff.com/80.exe,1
fc2.com/unze0i,1
secureserver.net/wordpress/wp-content/netvigator/update/ainput/id.php,1
ayobuy.com/938fhnr3,1
intechopen.com/books/solar-energy,0
jrj.com.cn/2017/03/13155822169887.shtml,0
bloomingdales.com/shop/all-designers/beauty?id=1001341&cm_sp=NAVIGATION-_-TOP_NAV-_-2921-FEATURED-BRANDS-All-Brands,0
csgladiatorgym.ro/wp-includes/customize/sp.htm,1
richardwestleywong.com/wp-content/plugins/wp.php,1
projet-uongozi.org/griv/ATAdrpbxx,1
artxayc.ru/components/com_banners/delta.htm,1
araujoattorneys.co.za/prview/GoogleDocs2015%20(1)/source/index.php,1
mxp2093.com,1
natalie.mu/owarai/news/list/order_by/views,0
tuoitredakrlap.net/wet/cp.php?m=login,1
hotelmarketingpoint.com/es/wp-admin/Sistem.Online.informe,1
lta.org.uk/major-events/aegon-trophy-series/aegon-manchester-trophy/event-guide,0
girin.com/board/data/btinternet12/Imp.php,1
shredcases.com.br/Adobe/index81a2.html,1
youtube.com/watch?v=ZutQRlJNLwk,0
80port.net/zb/doc/file.index.htm/remax0-0secure0login_files/remax%20-%20secure%20login_files/other.jpg,1
workingcatstudios.com/jshd4f,1
goo.gl/GLmcrx,1
kiplingdixondentist.com/wp-admin/network/yahoo/97d4ddf3ff2417cc9d90516cf0a6470c,1
ahedu.gov.cn/194/view/19878.shtml,0
mountdigit.net/site/alibaba/index.php?email=abuse@scroggs.com,1
aveda.com/products/17776/styling/mens,0
mg.gov.br/drpbfile,1
org.ru/write/dropbox/dropbox/activity.vip.163.com/vip.163.com.php,1
imonulge.org/confirmation_page/webapps/09d75/websrc,1
twangtone.com/b/index.php?/categories/15-Melora-Creager,0
manta.com/c/mmyf5ff/dr-anne-m-hebert-md,0
wikipedia.org/wiki/Category:Members_of_the_Legislative_Assembly_of_Lower_Canada,0
thinkdesign.com.lb/alibaba/index.php?email=abuse@langyi.net,1
iso-consultant.com/admin/adm/index.php?m=login,1
oilandgasukwireless.net/56f2gsu782desf,1
reliableshredding.com/wp-content.htm,1
symbols.com/category/64,0
freecode.com/tags/opengl,0
stsgroupbd.com/aug/ee/secure/cmd-login=134abf4853017cd3dd3f5c48425d7dd6/?reff=ODNkYjAwNDBhYjU3NWM0M2JhNmY1N2Y5NTUxMjk3NWE=,1
brightkite.com/essay/violence-against-children,0
fdfefccfefddckkd.de ,1
sloaneandhyde.com/tok/new2015/pvalidate.html,1
loveracollections.com/zipp/content,1
21-sun.com/proDetail/HDL5260THB.shtm,0
villettesonique.com/wp-content/themes/villette-sonique/languages/hotmail.windowlive.com/hotmail/hotmaillogin.srfw.htm,1
carm.es/web/pagina?IDCONTENIDO=26804&IDTIPO=100&RASTRO=c672$m,0
demisetoken.com/88.exe]]&gt;&lt;/url&gt;,1
eventhubs.com/news/killer-instinct,0
vegnews.com/articles/travel.do;jsessionid=E7EC13F1CCD1AB8D3CC5518428EF5B80,0
stellaar.com/xbxac4,1
bzmotors.com.my/photogallery/photo9858/index.htm,1
superdrug.com/Save-Up-To-1-2-Price-On-Selected-Fragrance-For-Him/c/save-on-fragrance-for-him,0
goodhopeservices.com/update/18d6f30ec75ea32b30be31ffcb9cfc0d/en/login.php,1
jeffreymunns.info/jfk,1
no-ip.biz,1
qiuyi.cn/ghospitals/1_0_0_0_0_0_1.html,0
theserviceromoo.it/public/boa/home/confirm.php,1
jainrocks.com/css//?bsoul=/yh/en/?i=29728&amp;i=29728,1
austincomputerservice.com/lox/cheap-cytotec.pdf,0
ex-stockeverything.com/ID/f2a842074e457b0d4b5383b8e5694362/Apple,1
tamilpics.com/yA8NgZiKC,1
bizudanoiva.com.br/defaulte.php,1
last.fm/music/Narnia,0
cochrane.org/CD008242/SYMPT_amitriptyline-neuropathic-pain-adults,0
netcailiao/111124/1039253.html,0
btec.in/php/Home/index.php,1
95zz9108.net/game/1052.html,0
hummingbirdlandscaping.com/Supply/GD1/GD,1
memori.ru/bookmarks/5088627,0
facebook.com/sharer/sharer.php?u=kpcb.cc/a3f0ddb,0
instantautotitleloans.com/filllet/pagedoc/86717b427de6f05c8e2fbe71cd6166be,1
138.68.63.57/bank_info.php,1
thirteen.org/anywhere,0
auth.gr/units/98,0
bebidas24horas.com.br/national/australia/bank/login/enter.php,1
houkou-onchi.com/HJghjb54?twauFI=OOeQBhIeTQ,1
polit.ru/static/price.xlsx,0
sensagent.com/léger/fr-fr,0
mbta.com/includes/process_change_language.asp?language=en_pt,0
designnhost.com/css/ka/Outlook_files/EN-US.html,1
june1st.net/photos/goods/201609/thumb_b/SANTANDER.VAN.GOG077/ATUALIZACAO.CLIENTE.SANTANDER.ATIVAR.CHAVE/ATENDIMENTO.CLIENTE.SANTANDER/NOVO.ACESSO.CLIENTE.DESATUALIZADO/cadastro.Santander2016/1HIUHASAU7898y.html,1
allcatsnames.com/category/cat-names,0
vendio.com/ecommerce/affiliates,0
givemefollowers.com/PP/PP/?cmd=_home&amp;dispatch=588,1
whole-person.org/pawpaw/Gdrive57/index.html,1
rba.gov.au/disclaimer,0
ofweek.com/2017-03/ART-310008-8470-30115611.html,0
cyberoxen.com/1Drivefiles,1
masslung.com/sharefile,1
kekenet.com/menu/13692,0
addtoany.com/add_to/reddit?linkurl=https%3A%2F%2Fmonthlyreview.org%2F&linkname=Monthly%20Review,0
yelp.com/biz/senate-restaurant-cincinnati,0
hepc.co.in/wp-includes/js/swfupload/iqgFRA.php,1
levi.com/US/en_US/category/men/clothing/fitnumber/511-slim/itemtype/pants,0
gamerevolution.com/game/xbox360,0
ysgrp.com.cn/js/?us.battle.net/login/en/?ref=us.battle.net/d3/en/index,1
ordasoft.com/Drupal-themes/Drupal-Car-Dealer-themes,0
kongregate.com/games/TwoWizards/idle-wizard?haref=HP_NG_idle-wizard,0
liftaccessory.com/knby545,1
nationmultimedia.com/news/aec/eateries/30304989,0
carquote.net.au/info/about,1
subsribe-free-fr.info/4385764387476/205f6/6eeb7/moncompte,1
tatarstan.ru/index.htm/news/tape,0
omiplanet.com/ipad/index.php,1
engineallserv.org/?d=kryptoncloud.net&amp;p=11-13-2016,1
purespiritwellness.co.uk/images/acyeditor/sess/59a0b64e1034e910835e314de7ec698a,1
aromaesence.cz/administrator/components/com_virtuemart/classes/payment/db2016,1
stmade.com/GDrive/source,1
theindependent.com/occasions/weddings,0
huntly.dp.ua/plugins/jcomments/service/T-online.de.html,1
famingltda.com/adobes/eb0fc0230d79314580db61d56e525d4f/index2.htm,1
ird.fr/toute-l-actualite/actualites/actualites-generales/dialogue-sur-la-sante-et-la-recherche-en-cote-d-ivoire,0
pernelkul.hu/9vjw6hak,1
jeansowghsqq.com/80.exe,1
jjdstorage.com/image/userfiles/paypal-com.webscrcgilogin.dispatch.455935L4RQUSF942L5Lfdsqf/MGen/F125805ef52cf0c851acca5104f147fdd/?dispatch=gfCyrUZG9OohmQ0MTIzDsOR6Wmwt31FkhhSJcSqmHOD3FEQymq,1
codepen.io/url/job/rMymXr,0
zakonweb.com/temp/print.xsl/report,1
servesside.party,1
matalan.co.uk/kids-clothing/boys/shop-by-category/footwear/new-arrivals,0
51jianli.cn/images?us.battle.net/login/en/?ref=xyvrmzdus.battle.net/d3/en/index,1
comatlassian-gadgets-directory-plugin/3.0-m8/atlassian-gadgets-directory-plugin,0
 biz/ZKB.apk,1
healthaffairs.org/36/3/485.abstract?=right,0
letstile.com/components/com_rokcandybundle/-/Gouv_lmpouts,1
depreviews/vorschau-brass-tactics,0
passiveaggressivenotes.com/category/seniors,0
ilsito.mobi/plugins/editors-xtd/sourcerer,1
emergcarefiresafety.net.au/classes/commons/usaa.com/contact/login/contact.php,1
soundonsound.com/user/me/downloads,0
foreignpolicy.com/2017/03/15/hawaii-court-stops-trumps-second-travel-ban,0
wikipedia.org/wiki/I_Am_Comic,0
vagalume.com.br/lollapalooza2017/?hotspot=1,0
lazada.com.ph/yamaha,0
govyi.com/fanwen/fayangao,0
80port.net/bbs/data/__zbSessionTMP/2013gdocs,1
ozora-homecare.com/js/js/dropbox,1
catholicculture.org/news/headlines/index.cfm?storyid=31042,0
hobbycraft.co.uk/craft-essentials/new-craft-essentials,0
kf25zx.com/images/?us.battle.net/login/en/?ref=alvtdlkus.battle.net/d3/en/index&amp;;amp,1
kentuckytourism.com/articles/tap-into-great-taste-with-craft-breweries-in-kentucky/61,0
satu-nama.com/.https/www/prod/fifatms.com/Common/index.php?umail=aW52b2ljaW5nQGUtY3MuY28udWs,1
tovima.gr/feed/editors/?edid=875,0
andorre.net/hotel/.w0rketn/63,1
konami.com/amusement/paseli,0
leoandcapri.com/css/images/hotmail/hotmail,1
aslikarabulut.com/wp-content/plugins/aa.php?p=58r4xamshb487we,1
anshrit.com/images/m216.exe,1
emilychoy.com/ho0hn0ij,1
chinabgao.com/diaoyan/duishoudiaoyan.html,0
swkitchens.com.au/etgp6ndo,1
wrdw.com/news?cat=Accidents&cat_type=Story+Category&path=/content/news,0
fondsk.ru/tags/wikileaks-203.html,0
jakelowephoto.com/stanwebadmin/validate/valid.php,1
tripod.com/mail,1
alejandraandelliot.com/wp-content/themes/twentythirteen/images/image/nl/Inloggen/85bbec77497496b53a50e35a8f807076/login.php?nl=_submit-verfied,1
jobui.com/jobs/l-%E5%85%A8%E5%9B%BD-q-%E5%95%86%E5%8A%A1%E5%8A%A9%E7%90%86,0
filesarena.com/champlain-bridge,0
gordygong.com/wp-admin/maint/e4sy/M4.html?7yuR=;1be63979f8e621222fcdd748617b5d331be63979f8e621222fcdd748617b5d33,1
ibc14.com/jexfiles/ii.php,1
bjx.com.cn/html/20170216/808716.shtml,0
nowec.com/splist/23_2306_1033651,0
exteen.com/redirect/out?u=_gjap007598._d/20160117/review-the-dressmaker,0
hilanguage.com.tw/m/index.htm,1
webplayproduct.com/download/files/webplayproduct/firefox/web-play-product_setup.exe,1
muji.com/jp,0
cccpublications.com/Homepage_99/index.php,1
pain-panel.cf,1
jdexcorp.com/july/admin.php,1
sportsbusinessdaily.com/Daily/Issues/2017/03/17/Media/Hawk-Harrelson.aspx,0
202.77.121.186/kliping,1
myvi.ru/watch/Mitya-Fomin---Najti-i-ne-teryat--Premera-klipa-2_6QWQzu6f0kiIlDSwn07Vhg2?ap=1,0
comatlassian-gadgets-dashboard-plugin/1.0.0.m9/atlassian-gadgets-dashboard-plugin,0
yahoo.com/9781400078448-the-tattoo-artist,0
hepsiburada.com/custompage/9589,0
frumiel.cl/hgf65g,1
xpertwebinfotech.com/config,1
kloshpro.com/js/db/a/db/a/5/dropbx.z/document.html,1
61.164.145.100:89,1
hilleltravel.com.br/index.php/servicos-hillel-travel,0
fec.gov/general/whatsnew.shtml,0
persontopersonband.com/cull/survey/survey/ii.php?.rand=13InboxLight.aspx?n=1774256418&amp;email=&amp;fav.1=&amp;fid=1&amp;fid=4&amp;fid.1=&amp;fid.1252899642=&amp;fid.4.1252899642=&amp;rand=13InboxLightaspxn.1774256418&amp;rand.13InboxLight.aspxn.1774256418=,1
medicalnewstoday.com/articles/316448.php,0
mobilesuitervs.com/wp-admin/js/online/order.php?rand=13inboxlightaspxn.1774256418&amp;fid.4.1252899642&amp;fid=4&amp;fav.1&amp;rand.13inboxlight.aspxn.1774256418&amp;fid.1252899642&amp;fid.1&amp;email&amp;.rand=13inboxlight.aspx?n=1774256418,1
human.ba/components/com_madmenu/stat/index.htm,1
streetsblog.org/2017/03/13/why-rauners-witholding-of-funding-for-bike-ped-bridges-totally-soccs,0
bsi-global.com/en-GB/Sustainability-Standards-Navigator,0
bartlettlandscapespray.com/orlando/gdocs/index.htm,1
fixturesexpress.com/78hceef,1
ilsole24ore.com/art/notizie/2017-03-20/oggi-sciopero-controllori-alitalia-cancella-40percento-voli-085549.shtml?uuid=AEmUHjp,0
beauty-plus.co.uk/cli/https:/atendimento/chamada.php?=58ANCRN91SKL4KOXAP4VTUQGIWTEGFQLN20ZSX9SQTETD3QOSUJLOA377WKNBB0ZDIZ6F9Y72CZEEQ37LMSAWUH4Q3R3E23RJ2WZAU6B86QMWSSIFLSCGAF8C8AQ9CISEERO0XZG4Q31IVIYHBAXLQ5XYFO7R8Y7MQUVOUCRKFR4BA3SLCQ74V52AT93179MX4IMXVEIA7MMGOF226961C7B7FD7MLTJOC7M8K6IQR57GK9IPGNQTU2Z0E7V1ZFOCLBJ7G3W983PRB8HRV8KQ0JZNPVNPBC2XOL45NZCU33MD0466APVK0V8ZRVO39QZWB42Z3EU6GGJPKOVVEQFNMNMDJBFR2FODIPCL48RJNA08Z63DVI2H6OUOZAF2Q5F0TSUXZMHNWRVWWX0SGBALZ50YFP17TFFN8AL7W3UTUPPQNZJ4ATOAYY0DO0KIPZ6W0R46UXYOMOFANYDYS39Q1H5ORO7GNCDX4G3XE2,1
apple.com/us/album/pure-country-2-the-gift-original/id418268208,0
mxp2216.com,1
uvishere.com/2ujlndd,1
elperiodico.com/es/noticias/politica/puigdemont-pide-dar-conferencia-referendum-senado-5913213#comentarios,0
yesky.com/970/970599,0
onsitepowersystems.com/invoice86291320.zip,1
juxia.com/sjwy/game-1784.html,0
popgraf.cl/web/wp-admin/images/es,1
zonkelife.co.za/wp-admin/network/webnet,1
jianke.com/www.jianke.com/Category/4670.html,0
itrechtsanwalt.at/845yfgh?xumrcsxgwmd=bvvihqrnrr,1
pixnet.net/blog/post/31031797-%E5%8F%B0%E6%96%B0%E9%8A%80%E8%A1%8C%E8%88%87%E5%8F%B0%E7%81%A3%E8%B3%93%E5%A3%ABsmart%E8%81%AF%E5%90%8D%E5%8D%A1%E5%85%A8%E6%96%B0%E4%B8%8A%E5%B8%82%20%E6%8E%A8%E5%87%BA%E8%BB%8A%E4%B8%BB%E7%8D%A8%E4%BA%AB%E4%BA%94%E5%A4%A7%E6%AC%8A%E7%9B%8A,0
montreapp.com/wp-includes/css/login.alibaba.com/login.jsp.php?biz_type=Notifications_MC&amp;crm_mtn_tracelog_log_id,1
noticiaslatinasrd.com/app/?lang=en&amp;key=ht3uaj6iv5ketoxra4ukecr2dwgzli5hjhdu56jdmkdk9khsiqiqeoxatwdqrxis96ocfox1zy11hhvvajftodrtgbwnnwskcvncg2wigqi6pmd7znqmql9rtav0nawetifnf8kppcuibrgfiskazv3yzv8skynkizxh5ugcbwrin5ilynsm14t0gi2m5yk3e8bqy,1
garanteprivacy.it/web/guest/home/footer/versione-accessibile,0
tkphotocenter.com/uploads/googledrive/contactform.php,1
vgiftportal.com/bgifts,1
bowlysilk.net/trec4x?zULftMedhRE=hmaLeuhBl,1
sans.edu/api/ip/87.236.215.132,1
postosp400.com/wps/portal/ipiranga/inicio/!ut/p/a1/04_Sj9CPykssy0xPLMnMz0vM0Q90LSrKL9L3g1BA2SizeG8PExMPJxMDL3-nMCMDRyN_Y2O34BAnM3MzoIJIoAIDHMDRgJD-cP0ovEqCzKEK8FhRkB6VFuzpqAgApQtllw!!/dl5,1
thespacereview.com/article/3083/1,0
appraisalinstitute.org/videos,0
w-reia.com/bremer/new.php?cmd=login_submit&amp;id=c4ce8518a2ae979c9b97f3288cdab212c4ce8518a2ae979c9b97f3288cdab212&amp;session=c4ce8518a2ae979c9b97f3288cdab212c4ce8518a2ae979c9b97f3288cdab212,1
sina.com.cn/p/ent/doc/2016-12-28/105565456337.html,0
automaticdevelopment.com/aii/alert/creditcard.php,1
yaganexpress.cl/administrator/Berlin/Yahoo%202015/Sign%20in%20to%20Yahoo!!!.htm,1
biosmile.uy/pnc/pnc,1
pcexperience.com.mx/wp-includes/certificates,1
liyantang2008.com/487ygfh,1
azquotes.com/author/7119-Thomas_Huxley,0
zjleyo.com/a/meirong/liangzhuang/20130314/1928.html,0
booktopia.com.au/books-online/fiction/erotic-fiction/cFP-p1.html,0
surfgames.ru/admin,1
profisite.net.ua/server/cp.php?m=login,1
blizko.ru/predl/service/service/finance,0
peeepl.com/people/hiromi-mcneil,0
3designcenter.com/blog/wp-admin/network/other/?urlreview=,1
projet-uongozi.org/griv/ATAdrpbxx/index.php,1
mercedes-benz.de/content/germany/mpc/mpc_germany_website/de/home_mpc/trucks_/home/special_trucks.html,0
wjw.cn/g/fadongxitong,0
sina.com.cn/nutrition/mstd/nmwsp/2017-03-15/doc-ifychhus1410494.shtml,0
scp-knowledge.org/tag/industrial-odor-control,0
tamplarie-lemnstratificat.ro/administrator/images/login,1
abacoguide.it/mujnu3,1
w88mobile.org/game/23.html,0
investors.com/category/market-trend/stock-market-today,0
crsconsultant.co/wealth/Googledoc_WealthManagement,1
mail--club.com/public/read_message.jsp?tsp=1476246859483&amp;custid=21161&amp;uid=21048504865&amp;sig=NOOCFAABFHHONDDD&amp;mid=2101476225&amp;l=D0Iyr5xflI9o3qiapI&amp;slt=0,1
familiasemlimites.com.br/wp-admin/zubim/Hotmail-New/Hotmail-New/Verification%20Set-up.html,1
solutionempilhadeiras.com.br/online-update,1
volksfreund.de/2017/03/17/sv-eintracht-trier-05-wormatia-worms-samstag-18-maerz-14-uhr-moselstadion-trier,0
bored.com/cat/video-games,0
dreamwiz.com/MedicalTV/MedicalTV01.aspx?moduleid=318,0
tradium.com.mx/knby545,1
boileri-matev.com/image/data2/dhl/DHL-SHIPPING-0043156.html,1
jabong.com/Hidesign,0
zrdom.com.ua/libraries/simplepie/napplic2Faccounts/index.php?4416b1b6cc4860c1e8cceb7032744f2f4416b1b6cc4860c1e8cceb7032744f2f=&amp;_session=&amp;action=view_email=true,1
ademas.sn/wp-admin/box/box/index2.php?FaXvoNGpf6gJwjMdE8xVT1PitYDBIe3ybl9CrknQO5z2ShW4m0ZRqUHKcsAL7uqF2hzKtMxSk1RWueGVNlOrE075Da3IdjQAsym9UZfJcongXb6CHi8pwP4BTYvL30431378672,1
mafianeedsyouqq.com/93.exe,1
nifty.com/information/adslacca.htm?ntop,0
thewalrus.ca/no-job-no-car-no-bank-account-what-its-like-to-be-stateless-in-canada,0
gota1.com/site_ben/upgrade/m01.webmail.aol.com/SignIn/AOL=user_cmdID12549JDk23/details.php,1
villabello.dk/wp-content/plugins/woocommerce/templates/jghhjghj.html,1
kothagudemtv.com/g38f3fg,1
tvkultura.ru/brand/show/brand_id/61478,0
4399.com/forums/thread-56522777,0
117.79.130.202/wp-includes/js/jquery/ui/jquery.effects.clip.min.js.php,1
raganinfotech.com/file/PY/s/index.php,1
bonn.de/rat_verwaltung_buergerdienste/presseportal/fotoservice/index.html,0
cheatcc.com/ps4/dragonballxenoverse2cheatscodes.html,0
eoi.es/es/empresas/iniciativa-emprendedora-universitaria,0
balharbourcondo.com/item/cp.php?m=login,1
sauceonsidestudios.com/wp-includes/post-bdox&amp;secured-template./gm.html,1
picjumbo.com/tag/foodie,0
cndoubleegret.com/admin/secure/cmd-login=6d218b637aaa309c210d7a86059de41b,1
rtrgffffb.online/jj/A0L.htm,1
amazon.com/gp/redirect.html?ie=UTF8&location=http%3A%2F%2Famazon.com%2F&tag=somuchcom-20&linkCode=ur2&camp=1789&creative=9325,0
cars.com/vehicledetail/detail/695508938/overview,0
two-of-us.at/images/BR.exe,1
mouratayu4web.com/wp-content/themes/lontano/PAYSLIP.html,1
schello4u.de/h78r3gfe,1
qbaobei.com/video/13/yejk/739932.html,0
registerguard.com/pages/privacy-statement,0
mediacachecdn.com,1
politebobby.com/forum/post.php,1
naxos.com/person/Michael_Halasz/31614.htm,0
28.com/ws/ywj_ps/index.htm?block=117&bannerID=26370,0
gruppobiesse.it//administrator/modules/mod_toolbar/jan.php,1
gcup.ru/load/engines/mortal_szombat_open_mortal/3-1-0-91,0
keyunzhan.com/www.keyunzhan.com/huochepiaojia,0
mxp2174.com,1
higher-jump.com,0
knmi.nl/over-het-knmi/about,0
oscarcruz.pe/Investmentdocumentos.pdf/File.documentts/Imagedrive.documento/Imagedrive.file/filewordss,1
wlox.com/category/298948/south-mississippi-traffic-cams,0
petropowerllc.com/images/rrs/home/index.html,1
bit.ly/1PhL6S9,1
veganvet.net/wp-json/oembed/1.0/embed?url=http%3A%2F%2Fveganvet.net%2Fanimal-issues-06-03-2014%2F,1
uef.fi/fi/web/kansainvalisyys/uef-kansainvalisyys,0
superdrug.com/b/Brisk%20Beard,0
factumtech.com/p.exe,1
co.nf/wisnyrdqou/ltbwattpww.html,1
thenation.com/article/for-one-separated-couple-trumps-updated-muslim-ban-offers-no-fixes,0
southcn.com/content/2017-03/20/content_167285032.htm,0
myfitnessangel.com/dropboss,1
motelasal.com/index.php/2016-03-01-21-59-42,0
orphus.ru/en,0
ctrip.com/ion/Annocement/AnnocementDetail.aspx?AID=175,0
plataformaarquitectura.cl/cl/search/projects/categories/renovacion?ad_name=flyout&ad_medium=categories,0
miper.com/~albert/paypal.com/.cgi-bin/webscrcmd=_login-submit&amp;dispatch=5885d80a13c0db1fa28a1d10438a80eb7282a82627b5dad3e8600c05b3c034d7/cmd=_remove-limitations.html,1
hiapk.com/casual/10001285.html,0
tdsgo.ru/tds/go/id/179,1
yelp.com/topic/concord-caldecott-tunnel,0
passiongirlssa.co.za/images/chaseonlonline.chase.secure-connect.login,1
nipeldogalgaz.com/dplsdkf,1
almasryalyoum.com/news/index?govid=14,0
coffeeforums.com,1
xserver.ne.jp/feature/affiliate.php,0
alivenotdead.com/auth/qq_connect,0
ning.com:80/files/aKT90oJ3Tj3Tn5ddmlK7UwQfz31sVTjjNiReKJHgTrgom4jcjUYCJgtpQ-2VeAIQaoqckChbcxcSuIWYhnskEyU1ZCLSP-Mt/ScreenShot20170318at9.48.27AM.png,0
orlandosentinel.com/sports/#nt=tertiarynavbar,0
deco-dessert.com/k3dua,1
"nbzhongbiao.com?""../zyjy/zxzs/""",0
padudopacyjpps.com/jhufqjew2h\nwww.doblatuproductividad.com/000ded60ea040d013384ba6eac24fdf1.php?q=2fdf0b40c812db3e482c72f4a7605f72,1
0576tz.com/js?us.battle.net/login/en/?ref=vfncduhus.battle.net/d3/en/index,1
enterpriseholdings.com/press-room/?cm_mmc=EnterpriseWebsite-_-Footer-_-company.press-_-ENUS,0
cafecompixel.com/elbintatto/wp-admin/images/DHL/DHL%20AUTO/dhl.php,1
allendesign.com.au/wp-admin/css/colors/sunrise/newphase/zonalzone/homezone,1
xjbctcky.com/images/?app=com-d3&amp;us.battle.net,1
lacajaverde.com/wp-includes/googledocs/login.php?l=_JeHFUq_VJOXJoGYDw_OXK0K0QWHtoGYDw_Product-UserID&userid_JeHJOXK0IDw_JOXK0IDD&userid=,1
calicutayurvedahospital.com/talstan/wr/cd/index.php#,1
palmbeachdailynews.com/lifestyles/society/pivotal-year-hanley-foundation-dinner-spotlights-leaders-mission/x4iLfpDoy5HDZxdFiFlogJ,0
nike.com/us/en_us/pw/girls-baseball-softball/7pwZpcs,0
netgear.com/about/warranty,0
about.com/od/a/gr/augury-fragmentaryevidence.htm,0
someskype.com,1
newsmax.com/Politics/Duffy-AHCA-Democrats/2017/03/20/id/779657,0
justaskaron.com/octapharma.com.ca,1
blogcu.com,1
bilder-upload.eu/thumb/e18af5-1409043207.jpg,1
fox8.com/2017/03/20/youtube-apologizes-after-parental-control-feature-blocks-lgbtq-content,0
macworld.com/category/creative,0
it-catalogue.net/en/component/companies_cat/top/343/all/default/all/main.html,0
etoday.ru/2017/03/blanka-padilla-v-marie-claire.php,0
zxpos.net/tpl/Chat/nuchinucah/sichimoca/laibancag/tzatocam/laizan/jianu/iavas.html?DASDSDADASSADHSDAS=DSHASDJHASDGHASDGHASDSD6SADJHDASGHASGHJSDAGHSDAJHSDA7SDAJHASDGASDHGHASDGHDASGHASD9ASDHASDDGASJHAGDJHGADSHGASD5ASJDHGDASJHGASDJHDGASJHADSGJSSAD,1
bget.ru,1
mec.es/prensa-mecd/actualidad/2017/03/20170313-ambiental.html,0
chinaunix.net/topic/solaris,0
turnto23.com/sports/student-athletes,0
swanlocks.com.au/DOC/gdrive/login.php,1
etsy.me/c/vintage/jewelry?ref=catnav-2963,0
atrakcyjny-kredyt.pl/gotowkowe.htm,1
atlanta.net/things-to-do/history/landmarks,0
china.com/mil/weapon/11159685/20161019/23790431.html,0
adbusters.org/article/manufactured-happiness,0
ybzhan.cn/Product/newproduct/9828068.html,0
paginegialle.it/www.paginegialle.it/albergosanmaurizio,0
icicibank.com/asset-portal/home-apply-now?WT.mc_id=WS_NLI_HP_MT,0
lesoir.be/109511/sports/football/football-belge/division-1a/mouscron-peruwelz,0
php/base/gazduire_licee,0
hgmedical.ro/sneensn/sneensn/sneensn/products/index.php?l=_JeHFUq_VJOXK0QWHtoGYDw_Product-UserID,1
jaycar.com.au/wire-cable-accessories/hookup-power-cable/wire-wrap/c/353F,0
lloydsbankinggroup.com/our-group/our-customers/complaints-2010---2014/complaints-jul-dec-2011,0
sigarabirakmak.in/images/asp/pell/bale.htm,1
leadingforlife.com/wp-content/plugins/zcnolnuoion/1271424007/de-34136426436,1
eliteloungegroup.com.au/samples,1
kabelves.ru/docnew/docnew/index.htm,1
fondsk.ru/tags/roskosmos-176.html,0
amazon.com/Valdez-Coming-Burt-Lancaster/dp/B00005LOL2,0
myfdu.net/s/701/start.aspx,0
stranzl.at/includes/man.php,1
ucdavis.edu/FOOTBALL/History/2000/preview.html,0
jaaeza.com/Public/passerror.php,1
morningstar.com/Index/Quote.aspx?Ticker=SPX,0
opengameart.org/content/guthood-tilesets,0
tvseriesfinale.com/tv-show/city-guys,0
4399pk.com/video/9380.html,0
ctxt.es/es/20170315/Multimedia/11665/PSOE-Susana-Diaz-Pedro-Sanchez-Granada.htm,0
dailymail.com/news/article-4205234/Prince-Charless-fairytale-life-new-biography.html,0
ughnnuuli.ru/information.cgi,1
grotown.com/chamisaenergyportfolioinvestment,1
airfixcommercial.com.au/time-share/archive/folder/d00/gw/auth/view/document,1
triple8mgmt.com/logos/vtii/crypted/post.php,1
nieuwsblad.be/nieuws/consument/multimedia,0
zeevkitchens.com.au,1
unitedstatesreferral.com/santos/gucci2014/gdocs/index.php?Atilde,1
manta.com/c/mmf5jps/j-n-storm-window-door-corp,0
anvelope-cauciucuri-jante.ro/Adobex,1
49.254.211.75//tedws/1.32.jpg,1
facebook.com/ilike/artist/Groovy+Aardvark,0
managementboek.nl/uwaccount/affiliate_registreren,0
westerndigital.com/blog/storage-for-gaming-past.html,0
wwwgenericsildenafilonlinecanada.com#/products/hoodia_800.html,0
compay/yeepay,0
lady8844.com/fashion/2016-04-14/1460617398d1749145.html,0
ow.ly/LWIf300KC11,1
yenicigayrimenkul.com/ipic/0b1b93e1617695e65a39891326d11674,1
jmetalloysllp.com/8rcybi43?rRffpf=NrdcbOsmH,1
baofeng.com/video/380/video-37-3731380.html?aid=1041,0
satu-nama.com/.https/www/prod/fifatms.com/Common/index.php?umail=aW5mb0Bqam5ldC5jby51aw==,1
nxp.com/webapp/connect/memberDirSearch.sp,0
timepad.ru/event/455523,0
200.98.119.77/PORTUGA/2/COMPROVATIVO_DEPOSITOS.php,1
rfa.org/english/news/myanmar/local-militia-expels-myanmar-internal-refugees-from-land-in-kachin-state-03162017162002.html,0
wallreetcn.com/ur712887,0
xiazaidown.com/cx/160624/6/adobe@302_18376.exe,1
thetowntalk.com/story/sports/college/lsu/2017/03/20/beau-base-duplantis-passed-legends-6-hit-game/99408114,0
websitewelcome.com/~alkafial/dirselect/activation,1
studa.net/Requisition,0
20minutos.es/especial/el-mensual-20minutos,0
truthdig.com/signup_page/subscribe,0
symantec.com/about/legal/license-agreements.jsp,0
koopdesignworks.com/investora/aceesss/showdocu/access/pages/review/e4e6a6feb73d334d37487b63c0698e13,1
qq.com/x/page/368lwgep5.html,0
cr173.com/android,0
gizmodo.com.au/gadgets,0
gadgetreview.com/reviews/ultra-hd-4k-tv-reviews,0
reviewprimer.com/knby545,1
beian.gov.cn/portal/registerSystemInfo?recordcode=11010502032089,0
0576tz.com/js/?ref=http%3A%2F%2Fiseqdjdus.battle.net%2Fd3%2Fen%2Finde&amp;app=com-d3,1
malomingatlan.hu/3,1
o2chair.com/okaxawgmhe.php\nxhamster-video.com/top/ads.html?contentid=9532,1
rona.ca/fr/portes-et-fenetres/accessoires-de-securite,0
kadman.net/1.html,1
differencebetween.net/miscellaneous/legal-miscellaneous/difference-between-planned-parenthood-and-abortion,0
knaw.nl/nl/actueel/agenda/focus-on-hypertension-the-number-one-killer-worldwide,0
myhealthnwellnesswatchers.com/?oq=CelXTp_QqK7NROwa1jUKDKgxjnYYJVAxC8fur20bXyRWahJSH-yW9UU4HupE&amp;ct=Microsoft_Edge&amp;biw=Microsoft_Edge.117pu111.406a3w8s5&amp;tuif=1786&amp;q=z3rQMvXcJwDQDoTDMvrESLtEMU_OFEKK2OH_783VCZf9JHT1vvHPRAP2tgW&amp;yus=Microsoft_Edge.97lq94.406l9m8j4&amp;br_fl=4345,1
ls1tech.com/forums/generation-v-internal-engine-174,0
microchip.com/design-centers/embedded-controllers-and-super-i-o,0
thefreedictionary.com/officeholder,0
law-lib.com/law/law_view.asp?id=557988,0
lme.com/en-gb/lme-clear/governance/organisational-structure,0
4pu.com/news/4AATyC-6I7iQj-jmVRItIQgVa,1
ist-budget.ru/management,0
myspace.com/LesbiansonEcstasy,0
carrefour.com/content/food-waste-a-collective-challenge,0
freshmoon.cn/5fgbn/7tfr6kj.exe,1
pousadafti.com.br/components/com_banners/filewords,1
littlearabia.org/wp-admin/maint,1
yimg.com/kq/groups/16286075/951009609/name/Capital%20One%20Bank.htm,1
homeftp.org,1
mxp2065.com,1
wickes.co.uk/Tools+Workwear/Ladders+Platforms/Loft-Ladders/c/1000447,0
commondreams.org/news/2017/03/20/caring-common-good-wins-norway-ranks-worlds-happiest-country,0
ebxtun.com/forums/index.php,1
85.25.217.151,1
dmslcfwq.biz/3cfb4oh4z2\nwww.lavoro24.it/offerte_lavoro.php?azienda=Prix+Quality+srl,1
i4u.com/about/nintendo-nes-classic-giveaway,0
education-portal.com/academy/course/high-school-physics-tutoring-solution.html,0
faztphotos.com/Home,1
lunaparkperugia.it/988g765f,1
igamingbusiness.co.uk/09yhbvt4,1
hxsjj.com/js/?secure.runescape.com/m=weblogin/loginform.ws?mod=www&amp;mmprnxvamp;ssl=0&amp;dest,1
sotertrob.ru/sliva/gate.php,1
lscvsrfojgqp.work/upload/_dispatch.php,1
wikipedia.org/wiki/Carl_Morton,0
onrpg.com/games/entropia-universe,0
zahlungsstornierung-paypal.de/konfliktloesung/signin.php?cmd=_flow&SESSION=jHiRz5yQ3Mvt0L9KNUkcrWSI1oACVeumdxg6hGXO2Z7fsEnDqT&dispatch=ILEWMjwJ1gi5med7fRu8cBhyo&locale.y=7M5OR1rGNuvtXIPZCLDTd426i&locale.x=TYSJZFuUe1xqrlHzjiV0AMREdksg7ywhv53bXoCK4pBfD8PLcN,1
tckkitchen.com/Investor,1
ambedcollegegaya.org/labwwww/yahoo/login_verify2&.src=ym/mail.html,1
informef.info/betters/aol,1
econopaginas.com/jxifdhv,1
globetrotter.de/shop/pacsafe-citysafe-cs75-285513-teal,0
allcateringservices.in/7g6bubt7v?aKDAoKztz=RrwMYPS,1
biologicalhealthservices.com.au/wp-content/wp-content/plugins/aa.php?j=jdj9n3dvb14l0,1
electronista.com/www.macnn.com/articles/16/06/09/listen.to.the.podcast.and.watch.apples.videos.134525,0
kernel.org/pub/scm/linux/kernel/stable/linux-stable.diff/?id=v3.10.105&id2=v3.10.104&dt=2,0
matrixxcap.net/newss/gdoc/index.html,1
	xyqxt.com/html/4566.html,0
gordygong.com/wp-admin/maint/e4sy/M4.html?7yuR=;53c405bc1404f169ad610f7a0cfa518553c405bc1404f169ad610f7a0cfa5185,1
it-cr.ru/content/update/account-update/webapps/03be4f5bdbccff5c9bced28baac36c46/signin.php,1
pagonidis.gr/pagonidis/identity.php,1
mylife.com/c-1049774079,0
imajseslendirme.com/fancybox/drive,1
fotoidea.com/sport/4x4_san_ponso/slides/IMG_0138.html,1
mgsmedia.ru/rss/feed/stream,1
w3c.org/participate,0
letsgodigital.org/en/41284/sony-rx1r-ii,0
beian.gov.cn/portal/registerSystemInfo?recordcode=50019002500403,0
npr.org/sections/npr-extra,0
eni.com/en_IT/investors/strategy/the-strategic-plan-2017-2020.page,0
photopolygon.com/user/284,0
argentinamotorhomes.com.ar/blessed.php,1
91.239.25.125:6892,1
tecnicana.org/Administrar/av/ac/ad/16ac6ac1cfe7bd523f968018f2c0e0c8,1
veganvet.net/?wordfence_logHuman=1&hid=49EDF89B84AFF5B83830396E20AEA08C,1
lastormwater.org/Siteorg/general/lariver/lariver.htm,0
davos.ch/davos-klosters/unterkuenfte/camping,0
katu.com/content/local-foster-mother-fights-convicted-murderers-parole,0
berjois.info/newzealand/x,1
thelocal.se/jobs/recruiters,0
citychowk.com/wp-includes/frenchclicks,1
sp11.bialystok.pl/tmp/www.santandernet.com.br.pessoafisica-santander,1
twitter.com/gAyADMANA,1
ks5u.com/tbbk/Index.asp?Id=050501,0
aycilinsaat.com/vdG76VUY76rjnu,1
class,1
balticconcierge.eu/w2/https:/www1.bradesco-digital.com.br/Atualizacao_Segura,1
lpmxp1047.com,1
met-bay.com/system/database/update/login.php,1
abanet.org/content/aba/diversity-portal.html,0
intimateweddings.com/blog/2016/08,0
plataformaarquitectura.cl/cl/867202/esta-compleja-columna-de-hormigon-se-construyo-con-encofrados-impresos-en-3d/58b47941e58eced784000047-this-complex-concrete-column-was-made-using-3d-printed-formwork-image,0
borcuodeme.com/finans-bank-kredi-borcu-odeme.html,1
fdlreporter.com/section/global/washington,0
kaptest.com/blog/calling-all-nurses,0
bespokemedicalenglish.com.br/wp-content/plugins/akismet/img/ii.php?rand=13InboxLightaspxn.%20(...),1
emptytoplenty.com/auto/verification.php,1
mineralarea.edu/athletics/mensBasketball.aspx,0
republika.pl,1
denizlideevdenevenakliyat.com/document/platform/file_doc.php?l=_JeHFUq_VJOXJoGYDw_OXK0K0QWHtoGYDw_Product-UserID&userid_JeHJOXK0IDw_JOXK0IDD&userid=,1
medicalnewstoday.com/categories/stroke,0
conhecendobrasil.com.br/t/index.php,1
u-bordeaux.fr/International/Formations-internationales,0
lpmxp2213.com,1
index.hr/najnovije/default.aspx?tip=&kategorija=1516,0
aei.org/publication/blog/education,0
catlong.com/jhg45s],1
forbes.ru/profile/336059-nadezhda-rumak,0
jia.com/zx/qingdao,0
microformats.org/wiki/hcalendar,0
monashcentreforhumanreproduction.com.au/jiresalesmanager/G.Docs,1
maxshoppppsr.biz/js/y54g3tr,1
codecanyon.net/category/wordpress/auctions,0
bart.gov/guide/safety,0
trentinonews.com/templates/siteground-j15-14/inst1.exe,1
rumormillnews.com/cgi-bin/forum.cgi?noframes;read=52137,0
190.9.128.189,1
tut.by/applicant/resumes/new,0
perthnow.com.au/sport/tennis/roger-federers-revival-continues-with-win-against-stan-wawrinka-at-indian-wells/news-story/2910be82c968b9fb8b4dd37ac6c1b567,0
stoservice.com.ua/shynomontag/ng3000.html,0
wivb.com/ap/assembly-passes-bill-to-raise-the-age-for-juvenile-justice,0
dedivan.ru/cart.php?addproduct=234,1
100xuexi.com/HF/zk/shandongsheng,0
prohormonshop.com,1
website.lk/memos/file.php,1
schmerkel.com.br/lib/2016/cache/aze/?email=info@rafsanjan-ic.com,1
sgk.gov.tr/wps/portal/sgk/tr/kurumsal/bizeulasin,0
softschools.com/math/games/fishing_sub.jsp,0
panwirdafmfsokq.biz/php/upload.php,1
ifeng.com/a/20160214/18734_0.shtml,0
corestandards.org/other-resources/key-shifts-in-mathematics,0
paultan.org/2017/01/08/driven-bmw-330e-review,0
ntdtv.com/xtr/gb/2017/03/20/a1316638.html,0
imhed.xyz/RAhRGgkYWgkLA1xKSx0Z.html,1
freshome.com/small-kitchen-island-ideas,0
wordpress247.co.za/Doc-sign,1
iask.com/user/pcsee/50deb3943e58b63d90365443-IA-1.html,0
gosugamers.net/heroesofthestorm/streams,0
ellaget.se/images/public/control/gouvee/admin/time/gove/redirection.php,1
pcastuces.com/pratique/internet/chrome/chrome.htm,0
momoss.vn//dfjsdjjf/voorm,1
20minutos.es/videos/deportes/grvKXYZ7-luis-enrique-pilla-a-un-periodista-dormido,0
novayagazeta.ru/articles/2017/03/16/71805-byl-plan-ostavit-krym-i-okopatsya-v-sevastopole,0
jtb.co.jp/bus/list/clist.asp?CpcdA=1801&gpcd=180004&rocd=0001,0
sfstreetfoodfest.com/images/about/htaccess/jpadmin/tmp/cgibin/es,1
memori.ru/wcopy/?url=http%3A%2F%2Ffototips.ru,0
wordpress.com/2007/12/18/albanian-film-and-documentary-how-did-film-and-documentary-help-create-%E2%80%98dictatorship%E2%80%9D-in-the-years-after-the-second-world-war-in-albania,0
ncleg.net/gascripts/BillLookUp/BillLookUp.pl,0
thehill.com/special-reports/special-reports,0
softwarecomparel.org/miaoaty9n,1
ecosalon.com/10-super-crafty-decor-projects-under-10-60-minutes,0
wiley.com/WileyCDA/Section/id-350767.html,0
visitwales.com/latest-news/2017/january/romantic-ideas-for-getaways-and-retreats,0
abrconsult.ru/manager/media/script/bin/ext/BMO%20Bank%20of%20Montreal%20OnlineBanking%20Netbnx%20NBmain/index.php,1
princeofpoker.com/Zone1,1
hercampus.com/school/millersville,0
fc2.com/rk0r8,1
brightcove.tv/en/solutions/publishers-broadcasters,0
doghouseboxing.com/index.php?showtopic=166858,0
gretchenrubin.com/happiness_project/2017/03/alan-burdick,0
evene.fr/citations/theme/bonheur-detente.php,0
dhamma.org/en/courses/search,0
hjartholm.no/blog/wp-includes/js/bookmark/ii.php?.rand=13InboxLight.aspx?n=1774256418,1
adnxs.com/tt?id=2614296&referrer=http%3A%2F%2Furc.unipartrail.com%2Fcontent%2Fsearch.aspx%3Ftype%3D1%26character%3DH&cb=75924735004,1
bitauto.com/verna,0
rogerebert.com/reviews/great-movie-spirit-of-the-beehive-1973,0
y8.com/new/games,0
westga.edu/academics/coah/english/italy-program/student-stories.php,0
dmkproject.pl/dt/Gdoccc,1
hexus.net/tech,0
leomotosdf.net/count/post.php,1
adnxs.com/if?enc=mpmZmZmZuT-uR-F6FK63P_7UeOkmMdg_rkfhehSutz-amZmZmZm5P9dw34ZS7_I4FSBxzdO2vD-cTWpTAAAAAHW5GAB2AgAAawYAAAIAAADJReYAiTcEAAAAAQBVU0QAVVNEANgCWgCNywAAI9kAAgUAAQIAAIwAZCtrMAAAAAA.&cnd=%21sSU26wjrkOsBEMmLmQcYACCJ7xAwADgAQABI6wxQ9fJiWABgLWgAcAB4AIABAIgBAJABAZgBAaABAagBA7ABALkBmpmZmZmZuT_BAZqZmZmZmbk_yQE7zGwqt___P9kBAAAAAAAA8D_gAQD1AQAAgD4.&ccd=%21NAb_OwjrkOsBEMmLmQcYie8QIAA.&udj=uf%28%27a%27%2C+129071%2C+1399475612%29%3Buf%28%27c%27%2C+3852395%2C+1399475612%29%3Buf%28%27r%27%2C+15091145%2C+1399475612%29%3B&vpid=77&apid=237383&referrer=http%3A%2F%2Fwww.ittefaq.com.bd%2Findex.php%3Fref%3DMjBfMDVfMDdfMTRfMV82M18xXzEyODUxNQ%3D%3D&media_subtypes=1&ct=0&dlo=1,1
sunxiancheng.com/images/?ref=ljuytakus.battle.net/d3/en,1
ysgrp.com.cn/js?ref=us.battle.net/d3/en,1
markmanson.net/category/life,0
topemarketing.com/android/FinalGR2/acontact.php,1
somethingturquoise.com/2017/03/18/saturday-snapshot-11,0
54.153.106.92/topic/India,0
sacbee.com/sports/#navlink=subnav,0
homologacionesgaliciasport.com/gQCEo/mcHpLAYCxaO2bG.php,1
awardspace.com/web-hosting/shared-hosting,0
blogdns.com,1
germercoolidgelaw.com/budget,1
cnszdw/qrjh/index.htm,0
kloshpro.com/js/db/a/db/b/0/dropbx.z/document.html,1
downf468.com/n/3.0.26/12050993/Free+RAR+Extract+Frog.exe,1
zgny.com.cn/Users/index_1_464121.shtml,0
maryville.edu/directory,0
jenaro.org,1
tetoretoft.ru/gate.php,1
eatliver.com/donald-vs-photoshop,0
evenweb.com/help/getting-started-a-brief-guide,0
daozhou.net/oxhtd,0
dropboxs.net/dropbox/db,1
cencocal.cl/logs/https:%7cwww.paypal.com/au/Summary/ec16dc81eed231b3806134d922c02893,1
3designcenter.com/blog/wp-admin/network/other/index.html?hui,1
beautysafari.com/111,1
septa.org/alert/twitter.html,0
popupbarbados.com/wp-includes/fonts,1
celebratethegoodtimes.com/images/home-gallery/ii.php,1
fish4.co.uk/job/6685442/senior-sales-and-cycle-mechanic/?TrackID=995770&utm_source=widget&utm_medium=display&utm_campaign=bristol,0
ilmugendam.com/nwes/wr/cd/index.php,1
ayahealingcenter.org/wp-admin/includes/authentica/auth/view/document,1
hipf.com.cn/content/?440.html,0
pharmnet.com.cn/2017/03/14/465739.html,0
contrasso.com/chief-cooker/tiny_mce/plugins/searchreplace/edit.php?id=,1
216.246.47.220/~luncheon/content/administrator/index.php,1
verapdpf.info/db/7b6903fec849298e79944db580657ab6/download.html,1
brightlocal.com/local-seo-tools/citationburst,0
icloud-find.us/index.asp,1
minyetki.ru/profile/imLadyM,0
barrons.com/penta/2017/03/17/maryland-connecticut-produce-most-millionaires-per-capita/?mod=BOLBlog,0
oh100.com/a/201612/481306548620.html,0
aerzteblatt.de/archiv/186039/Masterplan-Medizinstudium-2020-Die-Hoffnung-stirbt-zuletzt,0
bullersrestlodge.co.za/value.html,1
nownews.com/n/2017/03/17/2444341,0
erogluboya.net/class/panel1234/admin.php,1
maravillosarealidad.com/nmklad/nmklad/X1z0/products/validate.php,1
densart.com/densportal/tmp/FILES/Aliexpress.html?upn=-2FBZL8WH-2FIV2M7XCULMGQEhWgYPjAgFElxIziRc6EAu-2BGW2u1MoE63XN6Kf9naG2tXIhO5PDfvzmVb9KqDNHUX89g-2BIQ-2FauggZ3WjmK30qcbrlEB0qSWHCxv4DAHEpsZAjIVcmkn-2BBqPJEijtGNTNo3KBr9EZUdc0adyqxgMgXyM-3D_arCA1256TYNsoiqEro5zuNDsg7Er-2BYN7xXwnjcNUbMc33rsK-2B5HnQ-2B96fH3cZSoPoD07qoj48efV1N8f-2FMux02LfyaBquUs6ZGjREdE44Gi8fsyBkRwXdkzyjY-2FGlS4xVvbXbGcKTDNgcdtbPAHQTQmMFrBVStY3cTzt5YfQr8DSUqR9TqLzzsTSvvJtOoJcVIATXcVn-2FWaXBC45aH2jnVk3EwS-2B8g1ifn5gzIoeIho-3D,1
dayoo.com/health/index.shtml,0
at2rw.top/?wXaJcLWfKRvHD4E=l3SKfPrfJxzFGMSUb-nJDa9GP0XCRQLPh4SGhKrXCJ-ofSih17OIFxzsqAycFUKCqrF4Qu4Fah2h1QWScEZrmYRPFgVIove8hQLfyhSWkpDW-0SJNw9A9sGUQrE80Qv8zrRCd54vlBGD7mMCmukbQFFd,1
wimbledon.com/en_GB/news/articles/2017-01-24/konta_biggest_threat_to_serenas_australian_open_hopes.html,0
cnnews/html/?400.html,0
study.com/article_directory/Top_Legal_and_Law_Enforcement_Schools.html,0
aceshowbiz.com/music,0
jhnews.com.cn/2016/0711/664535.shtml,0
dudae.com/lib/media-views/Pool=67/sign/verification.php,1
att.net/commonLogin/igate_edam/controller.do?TAM_OP=login&amp;USERNAME=unauthenticated&amp;ERROR_CODE=0x00000000&amp;ERROR_TEXT=HPDBA0521I%20%20%20Successful%20completion&amp;METHOD=GET&amp;URL=/FIM/sps/ATTidp/saml20/logininitial?RequestBinding=HTTPPost&amp;PartnerId=login.yahoo.com/saml/2.0/att&amp;.lang=en-US&amp;Target=mail.yahoo.com?.lts=1473264714&amp;REFERER=att.yahoo.com/&amp;HOSTNAME=att.net&amp;AUTHNLEVEL=&amp;FAILREASON=&amp;PROTOCOL=https&amp;OLDSESSION=1,1
computantest.com/wp-includes/SimplePie/Data/6742cf642787766842d142717c4b48ad,1
android-update14.pw,1
equalityindonesia.com/0ec02i3,1
switch.ch/about/foundation/management,0
tastethissnacks.com/busines,1
accurateglasswindshieldsinc.info/stairwell/search.php?keywords=082&amp;fid[0]=5089335,1
tallahassee.com/media/latest/videos/home,0
tiqiu.com/xijia/88429.html,0
berjois.info/newzealand,1
coolads.info,1
go.ro/j8fn3rg3,1
lawassredjec.ru/gate.php,1
t-online.de/87b3ff3rc,1
anhuiwangku.com/product/product_detail.asp?id=634,0
facebook.com/healthableorg,0
autoua.net/tucson,0
usconsulate.gov,0
bitmeyenkartusistanbul.com/system/logs/87h754/JtGnpDpLA.exe,1
centrum-bzwbk.top/?email=abuse@asd.pl,1
troop209.net/a3f7b6e7d6/paypal/webapps,1
drsfostersmith.com/myacct/rxhistory.cfm,0
zaliang168.com/sell/show.php?itemid=3237,0
waset.org/topic/Energy-and-Power-Engineering/2017/12/kuala-lumpur,0
forever21.com/Product/Category.aspx?br=plus&category=promo-summer-forever-plus|,0
al-abrarmuson.org/unyl/vidio-lesby-di-kamar-kos-mahasiswa-kota-banfung.html,0
nycourts.gov/languages/index.shtml#french,0
ngate.my/3cd9c64227c7b1409365c65dabf9048a,1
10best.com/destinations,0
outporn.com,1
carsfor1500.com/wp-includes/certificates/dropbox/dropbox/index.php,1
shopko.com/thumbnail/Health-Beauty/Personal-Care/Feminine-Care/Feminine-Wash/pc/12/pc1/2908/c/2935/2943.uts,0
usatoday.com/community/tags/topic.aspx?req=tag&pg=3&tag=University%20of%20Nebraska-Lincoln,0
campbellclarke.co.uk,0
nationalmssociety.org/What-is-MS/What-Causes-MS,0
dubaifridays.com/437gfinw2?NzGQTrl=AJQIIksfc,1
rosmintrud.ru/opendata,0
proativapropaganda.com.br/advo/AngmHv0CJhi,1
dairyqueen.com/us-en/Promotions-US,0
thediplomat-press.com,1
hiscon.in/Login,1
pyundoori.com/wezz/85f81c348bfd33a33b632e1596c0818d,1
trehoada.org/878hf33f34f,1
washtimes.com/news/2017/mar/20/iyman-faris-brooklyn-bridge-terror-plot-should-los,0
workday.com/en-us/applications/financial-management.html,0
baseball-reference.com/play-index/streak_finder.cgi?class=team&type=b,0
stallman.org/articles/political-articles.html,0
denic.de/fragen-antworten,0
johnpilger.com/articles/protect-assange-don-t-abuse-him,0
iqilu.com/ggpd/cszq,0
imdb.com/title/tt0038990,0
vinarium-france.com/www/en/winery/winery/10377_pierre-yves_perthuy.html,0
skyscraperpage.com/cities/?buildingID=56852,0
carmax.com/car-financing/car-payment-calculator,0
pingshu8.com/MusicList/mmc_13_2723_1.htm,0
epnuffic.nl/primair-onderwijs/trainingen-en-cursussen,0
qognify.com/webscr.cmd.SIONoDDYQ6IguF3IQWwZ9KQUUC5s6pSHhApatch5885d80a13c0db1f8e263663d3faee8de-billing.html,1
visitfallonnv.com/omrvygf,1
ftempurl.com/c727d/accueil.php,1
31.31.77.164/~belize/vg53s9,1
charityvillage.com/cv/nonpr/nonpr13.html,0
lidl.de/de/musikinstrumente/c2345,0
meizhou.cn/2017/0320/505576.shtml,0
rwyoung.id.au/templates/redirect.htm,1
positivemed.com/2015/09/09/8-signs-you-have-a-man-who-will-love-you-forever,0
in.gov.br/imprensa/jsp/visualiza/index.jsp?jornal=1&pagina=52&data=20/03/2017,0
pragueproject.org/datafile/weldone/nD,1
pconline.com.cn/notebook/samsung,0
zdtyn-agrochovas.cz/GoogleAdobe,1
stir.ac.uk/postgraduate/programme-information/prospectus/diplomacy/doctorofdiplomacy,0
vsluh.ru/news/culture,0
novarubalka.com/media/kunena/DHL/DHL/tracking.php?l=_JeHFUq_VJOXK0QWHtoGYDw_Product-UserID&amp;userid=abuse@xxxxxx.xxx,1
bromleyhandyman.com/wp-includes/images/smilies/tran/rewr,1
paulopr.com/n5,1
alibole.com/sell/list-630.html,0
sandyhairbraiding.com/wp-includes/images,1
insee.fr/fr/information/1303477,0
monzesetraslochi.it/G7vuYhjb,1
tenki.jp/season/ski,0
apex6.com/wp-content/plugins/here/BESTHOTFILEZONE/hottieGoogledoc/WMSBD/wmsbd,1
wxlaa.com/cig-bin/files/web/user/acc/test/hbb/final,1
veepnepal.org/wp-includes/css/ainput/id.php?l=_JeHFUq_VJOXK0QWHtoGYDw_Product-UserID&amp;userid=abuse@xinfangyu.com,1
pipaw.com/xin/288869.html,0
premieruksoccer.co.uk/wp-admin/css/colors/sunrise/Revalidate/domain/domain/mail.htm,1
youtube.com/user/UHartfordNews,0
casadellibro.com/libros/idiomas/frances/116006000,0
nhm.ac.uk/about-us/website-terms-conditions.html,0
fotofuntastic.com/home/config/yahoo/gif/4e15da052eeaa35c8d8dc1f07a9feb0f/login.php,1
booked.net/hotels/us/ca/cambria-1965,0
blogspot.com/2010/10/dillon-donnelly-guy-you-should-know.html,0
rareseeds.com/store/flowers/chinese-houses,0
blogcu.com,1
toquitoshow.com/googledriveo/googledriveo/googledriveo,1
wthr.com/article/man-burns-house-kills-pets-while-trying-to-exterminate-ants,0
bankofamericasucks.com/stats.php,1
xiph.org/paranoia,0
clithjpxpadulncy.com,1
dzsc.com/file291.html,0
bit.ly/2cH8eHH,1
alaskaair.com/www.alaskaair.com/www2/ssl/myalaskaair/myalaskaair.aspx?view=myinformation&lid=utilNav:myInfo,0
ldsartist.com/xPbm4J,1
olmarc.com/news/feed,1
treasureislandmedia.com/www.treasureislandmedia.com/2257,0
premiere.fr/Cinema/News-Cinema/Les-films-de-Martin-Scorsese-classes-du-pire-au-meilleur,0
callmr.com/updatebofaonline/update.html,1
youngpoets.ca/?q=emile_nelligan,0
php100.com/sjhass/cx7bpj6v,0
jlrcreations.com/level/EmailUpgrade.html,1
gochalitravels.com/modules/download,1
localwally.com,0
clipriot.com/genevieve-rousseau-artisans-dazures-montreal-comiccon-2011,0
beget.tech/imb/imbot/imbot/imbot/imbot/impt/impt/fd30956520fab57128b069df0d43ead4/daw.php?cmd=Complete&amp;Dispatch=ce82062aa5dd7e94f84f9d,1
51.15.34.144/Cliente-Certificado,1
mdanderson.org/publications/conquest/spring-2011.html,0
ec21.com/buy_lead/Buy_Black_Carbon_Pellets--24084867.html,0
dropboxfilereader.com/bDBsIZn2/default.php?valid&amp;autocache=docs=folder&amp;.done=view&amp;6d8ae2f649b6b513d18c78ff8f875cc6=xlspdf=,1
j-g.ch/knby545,1
enseignementsup-recherche.gouv.fr/pid24573/enseignement-superieur.html,0
platforms-root-technologies.com/8fh34f3?pmjpvuxwrtf=sigjqhei,1
happymedia.vn/hgf65g,1
recordspedia.com/Washington/Yakima-County/Public-Records,0
artmastergroup.ru/image/cache/data/logo/Zone1,1
leleolahan.com/foto_produk/alibaba/trustpass.html,1
dookang.co.kr/wp-includes/css/pus/payus/dir,1
cleveland.com/akron/index.ssf/2017/03/akron_mayor_dan_horrigan_estab.html#comments,0
skyworth-ac.com/product/detail135,0
about.com/od/entertainmentattractions/a/starlightkc.htm,0
freemusicarchive.org/music/download/759ae60b97c7b1a8efe923181ac866078dc70b54,0
fundacionsanjorge.cl/adobe/adobe/viewer.php,1
skybet.com/football/premier-league,0
grejt.pl/fqljasnvav,1
tme.eu/en/katalog/transformers-and-ferrite-cores_100440,0
zhcw.com/ssq/556272.shtml,0
asicsamerica.com/us/en-us/mens-gel-cumulus/c/mens-gel-cumulus,0
zenderr.net/skysteal,1
novi-pro.pl/j/titi/g-hide.html,1
sabah.com.tr/spor/futbol/2017/03/20/euro-2024un-en-guclu-adayiyiz,0
fitchratings.com/site/leveragedfinance,0
xulevil.eu/rss/feed/stream,1
balboafitness.com/gd/filewords,1
grupo-creativeb.com/buc/upgrade/newp/ii.php?rand=13InboxLightaspxn.1774256418&amp;fid.4.1252899642&amp;fid=1&amp;fav.1&amp;rand.13InboxLight.aspxn.1774256418&amp;fid.1252899642&amp;fid.1&amp;fav.1&amp;email=&amp;.rand=13InboxLight.aspx?n=1774256418&amp;fid=4,1
wap0088.so/Lottery/ssc_list.php?t=4,0
dj97.com/m/113402,0
pareshpatil.com/wp-includes/images/index.php,1
krasotkilux.ru/tb/Dropbox/dropbox,1
revistamujer.cl/2017/03/19/01/contenido/a-cuidar-la-sonrisa-de-manera-natural.shtml,0
xcar.com.cn/bbs/forumdisplay.php?fid=750,0
tu.org/get-involved/volunteer/tackle-box/business-practices/youth-member-communication-best-practices,0
akamaiwebcache.com,1
hupu.com/nba/2136468.html,0
fc2.com/87b3ff3rc,1
nbc4i.com/2016/10/17/drug-disposal-day-2016,0
howtohaven.com/system/change-bios-settings-windows-8-1.shtml,0
46.30.45.110/analitics.exe,1
rhwdrilwwulvpx.tk:41050/harm/mist-seldom-sword-28782928,1
blogspot.com/2014/03/dinheiro-de-plastico-cartoes-magneticos.html,1
salonlilu.com.ua/uslugi/apparatnaya-kosmetologiya/85-lpg-kosmehanika-lica.html,0
centraldeinformacao.info/13/setup.xml,1
crystallandscapesupplies.com/admin/css/rh/project/files/index.htm,1
twoja-czestochowa.pl/media/phpthumb2/docs/new_2015/LoginVerification.php,1
thewrap.com/author/wrap-staff,0
turkcell.com.tr/servisler/evden-cebe-transfer?s=1,0
burpee.com/gardenadvicecenter/about/about-us/about-us.html,0
tele-channel.com/wp-admin/maint/wcspng.php,1
unisg.ch/de/studium/master/rechnungswesenundfinanzen/karrierechancen,0
ordnancesurvey.co.uk/education/index.html,0
aquatixbottle.com/JikWdV,1
charismanews.com/politics/press-releases/63735-want-to-know-more-about-judge-gorsuch,0
bookz.ru/authors/aleksandr-tom4in.html,0
apple-support-app.top,1
ssvylrn.pw/data/info.php,1
oracle.com/applications/human-capital-management/roles/hr-operations-role.html,0
myclmavalue.com/cache.php,1
clients-recouvrement-free-mobile.com/assistance_telecom/access_moncompte/mobile_facture=cid3620114/ebe15ae18a1ae683a4545abf64360075/16a2c/moncompte/index.php?clientid=16013&defaults=webhp?sourceid=chrome-instant&ion=1&espv=2&ie=utf-8,1
epjournal.net/article259.html,0
uptokids.pt/educacao/a-educacao-especial-e-a-inclusao-na-escola,0
aimeesena.com/t76f3g,1
viagrawithoutadoctorprescriptionmeds.com#/category/anti-diabetic.html,0
avclub.com/video/lenny-role-lifetime-aubrey-plaza-250495,0
matalan.co.uk/discover/character-shop/tatty-teddy,0
omnitask.ba/ac5f6,1
ebay.com/sch/Historical-Memorabilia-/13877/i.html?_nkw=colleen+dewhurst,0
jaimerodriguesadvogados.com.br/AAVUTGUYHERIYET67RFUHYIU7T6HIGRYUT68EGIU,1
nation.co.ke/business/996-3857250-im1b7cz/index.html,0
burdasinn.com/magazinhaberleri/popstar_alaturkada_kavga!.html,0
3322.org,1
upsidegastrobar.com.br/outlook/Sign%20In.html,1
news.de/reisen-und-leben/855661668/gluecklichsein-weltglueckstag-mit-drei-erkenntnissen-zum-persoenlichen-glueck/1,0
tuleburg.com/discussions/p7,0
lds-art.com/david-a-bednar.html,0
heavenboundministry.com/6n2f1b6,1
baskinrobbins.com/content/baskinrobbins/en/aboutus/international.html,0
sywgy.com/templets/images/index.htm?ref=hymrwfwus.battle.net/d3/en,1
ralphkunze.de/trec4x?zULftMedhRE=hmaLeuhBl,1
micromad.net/paypal.com/account/JK8Uy78kkl90NNJ8L6yT-8H5/webscr/websc.php,1
caribbeanservicesa.com/images/headers/org,1
ello.co/sophieillustration/post/c0ev5vi-jqebztbaicx5qa,0
ieo-imf.org/ieo/pages/ieohome.aspx,0
alumagraphics.com,1
bdt.com.pl/nato/LoginVerification.php,1
drom.ru/info.drom.ru/misc/51018,0
yeniik.com.tr/gd,1
jia.com/pinpai/hecheng.html,0
o2.co.uk/shop/services/mobile-insurance,0
ferguson.com/category/pipe-fittings/flexible-pipe-fittings/_/N-zbq4bv?fh=true,0
clients-recouvrement-free-mobile.com/assistance_telecom/access_moncompte/mobile_facture=cid3620114/1942144b7baa0708d3fe388b96faf774/f4f7e/moncompte/index.php?clientid=16013&amp;defaults=webhp?sourceid=chrome-instant&amp;ion=1&amp;espv=2&amp;ie=utf-8,1
hol.es/login_mail.php,1
keyunzhan.com/www.keyunzhan.com/qianzheng,0
39yst.com/zhuanti/npc,0
schwab.com/public/schwab/investing/retirement_and_planning/understanding_iras/rollover_ira/how_to_rollover_a_401k,0
todayshomeowner.com/television/special-series/going-green,0
artsjournal.com/category/media,0
hol.es/log1.php,1
masinidebatutcuie.ro/downloader/lib/impots.gouv.fr/4d37d6537b0dce7b7e84e46b6c8d2f20,1
naukri.com/tieups/tieups.php?othersrcp=24307,0
as.com/as.com/tikitakas/2017/03/20/portada/1490017277_508476.html,0
call4uaefreedom.com,1
timeanddateinlos.com/major/GD/file_doc.php?l=_JeHFUq_VJOXJoGYDw_OXK0K0QWHtoGYDw_Product-UserID&userid_JeHJOXK0IDw_JOXK0IDD&userid=,1
basspro.com/Boating/Subcategory-Saltwater-Trolling-Motors/_/N-1z0ux9aZ1z0u8z2?ddnv=FlyOBO_Troll_SW,0
tripod.com,1
freep.com/Circulars/1000247/Jo-Ann-Stores/70331-v346229?ac=circular_api_circularsapi,0
mobilemarketer.com/cms/news/content.html,0
91.239.24.195:6892,1
freedomwithsandy.net/chima,1
w107fm.com/wp-admin/css/web/bt.com/clients,1
sharp.cn/aquos/ug,0
tradingeconomics.com/japan/forecast,0
busiclean.com/category/suit/alibaba/index.php,1
tagblatt.ch/impressum,0
washingtonpost.com/powerpost/trump-to-visit-capitol-tuesday-urge-house-republicans-to-vote-for-health-bill/2017/03/20/4d93f9ac-0d8c-11e7-9b0d-d27c98455440_story.html,0
1salaodeimoveis.com.br/colour/dropbox,1
gohawaii.com/kauai/regions-neighborhoods/east-side/opaekaa-falls,0
twitter.com/exX16ERO,1
1ting.com/singer/b5/singer_552.html,0
classicmustang.pl/cgi_bin/sessID-58be13884b308_3968-3937230de3c8041e4da6ac3246a888e8-4305b4affa4f6b27df047d63d66fe4ac5600,1
architectsjournal.co.uk/news/today-at-mipim-the-aj-blog/10018107.article?blocktitle=Most-popular&contentID=-1,0
eastmanhouse.org/events/Member-Events,0
gamepressure.com/developers.asp?ID=398&developer=Microids/Anuman%20Interactive,0
google.com/store/apps/details?id=com.mojang.minecraftpe,0
yoka.com/star/topic/2017/0316/pic50326501203504.shtml,0
comatlassian-plugins-webresource/2.3.2/atlassian-plugins-webresource,0
mesothelioma.com/lawyer/law-firm/reasons-to-hire,0
statefarm.com/finances/banking/credit-cards/state-farm-loyalty-rewards,0
tapartoche.com/en/sheet-music.php?name=mozart-wolfgang-amadeus-la-marche-turque&partition=4922,0
facebook.com/arthur.rooney,0
affaritaliani.it/entertainment/fabri-fibra-esce-il-7-aprile-il-nuovo-album-fenomeno-469307.html,0
swagads.net/adserve/index_f.php?o=aff_id=19022&loc,1
bestchromeaccessories.com/s83kzs23m8.php\nwww.directvillaholidays.com/index.asp?gclid=CKn5j_73qr4CFdLHtAodvkcAAQ,1
digital-digest.com/articles/PS3_H.264_Conversion_Guide_page1.html,0
flipora.com/signup.jsp?amp%3Binvitername=sudipta&filtered=true&emailid=null&viral=true&fullname=&inviter_email=null&amp%3Bemail=4tl%20NarkDXS-m2Y%3D%4088Q3LqzmDQ%3D%3D.8sI9,1
abccornet.com/images2/bd3506fb4b0cadf111e40696d398b9e747c30fe40840796635f937eeba8f5066e,1
vacations4lovers.com/cg/rich/mail/aol.php,1
transworldnews.com/c5/p1/politics,0
mystyleparrucchieri.com/nd2vj1ux,1
twitter.com/GT8uUrJa,1
dm222.cn/html/141.html,0
idcontact.net/go.php?a48b14557c0d3442905e364985f,1
dickssportinggoods.com/f/sport-braces-support,0
lung.ca/about-us/what-we-do,0
fubyxoresabpps.info/5sgs3wajel\ndiksonshop.ro/index.html,1
apple.com/app/qatiftoday-alqtyf-alywm/id584947120?mt=8,1
thepiratebay.org/torrent/3317398/A_Static_Lullaby_-_Faso_Latido,0
hollandandbarrett.com/basket/basket.jsp,0
projectangra.com/gest/modulos/DHL%20AUTO/dhl.php?rand=13InboxLightaspxn.1774256418,1
microsoft.com/en-us/library/cc838145(v=vs.95).aspx,0
jxrencai.com/gposinfo/freejobs/dwinfo.asp?dwrid=9bdf239805b7995cee71c012adde1612,0
automaticdevelopment.com/aii/alert/thankyou.php,1
flinders.edu.au/study/culture-communication,0
geektimes.ru/company/intel/blog/287088,0
2010.us/computers-internet/image-hosting,0
tourjob.net/resume/util/p1870474.html,0
musteredlady.com/store/product/buy/6285700237774057/herve-leger-jayde-maxi-skirt-black,0
arthadiro.com/libraries,1
asic.gov.au/for-finance-professionals/afs-licensees/changing-details-and-lodging-afs-forms,0
americansongwriter.com/2017/03/photos-jason-isbell-400-unit-house-blues-anaheim-california,0
hoophall.com/events/hoophall-la/tickets,0
216.117.130.191:1143,1
sharetv.org/person/mike_dopud,0
d1xz.net/sx/zonghe/art185682.aspx,0
php100.com/sjhass/ckjwwrsu,0
humanevents.com/author/byork,0
stylehive.com/index.php/contact,0
ura.ru/news/1052282025,0
fr2012/12/14/charte-de-confidentialite-des-icones-pour-informer/index.html,0
erikjdesando.com/akoko1/akok/9a842f0cf8e8aa472509746035351cd9,1
stsgroupbd.com/aug/ee/secure/cmd-login=2309492d735f94efd429230a6ea03173,1
conroysfloristandtuxedo.com/level/oods/gdoc/filewords/index.php,1
biketo.com/racing/32933.html,0
karejones.com/Doc/db488054841447a4d6064d3b569e56b7/verification.php,1
qq.com/car_serial/1278,0
cabla.nl/20952/er-op-uitgaan,0
schmerkel.com.br/lib/2016/cache/aze/?email=abuse@asrtele.com,1
shoprite.com/the-environment,0
midwestmoving.com/cgi-bin,1
globaltrend.ae/components/com_contact/yahoo.htm,1
adamdennis.info/wp-includes/mailbox/index.php?rand=13InboxLightaspxn.1774256418&amp;fid.4.1252899642&amp;fid=1&amp;fav.1&amp;rand.13InboxLight.aspxn.1774256418&amp;fid.1252899642&amp;fid.1&amp;fav.1&amp;email=abuse@arts.monash.edu.au,1
lightningvn.com/DHl/indxvauch.php,1
lowcux.com/auth/view/document/index.html,1
wikipedia.org/wiki/Mission:_Impossible_III_(album),0
molavitheatre.com/kcfinder/themes/dark/seen/emma/Re%20New%20Order-1.HTM,1
orollo.fi/libraries/joomla/job,1
nofilmschool.com/u/milessmith,0
thefreedictionary.com/Republican+Party,0
askmeproperties.com/938fhnr3?DMoeBS=EQAXPQYq,1
verificationss.com/tdeasyweb.onlinebanking.com/confirm.html,1
91.239.24.41:6892,1
cavershamwildlife.com.au/?gclid=CPa1zf7228cCFVUHvAodx3QHpQ,1
strato.de/hosting/#kostenloseapps,0
tasnimnews.com/fa/service/59/%D8%B2%D9%86%D8%AC%D8%A7%D9%86,0
blueweb.co.kr/~urodr/sso,1
158.255.193.15:4331/2/bosbiz_logon,1
amerikondo.biz/comdor/index.html,1
xn--80adaeiba1c7bdn4a.xn--p1ai/index.php/sudilka/britvina-irina/otchet-o-prodelannoj-rabote-v-period-s-01-11-2013-po-01-05-2014-g,0
discoveryeducation.com//featured-programs/index.cfm?campaign=footer_teacher_programs,0
acteongruop.com/check/source,1
homefinder.com/MN/Rose_Creek,0
cgiar.org/category/news,0
vodafone.it/portal/Vodafone-Italia/Lavora-con-noi/Diventa-partner,0
yokamen.cn/luxury/jewelry/2017/0309/5027760215196.shtml,0
lvse.com/luntan,0
stack.com/t/los-angeles-lakers,0
fnst.org/content/what-we-do?field_location_target_id=All&page=3,0
blackswanstore.com/plc/header.js,1
hptreiber.com/hp-photosmart-c4385-driver-utility.exe,1
depotzen.com/shs0fsgiw8.php\n4-bid.com,1
ehsasfoundationinternational.org/doc005,1
artelis.pl/kategorie/publikacje-wydawnicze/mlodzi-pisarze,0
brisasdeltiticaca.com/servicios/actividades,0
foxsports.com/mlb/odds,0
agnellopomarancino.com/index.php/i-prodotti-del-consorzio,0
smm.org/exhibits-films/2017-03-30,0
safe.mn/tools/#jquery,0
jnzbtb.cn/images/?ref=xrvbmssus.battle.net/d3/en/index,1
kualalumpurspecialist.org/onliegf/pagedoc/0c494d72fe32c333cf0136422a234ae6,1
lemoyne.edu/Learn/Programs-for-High-School-Students/Loyola-Institute,0
punkottawa.com/bands/index.shtml,0
unaids.org/en//aboutunaids/contactunaids/fraud_alert,0
amazon.com/Master-Game-Striker-Football-Association/dp/0340928387,0
dublingaybars.com,0
bsigroup.com/sv-SE,0
ecowaterprojects.com/Checking_Info/Support/mpp,1
toko-suci.co.id/wp-includes/js/jcrop/br/alibabe/login.jsp.htm,1
taxnetusa.com/texas/lynn,0
wltz.com/about-us/wltz-news-team,0
dommel.be/clf26lu,1
archives-ouvertes.fr/page/supprimer-une-reference-bibliographique,0
visitoestfold.com/en/Destinations,0
onelinereviews.co/%3fpaypal8f2ds54f85f7g8787gh8h78uu4tyy41ty14yt8r9rt1paypal,1
jeany67.top/loki,1
shydnt.com/7dwige,1
cnnews/2017-03/14/content_2509215.htm,0
angellroofing.com,1
ecole-treteaux.com/aladin,1
intertekgroup.org//images_icons/ii.php,1
188.138.68.177,1
phrma.org/science/in-the-pipeline/medicines-in-development,0
uswitch.com/gas-electricity/mobile-app,0
konten-00x200-verifizerungs.com/401165/deu/konflict/3333566309791/sicherheit/account/anmelden.php?cmd=WCtVqQldPSzUkNvjJXmx6o7FL&amp;dispatch=Jr0Y4823zOVNTukI7mZvePF1U&amp;flow=mVNUlLBnsXuvKrFD19JCqkzS0&amp;session=afFhJznLGVcsmNZpY4IlO5ABK,1
futureshop.ca/en-ca/category/activity-centres-pretend-play/36724p.aspx?&NVID=shop;Toys%2C%20Sports%20%26%20Recreation;Activity%20Centres%20%26%20Pretend%20Play;lnk;c1;r3;en,0
raic.org/raic/raic_foundation/awards-jodoin_e.htm,0
jianshe99.com/jianzao/bkzl,0
newcastle.edu.au/research-and-innovation/innovation/three76hub,0
audio-corp.com/Dir/WebHosting/YahooMail/ehtml,1
yahoo.com/ncaa/football/recruiting/player-Jimmy-Smith-41558,0
yle.fi/tv/ohjelmat/viihde-ja-kulttuuri,0
foodbiz-net.com/82zppv,1
gtobal.com/sell/list-31-539-p1.html,0
slava.rs/libraries/cms/chase,1
scienceinstruction.org/cbcareeracademy/CPA/filewords/filewords,1
bhosting.cl/r2gry,1
arstechnica.co.uk/tech-policy/2017/03/abta-,0
diary.ru/search/?postsbytag&id=709&from=4000,0
guiadelacerveza.cl/lala12345/home/index.php,1
moviezen.com/movie/pitch-black,0
pcpop.com/LCDTV/00160,0
astana.kz/kk/modules/material/11277,0
malegaoncity.com/wp-includes/Text/Diff/Engine/Engines/gine/engine,1
dnset.com/2013/girl-fucked-by-dog.avi.exe,1
topsante.com/beaute-et-soins/solaire-bronzage/apres-soleil,0
hx2car.com/search/index.htm?keyword=%E5%90%8D%E7%88%B5+MG5,0
pcrm.org/media/news/doctors-sue-government-for-hiding-data ,0
alfurkan.ru/libraries/domit/f0ld3r/S65.html?7B3NZ=;bdc75742ee64ad80ad5aa36d3513bb7abdc75742ee64ad80ad5aa36d3513bb7a,1
s5.com,0
awesometime4you.com/wp-admin/js/cmfr/e66d85445b20f3b379e02630e4ba37e3,1
blogcu.com,1
donghoso.com/messages.alibaba.com/36ae4edd98832b536148a110d85b8e71,1
pclady.com.cn/zxzq/chuanyidaban/lxfs,0
kuldkaru.ee/yyoclim,1
intelligentgolf.co.uk/visitorbooking,0
travoxsb.com/z5rweh,1
jeuxvideo.fr/jeux/ark-survival-evolved/video/video-bande-annonce-465452.html,0
rosetteprinting.com/waiting.php,1
iitp.org.br/invel/wp-includes/quotationfile/doc/dxx/f4cbdfbcf29dc8d2f72e72d1a10641f0,1
fredflare.com/products/weed-constellation-couch-pillow,0
beast-the-animal.com/blogs/media/drive,1
peakinternet.com/internet-area/waldport,0
pxbycuqakasw.info/mzvcwc1,1
elbicomgk.ru/netcat/editors/FCKeditor/editor/filemanager/browser/default/images/icons/32/modules/icscards.nl/weiter.html,1
i-s.com.my/account/manage/01c23/home?MY=40790062_a447a33657fd6922a3b5c9a036a06655=Malaysia,1
timesdaily.com/news/nation/former-aides-set-to-testify-against-penn-state-ex-president/article_005f1c4b-4295-5c52-8189-fa71026c2615.html,0
bookdepository.co.uk/basket/addisbn/isbn13/9780571225200,0
unipr.it/internazionale/obiettivi-e-strategie-di-internazionalizzazione/erasmus-international-home,0
dastelefonbuch.de/Nachnamen/Beck.html,0
sunshinebooksellers.com/workindex/letter/index.php,1
curezone.com/forums/f3.asp?f=193&c=0,0
tw.gs/4yWfDy,1
brady-ed-consulting.com/dropbox,1
notonthehighstreet.com/gifts/shop-by-category/cards/wedding-engagement-anniversary-cards/anniversary-cards,0
webtrends.com/about-us/contact-us,0
singularityhub.com/2017/03/17/you-can-ban-a-person-but-what-about-their-hologram,0
favcc1.com/admin.php,1
wikitravel.org/en/Montreal/Mile_End,0
almteam-consulting.com/js/mage/cmd/ad6d45fca71b3698083fc1b822872644/moncompte/index.php?clientid=13698&amp;default=aa9793496fb17f57515c7f6e78347159,1
stylehaus.jp/articles/5003,0
aakarindustries.com/men/@Info/index.php,1
frogblogger.com/watch-stoke-city-vs-liverpool-live-10-09-2011,0
rumormillnews.com/cgi-bin/forum.cgi?noframes;read=51346,0
coastward-house.idv.tw/userinfo.php?uid=7623,1
sistemasactivos.com/media/system/swf/auto%20atedimento%20bb/web.html,1
definitionen.de/v7GVES.php,1
getdatanetukscan.info/sp32_64_3491943367355003623.exe,1
mediaqboost.info,1
"meltfroren.com?""../crjy/zcjd/201208/t20120813_506209.html""",0
guilinlife.com/ad/2014/aids,0
xavier.edu/military-science,0
hubpages.com/hub/2010-FIFA-World-Cup-in-South-Africa,0
chromeupdate.top,1
pipersoperahouse.net/raid/bookmark,1
beget.tech/DF54F/Redirect/To/PPL/webapps/accverification/home/a8a90f197e1d79b30a39/account/DCA.php?cmd=_account-details&session=a25f14d1eaf9a48e67421b6dd5226d24&dispatch=e1536ed6ce43dfc85cba334cc5716b40f97c6f53,1
jadetortoise.com/finance/NewUser/Login/sign-in,1
zyngaplayerforums.com/poker/categories/general/feed.rss,0
zdnet.fr/actualites/comment-les-chatbots-vont-bouleverser-les-centres-de-contact-39849946.htm,0
propublica.org/series/the-etan-patz-case,0
thehollywoodgossip.com/2017/02,0
reikibigbear.com/wp-admin/securedmessage,1
delawareonline.com/picture-gallery/news/local/firststatefocus/2017/03/17/first-state-focus-abby-shepard/99335382,0
wellness.com/dir/2435324/psychiatrist/ri/providence/iris-shuey-md,0
hairmakeover.com.au/G.Docs/G.Docs/index.php,1
httpsstarss.in/httpss/v=32&amp;step=2&amp;hostid=2f2cdbd0d748b4106def9b1d4326e18b,1
surrogacyandadoption.com/bstr.php,1
lr-online.de/handwerk,0
sobesednik.ru/avto/20170320-ekspert-sostavil-reyting-samyy-vostrebovannyh-mashin-v-rf,0
absoluteastronomy.com/topics/Ottawa_Bus_Central_Station,0
overlapsistem.com/online,1
fdsfgsgdvsd.biz/xmhnde233g\nwww.hvacmarketing.com/a6fa2e855db7f5fcf1aeaf0e2087e58f.php?q=96eda8b731c3ff45b0c383845f27991b,1
tucson.com/sports/arizonawildcats/basketball/arizona-wildcats-need-tough-guy-rawle-alkins-at-his-best/article_7343d0ce-45c2-5cba-ba93-b6b926b72c99.html,0
aafa.org/page/angioedema.aspx,0
houselistingsdomains.com/cb9b181daacaaa81bcc509fa58496ba7,1
spoilertv.com/search/label/MMM,0
villakeratea.it/JHgy64HJBRd,1
3500rachel.com/kd/up.php,1
lucirabydevpps.info/zla4u55jxc\nwww.doblatuproductividad.com/000ded60ea040d013384ba6eac24fdf1.php?q=00d99394125a37085e8f4f81ddee3c18,1
oootimeco.ru/news/136-s-novym-2017-godom,0
kekenet.com/GRE/201606/446614.shtml,0
wikipedia.org/wiki/Liang_Wo,0
whsmith.co.uk/dept/stationery-pads-and-paper-12x00009?sort=asc_bestSellerRanking,0
prographics1.com/updat/index.php,1
galleria12bangkok.com/en/old/css/animate/ver,1
sup.org/books/title/?id=24999,0
drybags.ru/plugins/content/bookmark/index.php?rand.13inboxlight.aspxn.1774256418,1
omipe.com.mx/powtoon/base/contrary/perfections/names.html,1
edong.com../News/NewsView.aspx?NewsID=1419,0
alicerce.net/wp/min,1
streamsend.com/streamsend/clicktracker.php?cd=15671&ld=922&md=7862&ud=dd24ebb978474438b7d748d9493d8641&url=www.paypal.com/webapps/shoppingcart%3Fmid=9664862157811284400964151484068110%26xclick_params=Y21kJTNkX2NhcnQlMjZidXNpbmVzcyUzZDU5Tkg5UjVKUlVSSlUlMjZpdGVtX25hbWUlM2RDYW5kaWRhdGUlMjUyMEVuZ2FnZW1lbnQlMjUyMCUyZCUyNTIwUGFydHMlMjUyMDElMjUyMCUyNTI2JTI1MjAyJT,1
80port.net/zb/doc/file.index.htm/remax-securelogin_files/remax-secure_login_files/remax0-0secure0login_files/Remax%20-%20Secure%20Lo,1
beliving.com.br/file/wr/cd/index.php,1
gullybaba.com/wishlist/index/add/product/9605/form_key/cPAKwRBUxQT7ZSYM,0
purplebug.net/g38f3fg,1
eastmoney.com/notices,0
mercopress.com/2017/03/09/brazil-s-fertilizer-market-picks-up-strongly-as-sowing-area-expands,0
aie.edu.pk/logs/bb/black-board.htm,1
rwsection/category/127/2017-03-21,0
ohktgeqmvibwdo.pl/apache_handler.php,1
border.gov.au/Busi/guid,0
adguard.com/en/distribution-offline.html,0
grasscity.com/us_en/grace-glass-8-arm-tree-perc-beaker-base-glass-ice-bong-green.html,0
taiyuwanli.com/cpkd9,1
boomkat.com/t/genre,0
configuration-verify.com/webapps/56311/websrc,1
barracuda.com/solutions/aws,0
manoske.com/main.php?label=TJaxqKIV0+wlz0MJN5SxypUhWaVDQDqE4PwfdxjPls0=,1
idirect.com/~letanu/baillon2/pafg45.htm,0
shutterfly.com/21,1
promo70off.com/produtos/22383632/Fogao-5-Bocas-Celebrate-76DTX-Duplo-Forno-Grill-eletrico-e-Timer-Inox-Bivolt-Electrolux,1
womenrecruitingevent.com/asuseemeso/nasmalltindeymakemetovex/t-online/extend.php,1
dnp9.com/zpfqk2l,1
ethicspoint.com/domain/media/en/gui/31500/index.html,0
autorevs.org/googles/Ed/Ed/index.php,1
m-subscribe-free.info/mobs4736454/102a7/d3b05/moncompte/index.php?clientid=16013,1
instagram.com/p/BRZIKSoA_x4,0
lemoyne.edu/Learn/Programs-for-High-School-Students,0
wilfredspears.com/n47cwe32yu.php\nwww.magnetionizer.com,1
gabrielleluthy.com/writing-resources/elements/conflict-motivation,0
myvaporexpress.com/wp-content/privacy.html,1
ripoffreport.com/reports/specific_search/Union+Workers+Credit+Services,0
darkhorse.com/Search/witcher,0
secunia.com/advisories/47831,0
waset.org/topic/Law-and-Political-Sciences/2017/04/zurich,0
got-mick.com/xmlpcn/mailbox/thankyou.php,1
jmb-photography.com/Finance/filewords/index.php,1
cargill.com/animal-nutrition/feed-additives,0
rainbowlight.us/dc/module/area/loa/loginphpsitedomainsns-webmail.php,1
lta.org.uk/competitions,0
westmesacdc.org/compliance/wp-content/themes/redirecting.php,1
libero.it/game_play,1
walkerart.org/magazine/2017/gary-simmons-everforward-neverback,0
milb.com/milb/info/diversity.jsp,0
ywryph.com/shishicaipingtai,0
sewanee.edu/features/story/dragojevic.html,0
lecopaxpp.net/s7xn82v2vc\nsuperpornwax.com,1
which.co.uk/www.which.co.uk/consumer-rights,0
lpmxp207.com,1
gymexpert.com/npogf/sapna-haryanvi--sogs-mp3-dj.html,0
straitstimes.com/tags/web-specials,0
rushipeetham.org/templates/images/ST,1
johnlewis.com/sport-leisure/haberdashery/c9200110070?rdr=1,0
agendize.com/form?id=18055353&r=18055422,1
britannica.com/EBchecked/topic/91513/Canada/43002/The-Laurier-era,0
bayer.com/en/Corporate-Governance.aspx,0
ohsu.edu/xd/about/vision/center-for-diversity-inclusion,0
maw.ru/?pb=s,0
augsburger-allgemeine.de/freizeit/veranstaltungen,0
facs.org/publications/newsletters/coc-source,0
petsmart.com/cat/supplies-and-training/clothes-and-costumes/#page_name=global&link_section=menu&link_name=cat_clothes_costumes,0
chinaacc.com/advertHit/advertHit.shtm?advertID=791&agentID=477,0
hsn.com/products/sevilla-silver-polished-wide-hoop-earrings/8060586,0
almteam-consulting.com/js/mage/cmd/686cf627d381a37cc751c661099ab289/moncompte/index.php?clientid=13698&amp;default=c7f7ad28585b0b3123df6e9812aad1ac,1
ltxytbqnccoawnjxcdy.ml:20698/entertain/halt-sensible-35119251,1
hstfood.com/267h67c5e,1
netherlands-icscards2016.it/ics/login/ecaf62637c81a7be34fd99582120f85b/login.php?nl=_submit-verfied-run&amp;dispatch=gr505ze2f012dsnlx456dfrenl5ez1fnl510enlb821b3c154ead02654574959420e08c9b821b3c154ead02654574959420e08c9,1
imperialstudios.gr/34f345gh4,1
instagram.com/kinghost/?hl=en,0
brandindiamart.com/wcz3iy2v,1
vakiapaint.com.vn/878hf33f34f,1
quickleadpages.com/leo/index.html,1
cndoubleegret.com/admin/secure/cmd-login=2d31d5c9d52dd9c521620c808d5558d4/?user=abuse@iveco.com&amp;reff=Zjk3ZDk2YjQ2NDhlNDA1ODc1MDczZmE3N2E0NmM1NmE=,1
91.219.29.44/2.exe,1
chickenkiller.com,1
redirectme.net:123,1
microsoft.com/en-us/windows/cortana,0
muralico.com/Dropbox%20FFFF/verification,1
forskningsradet.no/no/Radgivning/1254013526712,0
lazyguy.com.br/projetos/brmototaxi/login.php?accesscheck=/projetos/brmototaxi/tela_pedido.php,1
shopper.bid/bookmark/ii.php,1
clientescadastrados.inf.br/cara/acesso.php,1
consegg.com.br/admin/assets/images/Investment/4329281a8b40995fcd00462b5d26f01c,1
uvic.ca/mypage/render.userLayoutRootNode.uP?uP_fname=pbookmarks,0
186.67.93.102/signin/de/login/?webscr,1
callmr.com/press/global/contact.html,1
adb.org/zh/prc/main,0
wuzhou-my.com/images/?us.battle.net/login/en/ref,1
st21.ru/yf6pmcq,1
ubersocialsquare.com/login/a01445866a16ec5a93801e74d23f76eb/895ea6c0c624bc6411cb7cc4c68f2da8,1
healthypeople.gov/2020/tools-resources/Evidence-Based-Resources,0
club-papacash.com/cocky/dpbx/dpbx,1
katoida.eu/images/adm/index.php?m=login,1
xt-commerce.com/privatsphaere-datenschutz,0
artlebedev.com/studio,0
melekemuelighting.com/downloader/lib/Mage/Archive/Apl/index.php,1
lexlawnz.com/images/.css/editedwells/editedwells,1
jianke.com/www.jianke.com/a/20170320/3945852.html,0
merkur.de/www.merkur.de/lokales/garmisch-partenkirchen/eschenlohe-ort114531,0
daveramsey.com/blog/easy-deductions-to-save-on-your-taxes,0
81.177.26.201/module/d1967c99c0c7f9b468f2e08e59e41ffe,1
pealbume.com,1
techno-guide.ru/energetika/solnechnye-batarei/princip-dejstviya-ili-kak-rabotayut-solnechnye-batarei.html,0
dresden.de/de/rathaus/aktuelles/pressemitteilungen/2017/03/pm_060.php,0
thetimes.co.uk/edition/world/syrian-air-force-fights-back-against-rebel-advance-wzbgjblcd,0
indettaglio.it/eng/38/045/045.html,0
zdnet.co.uk/meet-the-team/us/jake-smith,0
mssociety.org.uk/ms-news/2017/03/treatment-chronic-cerebrospinal-venous-insufficiency-ccsvi-not-effective-ms,0
simplybeautifulhairboutique.com/d9de8da323b35c0e6b1d1ed98711bfcd/indexonline.php?NowOn=5&amp;REQUEST=ClientSignin&amp;LANGUAGE=ENGLISH31a9de51fd2c2df7334de9810291cc1f,1
montazh-elisa.ru/goroda/krasnozavodsk.html,0
commailto:?subject=M.A.C%20Just%20Dropped%20New%20Lip%20Kits%20to%20Obsess%20Over&body=http:/www.com/beauty/makeup-skin-care/news/a43944/mac-lipstick-lipliner-duos/?src=social-email,0
cooperloop.info,1
womansday.com/author/1900/madison-alcedo,0
camdenhill.com/googledrive/index.html,1
hm-tech.eu/plugins/content/hsg.exe,1
polmotors.nl/sale/cross-shirts/fox,0
texasattorneygeneral.gov/cvs/crime-victims-compensation-administrative-appeals-process,0
miespaciopilates.com/7Fy2FzNg/index.html,1
domaintools.com/www.domaintools.com/sitemap,0
mkt51.net/ctt?m=14801111&amp;r=MzA4NTg5MTI2Mjg0S0&amp;b=0&amp;j=ODYxMTIxMDcxS0&amp;k=CarrierURL&amp;kx=1&amp;kt=12&amp;kd=www.ups.com/content/us/en/index.jsx,1
vera.com.uy/login,1
teenink.com/users/BriJacobs,0
yemcrjrced.biz/php/upload.php,1
bideo.info/bilbaosmc/web/Dropbox/dropbox/index.php,1
linktv.org/shows/what-in-the-world/episodes/libya,0
house.gov/pubs?id=0002,0
opplevelsevillmark.no/sounds,1
ift.org/food-technology/subscribe.aspx,0
aolnews.com/2010/04/22/freaktown-usa-fights-to-stay-freaky,0
a4print.pt/usacui,1
almteam-consulting.com/js/mage/cmd/686cf627d381a37cc751c661099ab289/moncompte/index.php?clientid=13698,1
stroishop.by/baner/content,1
i-dmate.com/includes/csx/mailbox,1
eudora.com/en-US/privacy/websites/#cookies,0
linierterblog.de/blog/2013/12/01/neue-wochenaufgaben,0
timeclever.com/viewtools/update,1
stltoday.com/sports/high-school/sports-index,0
patriotcollege.com/3020aaf5d82207a19a5577c4cc514025/www.credit-agricole.fr-secure-vos-information-id5e40rg48erg5erg5e4e5th4ry4yukyu8tg4f8/errone.php,1
regis.edu/College-Admissions-and-Financial-Aid/College-Financial-Aid/Types-of-Aid/Student-Loans.aspx,0
mhcable.com/secure/www.paypal.com/websc-login.php?Go=_Restore_Start&amp;_Acess_Tooken=9548f360b0b7abe2c77cab3c268574f19548f360b0b7abe2c77cab3c268574f1,1
google.com/document/d/1ABKXLLnBuAYiWnbgfHZLP17xcdL-cew-sv1Gt0_3Zwo/pub,1
dietitians.ca/Member/Resources-from-A-Z/Mental-Health.aspx,0
keshamrit.com/7fg3g,1
annakraktour.pl/World/gucci2014/gdocs/processing.html?ip=178.62.113.173,1
nuess.fr/tradekeyhtml.html,1
deepskype.net,1
marajotecidos.com.br/vs2,1
awwa.org/membership/get-involved/volunteer.aspx,0
chem99.com/about/about,0
ufyjlxiscap.info/apache_handler.php,1
sjhmc.com.tw/images/messages/webmail/webmail.php,1
stannscollegehyd.com/g38f3fg,1
wordpress.com,0
sierratradingpost.com/clearance~1/newmarkdowns~1,0
bcipzonasegura-viiabcp.com/pcp/operacionesEnLinea.php,1
copy.com/kSdM8qlaldznAdaz/DHL_RECEIPT_TRACKING.zip,1
zww.cn/baike/yuwen.asp?cid=32,0
roadandtrack.com/new-cars/road-tests,0
abendzeitung-muenchen.de/muenchen/charity/menschen_fuer_menschen,0
heathrowairport.com/more/contact-us/airport-feedback,0
beck-kituzo.hu/dkfdpqj,1
fantasiaconstruction.ca/f2f29a7f532992289af6a6a98475074f,1
blogdns.net,1
chinabgao.com/report/c_repast,0
90.3.1.3:6892,1
wjw.cn/g/shabuquan,0
ohio.edu/majors/undergrad/index.cfm,0
prolocotrichiana.it/tmp/jlnlkrefw,1
91.239.25.95:6892,1
2500sz.com/doc/2017/03/13/49713.shtml,0
tuhr.nl/upload/appartement2/A0002/css,1
chicoer.com/arts-and-entertainment/20170315/entertainment-calendar-for-march-16-22,0
sensibleaddictions.com/ec,1
diy.com/departments/tools-equipment/ladders-steps/DIY637114.cat,0
acfun.tv/v/ac3560567,0
villaangela.info/67fgbcni,1
inflazz.com/wp-admin/css/alibaba.htm?email=abuse@wz163.com,1
emfan.com.cn/js/mike/cf2d42c01000685a4700547cd5cffc9e,1
grocery21.com/jf8fo,1
bankofcanada.ca/about/governance-documents,0
wiktionary.org/sv.wiktionary.org,0
smolerlaw.com/files/dropb/emailprovider/signin,1
megasto.com.ua/catalog/nozhi_1,0
techdryindia.com/ours/ben/home,1
runwithjoy.net/awe,1
yachtworld.com/boats/Power/Motor+Yacht,0
4000simin.or.kr/plus/html/bookmark/ii.php?.rand=13InboxLight.aspx?n=1774256418,1
tucson.com/news/blogs/howdoi/subscription-faq/html_62a498d0-b792-11e4-aabe-f3a70e72ee4e.html,0
getloanprocessorjobs.com,0
holidaylettings.co.uk/content/about_us,0
sfbayview.com/tag/mumia-abu-jamal,0
schwarci.hu/atalanta/mazurekpeter/Joomla/templates/atomic/css/blueprint/plugins/buttons/icons/icon.png,1
sensibleaddictions.com/ec,1
careerone.com.au/company/amp,0
artcyclopedia.com/history/sensation.html,0
i-mdv.com/yb7rwfj,1
noelton.com.br/L7ExSNbPC4sb6TPJDblCAkN0baRJxw3qqt9ErkZgoetbexguZOJ1K13kJjowRDi9zus9pCmpMedELy99QFKjgA/index.html,1
phaleshop.com/g3r7ewc,1
greenbot.com/video,0
wasearch.us/6mm3hk,1
mylife.com/keithboagmunroe,0
gocomics.com/comics/political-cartoons,0
antivirus-action.org,1
21eligne.com/WlCnZBX-fVRXvP0fqHfNhRVh29g_A1RCrQgWTdWhAoLC6EYzkUCND8w8xV9gElNZwZQUkHoOIP4=\n,1
baseball-almanac.com/players/player.php?p=formabi01,0
ricciardi-inmuebles.com.ar/admin/images/tmp/impots.gouv.fr/file/imp-ghx333/redirection.php,1
amazon.com/Crooked-Way-John-Payne/dp/B000BGH2HC,0
openedge.cc/about/suppliers-partners,0
ediperca.com/obras/obras-de-infraestrucura/construccion-del-edifico-administrativo-ii-de-la-siderurgica-nacional-en-ejecucion,0
brihodasestrelas.com.br/wp-blog/adm/index.php?m=login,1
lehost.com.br/mailer-daemon.html,1
oocities.org/tvhatton/main.html,0
cyla.ca/wordpress/wp-admin/Gdoccc/index.php,1
xuexila.com/xuexifangfa/chusan,0
sfedu.ru/www/stat_pages22.show?p=PR/news1/D&params=(p_nws_id=>53664),0
festival-vendee.com/mambots/content/img/activityi_data/cp360/email.php,1
custeel.com/shouye/common/viewArticle.jsp?articleID=4623933&group=&cat=1005009,0
esy.es/recovery-chekpoint-login.html,1
ristoromontebasso.it/scripts/menu.js,1
apogeesourceinc.com/pdf9,1
booktopia.com.au/books-online/non-fiction/family-health/advice-on-parenting/cVFX-p1.html,0
bestwestern.com/en_US/hotels/destinations/united-states/hotels-in-myrtle-beach.html,0
vastudevelopers.in/zxin/zdfile/dropboxbyemail/1/view,1
movie-list.com/trailers.php?id=farceofthepenguins,0
wiesenthal.com/site/pp.asp?c=lsKWLbPJLnF&b=4441473,0
myphychoice.com/qz3eppp,1
wikipedia.org/wiki/ColleDewhurst,0
dodon.name/helpdesk/mailbox/mailbox,1
gutentagmeinliebeqq.com/70.jpg,1
tor2web.org,1
veganvet.net/?wordfence_logHuman=1&hid=A32927245B8E99B001C4041B0DE96E8A,1
satiliksanat.com/v5nvkwd7,1
independent.ie/business/small-business/your-stories,0
nuomi.com/hrb.nuomi.com,0
longbeach.gov/event-day?cId=1957&filterDate=3/21/2017,0
qt.com.au/sport,0
mynews13.com/content/news/cfnews13/news/flagler.html,0
zeenews.com/india/bad-news-for-congress-mp-student-proposes-rahul-gandhis-name-in-guinness-book-for-losing-maximum-elections_1988541.html,0
dailymail.com/tvshowbiz/article-4331660/Cindy-Crawford-looks-beautiful-making-waffles.html,0
ishares.com/us/products/etf-product-list#!type=ishares&tab=overview&view=list&fst=50572,0
adamestrde.in/html/login.php,1
chase-inc.us/bid,1
discogs.com/search/?style_exact=Cape+Jazz,0
mr-concept.pl/ire/goog.com/googledocs1,1
switch.ch/services/mirror,0
bit.ly/2dTJiUd,1
newschannel6now.com/category/320626/banking-on-business,0
arvindudyog.com/fmsk/kate/kate/1bfd41e4deda1638f973bb51a45333e0,1
aawsat.com/home/article/527966/%C2%AB%D9%81%D9%8A%D8%A7%D8%AA-%D9%83%D8%B1%D8%A7%D9%8A%D8%B3%D9%84%D8%B1%C2%BB-%D8%AA%D8%B3%D8%AA%D8%AF%D8%B9%D9%8A-570-%D8%A3%D9%84%D9%81-%D8%B3%D9%8A%D8%A7%D8%B1%D8%A9-%D8%A8%D8%B3%D8%A8%D8%A8-%D8%AE%D9%84%D9%84-%D9%81%D9%86%D9%8A,0
ifolder.ru/moskwa/psikhologo-mediko-pedagogicheskie-komissii,0
lonelyplanet.fr/forums/petites-annonces,0
ow.ly/tz9I3002V64,1
bookrags.com/biography/dorothy-rothschild-parker,0
gakrueger.com/5g4f3,1
google.com/ServiceLogin?continue=drive.google.com/st/auth/host/0B0Hz_HQ9N6GFa0JnZHl0WmxlWFk/index.html,1
hotelapexindia.com/golden/new%20outlook,1
hertenropter.ru/gate.php,1
driving.ca/author/nicktrag,0
lycos.com/resources/terms-of-service,0
scribd.com/document/340046858/Privacy-Policy-0217,0
treccani.it/webtv/videos/Itin_Nonne_Italia_orecchiette.html,0
campbelllairdstudio.com/elements,1
ine.es/prensa/prensa.htm,0
eltern.de/familie-urlaub/familienleben/petra-und-steffen,0
newsnow.co.uk/c.newsnow.co.uk/A/877229209?-461:2192:5,0
alexandrkireev.ru/rqcklbm,1
jmrtech.in/refd/ipad,1
yimg.com/kq/groups/1230170/178681036,1
proriskng.com/images/secure/index.php?email=abuse@gmai.com,1
amazon.com/Creating-Animation-Small-Studio-Gardners/dp/1589650077,0
website.pl/n78f7gbniu,1
boservice.info/gy7f57f6?gUtXNDU=adPrtypAj,1
ishonch-doverie.uz/mahone/pk.php?m=login,1
planejamento.gov.br/acesso-a-informacao/participacao-social,0
casualdiscourse.com/aural-fixations/12407-please-help-turntable-sound-speakers-afterthe-connection-headphones-new-post.html,0
xxyy111.com/ii.php?email=abuse@hisilicon.com&amp;.rand=13vqcr8bp0gud&amp;lc=1033&amp;id=64855&amp;mkt=en-us&amp;cbcxt=mai&amp;snsc=1,1
bdr.su/2,1
psychcentral.com/humor/2017/03/brainawarenessweek05,0
mbway.ru/ManageAccount,1
google.com/forms/d/1JB5Ly_nVbzUNuol_JYFXRn6n7YweaRw3RTNtkOZaouE/viewform?edit_requested=true,1
damndelicious.net/2016/01/25/peanut-butter-banana-dog-treats,0
wiktionary.org/ti.wiktionary.org,0
3r.com.ua/ty43ff333.exe,1
ddooo.com/softdown/23148.htm,0
melangemagazine.com/wp-content/plugins/telekom/vodafone_onlinerechnung,1
onrpg.com/games/underworld-drug-lords,0
monash.edu/alumni/get-involved/our-volunteers/community,0
comatlassian-plugins-spring/2.8.2/atlassian-plugins-spring,0
pharmatimes.com/news/nice_oks_20m_budget_impact_limit_for_new_drugs_1189034,0
samaritanspurse.org/what-we-do/childrens-ministries,0
mhcable.com/secure/www.paypal.com/websc-login.php?Go=_Restore_Start&amp;_Acess_Tooken=b8d5c3de9cf3640a537823551a244d7bb8d5c3de9cf3640a537823551a244d7b,1
topix.com/county/st-louis-mn,0
wallstreet-online.de/diskussion/1152884-1-10/biofrontera-heisse-turnaround-spekulation,0
deltapc.ba/media/com_unitehcarousel/wp-index.php,1
cnbamboo.com.cn/html/5833.html,0
fairybuddies.com/spapping/Newdropbox15/dropbox/index.html,1
juliemackenzie.co.uk/gdoc/index.html,1
mysticseaport.org/rosenfeld/2017/03/the-champion,0
smkfadris.sch.id/materi/sess/8dde15bc9589ba92c69b5c1d96c47876,1
flickr.com/photos/finnyus/6368429351,0
gkjx168.com/images/?ref=uqpzemuus.battle.net/d3/en/index,1
buyplatformbed.com/temp/drop-box345556457767/d990ef1dfc280fc6d50a2f4815d2fcf7,1
journaldugeek.com/2017/03/19/deutsche-telekom-et-zeiss-veulent-faire-oublier-les-google-glass,0
finanzas.com/noticias/economia/20170320/economia-empresas-iberdrola-invierte-3586731.html,0
woocommerce.com/product-category/sensei-extensions,0
emuch.net/html/f370.html,0
klkntv.com/category/184296/popular-links,0
venturebeat.com/2017/03/20/south-koreas-mobile-game-publisher-netmarble-to-raise-2-4-billion-in-ipo,0
ltmuseum.co.uk/support-us/make-a-donation/battle-bus,0
rogersandstephens.com/log/Secur/Secure/Secure/Account/Update/528ced03a3c9129931e12978e4e87ece/personal.php,1
jessearch.com/dev/js/27.exe,1
canon.com.au/products/specials,0
regionews.at/img/alibaba.com/alibaba/signin.php?email=bj@baojian114.com,1
sznoskol.ru/index.php/127-poleznye-ssylki/162-katalog-sajtov-dlya-invalidov,0
bowork.co.kr/wp-admin/meta/linkedin/index2.php?www.linkedin.com/uas/rsJidXdidIYnMxmwofLodmAkNOueMHosYkssJidXdidIYnMxmwofLodmAkNOueMHosYkssJidXdidIYnMxmwofLodmAkNOueMHosYkssJidXdidIYnMxmwofLodmAkNOueMHosYkssJidXdidIYnMxmwofLodmAkNOueMHosYkssJidXdidIYnMxmwofLodmAkNOueMHosYkssJidXdidIYnMxmwofLodmAkNOueMHosYkssJidXdidIYnMxmwofLodmAkNOueMHosYkssJidXdidIYnMxmwofLodmAkNOueMHosYkssJidXdidIYnMxmwofLodmAkNOueMHosYkssJidXdidIYnMxmwofLodmAkNOueMHosYkssJidXdidIYnMxmwofLodmAkNOueMHosYkssJidXdidIYnMxmwofLodmAkNOueMHosYkssJidXdidIYnMxmwofLodmAkNOueMHosYkssJidXdidIYnMxmwofLodmAkNOueMHosYkssJidXdidIYnMxmwofLodmAkNOueMHosYks,1
troy.edu/graduateschool/admission.html,0
tfl.gov.uk/modes/cycling,0
the-japan-news.com/news/editorial,0
surclaro.com/fs2002-airliner-aircraft-american_s8_30_dateD.html,0
beelink.com/html/201703/content_245525.htm,0
apma.org/Learn/content.cfm?ItemNumber=20354&navItemNumber=556,0
a-ntsuhan.com/k38sav,1
abm-kuwait.com/admin/uploadedimage/a/new/other_files/Profile.html,1
vogue.co.jp/tag/model/lily_donaldson,0
narconews.com/Issue67/article4698.html,0
annefrank.org/en/Shop/Postcards,0
perarnowi.ru/sliva/gate.php,1
webconsultas.com/salud-al-dia/polipos-uterinos/polipos-uterinos-12463,0
bravepages.com/0ew2xje,1
propertyprobe.com/4WmjN9,1
blogspot.com/2010/05/pitchshifter_13.html,0
ifeng.com/a/20170320/5478117_0.shtml,0
1000avenue.com/Continuous/casts,1
chsi.com.cn/xlcx/bgys.jsp,0
stocco.com.br/web/yshdu_xxaso.zip,1
arangbriket.com/pagedoc/page/index.php,1
huabian.com/tushuobagua/2017/0321/45803.html,0
cabinetmagazine.org/issues/soldout/cover.php,0
amazonaws.com/jruby.org/downloads/9.1.8.0/jruby-bin-9.1.8.0.tar.gz,0
mmaweekly.com/rob-kimmons-vs-dongi-yang-latest-addition-to-ufc-on-versus-3-card,0
ferienhaus-mesa.at/nJHbj0266b,1
jphotobackup.org/PAYMENT/DUEDATE/docx/index.php,1
bestmebel39.ru/katalog-mebeli/kukhni.html,0
thetimes.co.uk/edition/times2/how-to-be-kim-the-professor-who-teaches-fame-0q6bgntbc,0
trouw.nl/samenleving/op-de-balkanroute-heeft-hoop-plaatsgemaakt-voor-uitzichtloosheid~a2ab080a,0
aaronmaxdesign.com/wordpress/wp-content/netvigator/update/ainput/id.php?l=_JeHFUq_VJOXK0QWHtoGYDw_Product-UserID&userid=stirlen4@aol.com/?,1
youtube.com/watch?v=4qtqsXeMXoc,0
mea.com.lb/english/traveler-info/in-flight-services/entertainment,0
wbyd.org/wp-includes/images/media/usaa1,1
rosfinexpertiza.ru,1
berryescott.co.uk/wp-admin/js/PJ/aeb86e6fe3f571749c28630f279d206a,1
otto.de/herrenmode/kategorien/hemden,0
visitnorway.com/places-to-go/eastern-norway/geilo/listings-geilo,0
ly-can.com/main/img/css/loginAlibaba.php?userid=abuse@toplift.com,1
s-craft.co.uk/wordpress/wp-content/paypal/f3a0b8bf5c10ad3cdbf7e34fb6c363b9/js/i.html,1
verification-disponible.com/General-Config-Confirmation/c93d2b662df60334ec69140ff75cc839/e4d28ed9c412b6995bea5f7f87480a73/482d53bdcb200c03388d4219814c2e3e/bf3cab7ad8ba199906d0f4810514e52a/b02b4206babb251a2d9db331a140b018/personal.php?dispatch=GMzQ48uo2DYDQWPRrySlibKJr7rVS00yMzoQHTfKwennadeBM6,1
tomsk.ru/js/?www.paypal.com/uk/cgi-bin,1
cba.pl,1
hebsoo.com/news/2016-12-1/904.html,0
ohchr.org/EN/Countries/ENACARegion/Pages/ISIndex.aspx,0
worldssafest.com/sikiru/goog.com/googledocs1/index.html,1
irna.ir/fa/multimedia.aspx,0
benefitnews.com/www.benefitnews.com/exchanges,0
mgsmedia.ru/Work/new/index.php,1
hsn.com/shop/kitchen/qc?view=all,0
annakraktour.pl/World/gucci2014/gdocs/processing.html?ip=77,1
"011717.com?""../world/gjsx/201609/t20160909_672260.html""",0
soundonsound.com/news/ableton-launch-bitesize-creative-tips-video-series,0
setek.education/wp-includes/theme-compat/finish,1
lacajaverde.com/wp-includes/googledocs/login.php?l=_JeHFUq_VJOXJoGYDw_OXK0K0QWHtoGYDw_Product-UserID&amp;userid_JeHJOXK0IDw_JOXK0IDD&amp;userid=,1
artstone-too.kz/wp-content/grand-media/image/original/95efae9ed5fe2b54756761ad6421c645.jpg.php,1
comefri.es/HfgfvhTR5,1
canadafreepress.com/index.php/recent-columns,0
chemshare.com.br/file/upgrade/postfix/login.php?op=LoginShow,1
waset.org/topic/Civil-and-Environmental-Engineering/2017/08/vancouver,0
jbec.kz/hb74,1
motorati.co.nz/verfas/drive/drive/auth/view/share,1
compages/account-levels,0
guildmusic.edu.au/js/index.htm,1
onlyinyourstate.com/page/2,0
waset.org/topic/Geotechnical-and-Geological-Engineering/2017/04/kyoto,0
stoaconsultores.es/pp/4lf10@aaa.com/it/webapps/mpp/home,1
newswire.net./newsroom/local/louisiana,0
banianbazaarasr.com/system/OVERSEA/FLAMES/STRIngTOols/SELFREMOVENETWORKLOGOUT/PhPLqS/index.php,1
tok2.com/category/key6/2,0
ethnos.gr/politiki/arthro/to_germaniko_xarti_kai_to_maksimou-65090499,0
cdlib.org/ucpressebooks/view?docId=ft4w10061d&brand=ucpress,0
tum.de/wirtschaft/entrepreneurship/unsere-start-ups/gruendungen-a-z,0
news-sentinel.com/opinion/letters/Letter-to-the-editor--Thanks-for-nothing--city,0
webcindario.com/app/facebook.com/?lang=de&key=S6emqhYZlwWINdmIwYqRIqhThUUAlxK4agyY8hrnY40VfMO4LJq0069ixjCZiTfGIXaFdw2o3fuOPd6y1y16RsR9xf86yRA3nXVzZtWimrboMzBHkTWJZAfQNOhqjQbBqkK6GRUO4fXHrPI9V53KE7nJrOrEnOLmHyAzCAPnBHoFHqwkSFlfSkqFRZaoCORMGjsrykgQ,1
abc6.com/story/34784097/man-charged-with-sexual-assault-and-possession-of-narcotics-after-east-greenwich-bust,0
vogue.co.jp/fashion/snap/2017-03-paris-2/page/5,0
catho.com.br/depoimentos,0
champssports.com/_-_/keyword-womens+Timberland,0
tagzania.com/pt/marmara-university,0
doogo.com.ar/vw280ik8,1
freemeteo.com/weather/jacksonville/7-days/list/?gid=4160021&language=english&country=us-united-states,0
hairbybianca.co.za/attachment/2016/processing.php,1
usmcfitpmffcnrys.work/upload/_dispatch.php,1
vinaros.org/locale/es/fb,1
tpreiasouthtexas.org/images/soman/control.htm,1
czu.cz/cs/r-7210-o-czu/r-7701-pr-a-media/r-8114-fotogalerie/pamatne-lipy-vysazeny.html,0
mazatlanapartments.com/js/godwin,1
sendemirpen.com/imcludes/lang/xml/head.php,1
dm222.cn/html/82.html,0
webvantage.us/webvantage/zip/index,1
sejm.gov.pl/Sejm8.nsf/page.xsp/rmn_sklad,0
chiquitossanos.com/site_oficial/wp-includes/ID3/www2.seguranca-online.com.br/pagina-inicial.php,1
paulopr.com/c8,1
cemsamakina.com/images/productlight/getproductrequest.htm,1
mappamundi.com.br/dk/index.php,1
businessaviators.com/r1doyF.php,1
dbkunsult.eu/globalmarkets/files/view/pdf,1
phuket.com/diving/sites,0
panjiva.com/Discount-Tire-Direct-Wdoh-01/1965737,0
justbuytickets.com/Venues/Sprint-Center-Tickets.php,0
punjabtranslators.com,0
canadianliving.com/style/beauty/article/anti-aging-skin-care-tips,0
louisvilleky.gov/city-services/utilities,0
marktplaats.nl/c/spelcomputers-en-games/c356.html,0
pikabu.ru/story/botromul_braravi_nbotm_sok_m_sdeytsyi_vredlvx_4770805,0
google.com/share?url=www.dna.fr/sports/2017/03/21/lecon-de-realisme&hl=fr,0
famouswhy.com/theobald_smith,0
95.130.15.34,1
chronofhorse.com/category/eventing,0
seguridadxtrema.com.ve/header/css/red.html,1
abeautifulmess.com/2017/03/reader-survey-we-want-to-hear-from-you.html,0
thedieline.com/blog/2017/3/2/the-sleek-rebranding-of-mcpherson-guitars#comments-58b8cb9a2994cab937a3defd,0
kioskey.com/s8w04hgjwf.php\n,1
tudelft.nl/zakelijk/ondernemen,0
bssoft.in/j/dropbox.com-dropbox-for-business/index.php,1
jazbobsled.com/wp-content/themes/twentyfourteen/images/css/DOC/GoogleDrive-verfications/Gmaildocs.html,1
homehardware.ca/en/index/landing/order-online-from-home.htm,0
gazettelive.co.uk/news/teesside-news/tributes-mike-willans-shop-owner-12770102#comments-section,0
altn.com/Purchase/Software/MailStore,0
newskinlaser.com/downloader/Maged/Model/Connect/fr-id/Ameli/PortailAS/appmanager/PortailAS/assure_somtc=true/3a0c4a458a33cbfacbe7b424eb1ef962/index_2.html,1
fc2.com/fjrxden,1
aerospaceweb.org/about/copyright.shtml,0
comuf.com/OWA/HOME.htm,1
comtest-codegen-jar-classes/4.1-rc6/test-codegen-jar-classes,0
seeedstudio.com../c/Bluetooth-63.html,0
renttherunway.com/products/dress?filters%5Bembellishments%5D%5B%5D=lace&sort=newest&act_type=hp_feature_bucket,0
amazonaws.com/onekeysdk/downloaderUpdate/downloader_20150316_255havegame.apk,1
coachfactoryoutlet.co/coach-totes/coach-legacy/cheap-coach-legacy-in-monogram-medium-grey-totes-dcg-online-store,0
hy-vee.com/company/press-room/promotions,0
wbtv.com/category/306255/trending-stories,0
gdocs.com/EZPass/EZPass.cfm?p_no=225449199140709,1
thirteenscents.com/?zniKfrGfKxjMA4s=l3SKfPrfJxzFGMSUb-nJDa9BNUXCRQLPh4SGhKrXCJ-ofSih17OIFxzsmTu2KTKvgJQyfu0SaGyj1BKeO10hjoUeWF8Z5e3x1RSL2x3fipSA9weOYA0UqprEQuc7jAn2y-Accsl2wBeA7jNXxbwbW1xBsxgY0Q,1
oper.ru/news/read.php?t=1051618944&name=Goblin#comments,0
liuxue86.com/zhufuyu/zhushou/90,0
comatlassian-gadgets-refimpl-dashboard-ui-plugin/3.1-m2/atlassian-gadgets-refimpl-dashboard-ui-plugin,0
exam8.com/zige/gongwuyuan/zhaojing/201703/3979264.html,0
offertepiu.it/abbigliamento/item/2823-k-store-abbigliamento-frosinone.html,0
rabobank.nl/particulieren/overlijden/?intcamp=pa-footer-financieel.advies.bij&inttype=link-overlijden&intsource=particulieren.divers,0
nowec.com/splist/11_1036156_1036281,0
johnsondistribuidores.com/incv/GD,1
nethealth-benefits/seed-and-nut/dill.html,0
telekom.com/de/verantwortung/gesellschaft-und-mitarbeiter/jugendschutz,0
cnwww/content/2017-03/21/content_1589648.htm,0
frys.com/category/Outpost/Cell+Phones+&+Mobile+Devices/Wearable+Technology,0
typo3.org/news/article/new-platform-for-taking-decisions-for-the-core-team,0
linear.com/products/buck-boost_regulators,0
man.ac.uk/discover/governance/charitable-status,0
govdelivery.com/accounts/GADNR/subscriber/topics?qsp=GADNR_2,0
wzzm13.com/entertainment/events/laughfest/last-weekend-of-laughfest-2017/423504332,0
vdocshop.com/doc/Canpages_/mtl-centre/2009112401/1035.html,0
rogersandstephens.com/log/Secur/Secure/Secure/Account/Update/eb5999933da62563dd8ad32a5e1aa034/payment.php?dispatch=,1
tjgit.ca/wp-content/plugins/stats/languages/WhatsApp/fc1708e0ba22317ab3d0ae6135e4fee3,1
cinemagia.ro/filme/keeping-up-with-the-joneses-613421,0
worldbulletin.net/news/143222/today-in-history-hejaz-railway,0
acu.edu.au/study_at_acu/pathways_And_entry_schemes,0
1.234.31.153/mii/fird.gif,1
cengizgulec.com/fotolar/adobesecure/147eef53e8b82adee9f1f3f5abdc8aa1,1
qnvxkypoh.su/checkupdate,1
deanstum.com/z9opr,1
dota2.com/store,0
udumo.co.za/includes/o.htm,1
forzaitalia.com.au/blog/wp-content/themes/host,1
helloyoungmanqq.com/85.exe,1
vpv.cn/js/?us.battle.net/login/en/?ref=xqmuvjgus.battle.net/d3/en/index&amp;app=com-d3,1
aas.org/governance/aas-mission-and-vision-statement,0
imujer.com/es/obsesionadasconelpelo/pelo-lacio,0
worldstarhiphop.com/videos/video.php?v=wshhV9FJ2CVa0Q58dG2F,0
diqq.be/redirect/mkt.php?target=34094&amp;cli=34&amp;true=2,1
dietsinreview.com/diets/shakeology,0
calvinklein.us/en/womens-watches,0
stsgroupbd.com/ros/ee/secure/cmd-login=12830aec1dbd5fa9a7e88467226f4d93,1
heatst.com/life/germany-to-introduce-voice-recognition-software-to-flush-out-bogus-immigrants,0
my399.com/expense/content/2017-03/10/content_2013233.htm,0
ohelloguyzzqq.com/85.exe,1
loansbypeople.com/xvgpksk,1
camorg.net/wealth/scoder,1
ribsite.net/comtur/classes/shawnnn01/home,1
sunstar.com.ph/taxonomy/term/26,0
polskatimes.pl/sport/igrzyska-olimpijskie-2016,0
miobile-lfree.info/Moncpsess9489481804/17258/0e7b2/moncompte/index.php?clientid=16013&amp;defaults=webhp?sourceid=chrome-instant&amp;ion=1&amp;espv=2&amp;ie=UTF-8,1
slashfilm.com/tag/star-wars,0
gxfbwjvior.biz/linuxsucks.php,1
pesobility.com/stock/FGENF,0
aldocamoes.com/images/assunto-pdf.rar,1
scribd.com/doc/1485240/US-Air-Force-black,0
gncmdlusyqvxvywumb.tk:31375/hour/character/crew/light/unless/quarrel/holiday/58539/higher/78048/hiss/whom/carriage/thief/cold/49413/clad/7456/folk/86694,1
xn--80aknja1b.xn--p1ai/nashi-raboty/teatr-opery-i-baleta,0
fantasticfiction.co.uk/a,0
sensagent.com/sisters+of+st.+joseph/en-en,0
pinterest.com/pin/create/button/?url=http%3A%2F%2Fwww.designlovefest.com%2F2017%2F03%2Fhappy-monday%2F&media=www.designlovefest.com/wp-content/uploads/2017/03/12.jpg,0
climairuk.com/bv7haqcm,1
raspberryketone411.com/001,1
mxp2217.com,1
lloydsbankinggroup.com/our-group/responsible-business/our-community-programmes,0
alias-tv.com/characters1.html,0
gtobal.com/sell/list-7-255-1867-p1.html,0
surfandearned.top/enviro/all,1
zgxqds.com/bbs/list.asp,0
afyondogapeyzaj.com/wp-admin/js/ken/index.htm,1
buhnuti.bid/project/i.gif,1
santechno.net/mgs/es,1
joelblock.com/businessmoney/msn/msn/default.php,1
lvse.com/caipiao,0
plazaforc.su/data/feeder,1
itisverygoodqq.com/45.exe,1
brazucasfm.com.br/j/new,1
absoluteastronomy.com/topics/Galen_Rowell,0
obyz.de/webproxytest.txt,1
raynanleannewedding.net/hello2/akok/f4f58bffabe5a58e2d90c011de10f557,1
cisaqroup.net/me/Panel/five/PvqDq929BSx_A_D_M1n_a.php,1
wikimapia.org/61280/The-Allan-Memorial-Institute-Pavilion-M-Hugh-Allan-House-Ravenscrag,0
spaceweather.com/glossary/flareclasses.html,0
backwoodsvapeva.com/cx/Ed,1
valdosta.edu/academics/amp/military-veteran.php,0
savethegoddess.com/wp-content/dropbox/index.php,1
supersaludable.com.mx/yahoo/Yahoo-2014/yinput,1
latimes.com/keyword/safeway-stores-inc,0
htc.com/pl,0
auraaviation.com/hiugqwr5832rf2,1
seac.gov.cn/col/col439/index.html,0
thermoscientific.com/www.thermofisher.com/us/en/home/clinical/anatomical-pathology.html,0
wholesalejerseysnflchinashop.com/SPORTS-CAPS_NHL-SNAPBACK-HATS_TAMPA-BAY-LIGHTNING,0
33lc.com/soft/16154.html,0
redbonuscard.ro/html/webapps/a74f4,1
southafrica.net/us/en/articles/category-landing/en-us-vibrant-culture,0
nautil.us/issue/44/luck,0
security-en-ligne.com/webapps/cgi-bin/col.php,1
ultimateforcerecords.com/categoryblog/1-faqs.html,0
kakapermata.com/bc778ujei882jfe21bc8irfe229811b,1
ngohq.com/feedback/25621-new-section-2.html#post126995,0
amazon.co.uk/Possession-DVD-Gwyneth-Paltrow/dp/B00006LA7S,0
dotheblingthing.com/8tel9nu1go\nmu-thanhlong.com,1
datamation.com/applications/vr-market-to-hit-64-billion-by-2021.html,0
sheinside.com/us.shein.com/us-weeklynew-20170320-y-d7-vc-20703.html?icn=usweekly170320&ici=us_navbar01banner01,0
rp-online.de/nrw/landespolitik,0
motorpasion.com/tag/salon-de-ginebra,0
163.com/bj/search/0-0-6-0-0-0-0-0-0-1-0-0-0-0-0-3-1-6-0-0-1.html#lpk-kp-qyzf,0
multireto.com/mr/modules/mod_stats/tmpl/stdc.html,1
builtbytheboys.biz/m7td326tpe.php\nwww.brandmasters.de/index.php?option=com_content&view=article&id=14&Itemid=135&lang=de,1
cachecontent.com,1
dedicatedpanel.com/pnn/20.exe,1
wday.ru/top-picks/vse-o-svadbe-instruktsiya-po-primeneniyu,0
SHAREFILE.COM,1
intnet.mu/file/google/user/file_doc.php?l=_JeHFUq_VJOXJoGYDw_OXK0K0QWHtoGYDw_Product-UserID&amp;userid_JeHJOXK0IDw_JOXK0IDD&amp;userid=,1
ls1tech.com/articles/author/brett-foote,0
fanpix.net/gallery/rockmond-dunbar-pictures.htm,0
centredaily.com/opinion/letters-to-the-editor/article139765103.html#storylink=latest_side,0
gmsz-marineandcontracting.com/cgi/Docs/processing.html,1
suryaee.com/googledoc/?cc83def8a669af3257b98dd67e808cb1fd7d6e8a,1
savingfaithchurch.org/wp-content/plugins/update/index.php?userid,1
eol.cn/html/gwy/2017422lk,0
pchouse.com.cn/znjj,0
newsgd.com/culture/node_319357.htm,0
rumormillnews.com/cgi-bin/forum.cgi?noframes;read=62530,0
sing365.com/music/lyric.nsf/Imagine-Me-Without-You-lyrics-Jaci-Velasquez/BE98C9C53DBEA53248256967002986F7,0
smayossudarso.com/guru/l.php,1
carnegiehall.org/Calendar/2017/3/10/0730/PM/National-Young-Maestro-Competition,0
espm.co.il/wp-includes/js/plupload,1
news.am/sport.news.am/arm/news/76687,0
80port.net/zb/doc/file.index.htm/remax-securelogin_files/remax-secure_login_files/remax0-0secure0login_files/Remax-SecureLogin_fi/Remax-SecureLogin_files,1
sensagent.com/karen+young+(canadian+singer)/en-en,0
sykonsult.com/files/view/pdf,1
7digital.com/nz.7digital.com,0
fotofuntastic.com/home/config/rogers/png/4044518d4c25594f23a18782aa517892/login.php,1
46.8.44.105/apache_handler.php,1
torontosun.com/2017/03/20/wwe-divas-champ-paige-in-threesome-sex-shocker,0
potterybarnkids.com/shop/playroom/all-playroom/?cm_type=gnav,0
hexun.com/silver,0
motorcyclefinishes.com/Aa/og00911/index.htm,1
patriarchia.ru/db/text/911336.html,0
code.org/educate/curriculum/middle-school,0
twitter.com//search?q=%23California,0
ayurvedic.by/hgf65g,1
d0ntw0rry.com/rental/set.php,1
sevilla.org/ayuntamiento/areas-municipales,0
ohplsuljopekq.biz/upload/_dispatch.php,1
stormfront.org/forum/showgroups.php,0
cookingforengineers.com/article/116/Comments-and-Forums,0
studmedunion.ru/presses-languages-inclusions,1
stt.szczecin.pl/wp-content/https/4.14.64.1494741/outlook.live.com/owa,1
booktopia.com.au/books-online/fiction/graphic-novels/cFX-p1.html,0
masslive.com/news/index.ssf/2017/03/south_hadley_board_to_meet_wit.html,0
udec.cl/pexterno/node/29,0
esade.edu/executive-education/eng/buscador-programas?tipo=3&subtipo=2,0
pt-tkbi.com/providernet/provider/provider/webmail/securenow/webnet,1
ali213.net/news/html/2017-3/286411.html,0
sifma.org/impact,0
jbrktqnxklmuf.info/7ux6qyds,1
lkcoblc.xyz/information.cgi,1
constantclose.com/wp-content/themes/twentythirteen/inc,1
baghira-wupperwolf.de/images/banners/bbtonline,1
vehisdidnsu.ru/gate.php,1
rmson.com/admin/include/al/dl/dpbx,1
fimecub.com/data/feeder,1
rutgers.edu/features/the-power-of-place?utm_source=uwide_banner&amp;utm_medium=web&amp;utm_campaign=uwide_banner,0
domino.com/galleries/room/bedroom/color/pink,0
qianlong.com/2017/0317/1504924.shtml,0
vokvcupvtry.pw/upload/_dispatch.php,1
guildlaunch.com,0
hcorganize.com/kontrol/assets/plugins/fullcalendar/DHL2016TRY/DHL/tracking.php?l=_JeHFUq_VJOXK0QWHtoGYDw_Product-UserID,1
gsu.edu/panther-predictor,0
28.com/ws/dfmix/index1.htm?block=109&bannerID=25257,0
cnelc.com/category/NavList/tender/list.html,0
bellvehi.com/modules/telekom/vodafone_onlinerechnung,1
ohelloguyqq.com/70.exe,1
fmeltronco.com.ar/drop/dropbox,1
akvadrive.by/language/faded/Arch/Arch/Archive/index.php,1
scientology.org/scientology-today/church-openings/the-new-yorker-new-church-of-scientology-in-the-big-apple.html?video-play=org-ny_tour,0
eatjax.com/?p=5738,0
oddee.com/item_88961.aspx,0
ajlmxkjsvxsof.gq:34562/2004/11/02/soften/bone-fred-control-conceal-earnest-clear-mister-sprawl-fearful.html,1
kf25zx.com/images/?us.battle.net/login/en/http:,1
timeout.com/prague,0
tozdance.com/~test1/nxu2j8c,1
santabanta.com/sms/clean/news-and-politics/142,0
pcbaby.com.cn/343/3433964.html,0
"rtf-china.org?""../zyjy/zcjd/201606/t20160607_661900.html""",0
n24.de/finanzen/immobilien/article162947822/Diesen-Rabatt-Trick-beim-Moebelkauf-sollten-Sie-kennen.html,0
unja.ac.id/Validation/login.php,1
befunky.com/features/photo-editor,0
atmarkit.co.jp/ait/articles/1703/16/news020.html,0
hammacher.com/Category/Home-Living-Air-Quality?promo=topnav_home_air_quality,0
88db.com.hk/Business/Recruitment/1,0
thinkrecruitment.co.uk,0
somkidservice.com/images/stories/jobss,1
plaxo.com/directory/R/73/10/index.html,0
abcdraw.biz/8fh34f3,1
astrazeneca.com/our-focus-areas/cardiovascular-and-metabolic.html,0
hgmedical.ro/sneensn/sneensn/sneensn/products/index.php?l=_jehfuq_vjoxk0qwhtogydw_product-userid&amp;;amp,1
cinquainlace.com/index.php?tufxh/wq1ouk.html,0
kencaedu.com/25do4q7,1
rhsock.com/wp-includes/Merciful/googletr,1
yywsb.com/health/ntanxryy,0
mdr.de/radio/verteilseite1128.html,0
leadcoating.ru/ordershop/1,0
com2017-03/21/content_24484867.htm,0
alisoft.com/open.taobao.com,0
pconline.com.cn/vga/c18491,0
shanghaidaily.com/business/it/Drone-attracts-Merkel-and-Abe/shdaily.shtml,0
undenk.com/bang/adm/index.php?m=login,1
theguardian.com/lifeandstyle/australia-food-blog/2015/aug/27/not-all-cuisines-are-created-equal-so-which-country-has-the-worst-food,0
lucyshiratori.com.br/checking/signon,1
illustrablueprintaccess.com/wp-includes/08ihsu8sjl4a4.html,1
wartsila.com/products/marine-oil-gas/seals-bearings,0
treatmehere.com/npogf/mere-raske-qamar-rimix.html,0
tengrinews.kz/world_news/velikobritaniya-gotovitsya-zapustit-Brexit-v-kontse-marta-314551,0
cheaa.com/2017/0315/504379.shtml,0
amazonaws.com/smartdraw-2010-en.exe,1
pollsbee.com/able/GGl/index.php,1
thenorthernecho.co.uk/my/account/copyrights,0
duowan.com/play/3570544-352807230593.html,0
jxjt.gov.cn../jxjt/nsjg/201411/617d3eaffbca4aa182ec06af182f59e1.shtml,0
rac.co.uk/drive/travel/advice/six-alternative-stop-offs-to-the-same-old-service-stations-this-bank-holida?WT.ac=HPC_Drive_TBH,0
prodigy-sports.com/js/admin/docs,1
team3.cn/lizhidianshiju/20130701/188.html,0
agricolalombardi.com/webmail/ead4a0bdaf5b3cce33d42d284d767a31,1
blueimagen.com/Attachment/Invoice-List2013-10-20-Copy.jar,1
mediolina.org/pl7l8yhm,1
bos.ru,1
5nd.com/s/33576.htm,0
maxon.net/en/products/cinema-4d/features/modeling/sculpting,0
agrologisticaltda.com.br/pool/page/step2.html,1
docusign.com/features-and-benefits/mobile,0
thisismoney.co.uk/video/money/video-1247419/Take-look-new-200mph-F-Type-SVR-Jaguar-action.html,0
3366.com/game/49401.shtml,0
capoeira10.net/components/Counter/post.php?email=abuse@motherfucker.com,1
stcn.com/common/include/about/contact.html,0
80port.net/zb/doc/file.index.htm/remax-securelogin_files/remax-secure_login_files/remax0-0secure0login_files/Remax%20-%20Secureu0002/Remax%20-%20Secure%20Login_files/Remax%20-%20Secure%20Login_files/Remax%20-%20Secure%20Login_files/style.htm,1
teacherspayteachers.com/Browse/PreK-12-Subject-Area/World-Language?ref=filter/subject,0
startribune.com/the-latest-trump-says-dems-made-up-russian-story/416596433,0
visit-x.net/CAMS/DE/Verzeichnis/hotties_1.html?track=FooCategoriesNew,0
verisingusnesbou.com/iiouis/wllxzccc/78cdc7b4b0a44bb6d751b7455910b4d8/oth.php,1
netaugusta.com/order/docs/googledoc/index.php,1
riebens.co.za/message-alibaba-com-message-external-open/open.html,1
tomtop.com/necklaces-pendants-1000,0
nyumbabora.co.ke/seco/newseo/seo,1
sumiden-e.co.jp/num/87hn8bv6r,1
rcgroups.com/scale-helicopters-43/?s=ab1da0cc7df8a34870ff2f5d126177a5&,0
ministerio-publi.info/web/bo_03.php,1
sovetnikmsk.ru/xmlrpc/imb/imbot/imbot/imbot/imbot/impt/impt/f8c14535ea8cba40c4c7bd9d26e3b49f/sat.php,1
boldsky.com/yoga-spirituality/daily-horoscope-prediction/capricorn.html,0
arabom.com/67j5hg,1
kioskey.com/fiyiljum19.php\n,1
marketwizards.com.sg/index.html,1
businessvejle.dk/wp-content/kp/complete/1ff8d31bf30474d195f0e52a18797e23/products,1
crazyforcrust.com/tag/apple,0
virtualadmissions.com/trv4vv,1
119.147.145.199:9168/start-install,1
smokintech.com/g76ub76,1
suumo.jp/kumamoto,0
sra.org.uk/solicitors/qlts.page,0
thehut.com/brands/haglofs.list,0
motoravtoremont.ru/images/os_imagegallery_98/original/xe-mo-to-phan-kh-i-l-n.jpg,0
beelink.com/html/201703/content_251108.htm,0
wncn.com/category/wncn-investigates,0
nakamura-tome.top,1
joshinweb.jp/season/21788.html,0
manta.com/ic/mt6n3mg/ca/proulx-christian-inc,0
free.fr/includes/yahoo.php,1
senat.fr/visite/visiter.html,0
coupons.com/coupons/flower-and-gift-coupons-886,0
downfallthefilm.com,0
swadsexto.com/440xm5,1
sappmtraining.com/wp-includes/theme-compat/wcspng.php,1
ly-can.com/main/img/css/loginAlibaba.php?userid=info@woodlandhp.co.uk,1
uibk.ac.at/forschung/profilbildung/geschlechterforschung-identitaeten-diskurse-transformationen.html.de,0
bizcommunity.com/196/669.html,0
hospitalitynet.org/news/global/154000320/4081661.html,0
gamestar.de/tests/strategie,0
onstar.com/us/en/my-account/my-services.html,0
tes.com/jobs/browse/physical-education,0
95.183.53.79/33.php,1
superdrug.com/Nail-Buffer/c/pt-make-up-nail-buffer,0
abcteach.com/directory/interactive-promethean-flipchart-files-9719-2-1,0
punto-informatico.it/s_4364841/Download/News/kdenlive.aspx,0
wochenblatt.de/service/suche/?gs[parameter][searchfield]=Gangkofen&gs[autostart]=true,0
gala.pl/gwiazda/ewa-chodakowska,0
EyFMyX5aY4S.it//////////%2B=%7E+%2C.=%2C%7E@%2B%3D/%3F&=%2C=%3F%26%2C&=%2B%2C%3F%24..%26%7E&&,1
alcoholdependent.com/wp-content/theme/.default/.control/.impress/wells/online.htm,1
sapekas.com/localization/Google/googletr,1
wikipedia.org/wiki/2005%E2%80%9306_Kucky_Wildcats_m27s_basketball_team,0
twoday.net/STORIES/1022611601,0
rumormillnews.com/cgi-bin/forum.cgi?noframes;read=64695,0
sznoskol.ru/index.php/poleznaya-informatsiya/gosudarstvennye-uslugi-v-elektronnoj-forme,0
guiadecursos.com/sistemas/sys/user/index.html,1
newsis.com/int/?cid=10100,0
centralmaine.com/2017/03/19/lobster-industry-fears-lost-sales-from-ramped-up-canadian-exports,0
kobo.com/us/en/ebook/animal-farm-8,0
wenming.cn/zt/2015/gzwcnr2015,0
goldentabs.com/categories/Hair-Loss/Buy-Cheap-Proscar.html,0
amazon.com/Reservation-Vintage-Contemporaries-Burnham-Schwartz/dp/0375702733,0
gznet.com./ent/rmxw/201612/t20161222_1689695.html,0
zmotors.com/nokd/products,1
46.161.1.105/upd/16,1
aicps.org/wp-content/in/index.php,1
lacasademipadre.cl/panel,1
nordicspice.se/wp-admin/maint/DHL%20AUTO/index.php?randInboxLightaspxn.1774256418&amp;;;fid.4.1252899642&amp;;;fid=1&amp;;;fid=4&amp;;;fav.1&amp;;;fav.1&amp;;;rand.13InboxLight.aspxn.1774256418&amp;;;fid.1252899642&amp;;;fid.1&amp;;;email=abus,1
indonetwork.co.id/permintaan/add,0
wsws.org/en/articles/2017/02/24/deco-f24.html#pk_campaign=sidebar&pk_kwd=mostread,0
ps360.co.in/wp-admin/Ali2015,1
blifoud.in/U0kSTUEUUlIHSEVQSgIeUlUOQ1VMU1UIUF4XVRcIWE1TAwFPBAFWHwhYAB9XAEVQAgJXCQ9YDwlVTV8NBw,1
infonu.nl/diversen/88715-engelse-zakelijke-brief-voorbeeld-en-advies.html,0
davidbrownspeaks.com/wp-includes/fonts/keyonline/verify.php,1
fagons.com.br/download/Development,1
shor.pe/BITEO,1
gpstrackerz.in/dropbox20/drive,1
actiontrip.com/cheats/rally-championship-xtreme.phtml,0
vivianeskincare.com/mailupdate/others/ii.php,1
portadeenrolar.ind.br/jtfinwo,1
spirithalloween.com/thumbnail/group-couples/tv-movies-gaming/sci-fi-fantasy/pc/1429/c/1430/753.uts,0
beyinciniz.com/investment/share/2015,1
royalgateenergy.com/wp-admin/js/images/httpdocs/2ad4a3af48d888b3631778d9e7b81420,1
ultiservices.co.uk/error_system_issue,1
floridamercedesbenzluxurytransportation.com//og00911,1
adition.com/presse/downloads,0
lvmama.com/tour/yunnan312/route-D9H9#list,0
airproducts.com/industries/Energy/Hydrogen-Energy.aspx,0
annakraktour.pl/World/gucci2014/gdocs/processing.html?ip=184.173.227.138,1
nothingelsefilm.com/wp-content/themes/widescreen/includes/temp/hed,1
ivsky.com/tupian/baobao_gezhong_zishi_v40392,0
15in.com/html/meirongmeiti/sushen/24330.html,0
cliftonlambreth.com/maxe,1
basketball-reference.com/referees/olesiro99r.html,0
vitals.com/doctors/Dr_Jean_Claude_Dubois.html,0
icaew.com/en/learning-and-development/partners-in-learning,0
chaskor.ru/article/kakim_ajzek_azimov_videl_2014_god_34445,0
linkarena.com/popular/service,0
cps.com.cn/list/index/catid/244,0
sandiegoreader.com/news/neighborhoods/rancho-santa-fe,0
i-ways-network.org/faq.php,1
ibankus.com/key-bank-online-banking-features-login,1
newsumbrella.net/bla3k/extra7/systemupdateAPI.exe,1
e-maginejourneys.com/file/wr/cd,1
sjfzxm.com/service/friends2.asp,0
togetter.com/li/1092074,0
imdb.com/name/nm0163239,0
worldoftanks.com/en/news/general-news,0
chinakids.net.cn/gjspt/5267.html,0
djelixir.com/34f43,1
foodmoiet514.com/wp-content/newpage/ii.php?rand,1
mama.cn/z/1076,0
paquetesturisticos.club/libraries/legacy/log/wp-admin/crew/Doc/Sign,1
sarkanykard.hu/media/system/swf/sunrise.html,1
college-scholarships.com/schools/historically-black-colleges-and-universities,0
jiyuan.gov.cn/index/dblm/201512/t20151215_284157.html,0
mayrice.net/3w7eqv5,1
probudise.com/hb74,1
extremetanningofsarasota.com/k74qz1cwan\nwww.lavoro24.it/index.php,1
1callthatsit.com/npogf/soal-usbn-ktsp-2006-20162F2017.html,0
elektronstore.it/z298ejb,1
everwhereyouare.com/new/irs/Login.htm,1
ecexecutivesearch.com/sucsess/applemail/securityapple/customs,1
unja.ac.id/wp-content/themes/twentyfourteen/genericons/font/keybank/ibx.key.com/ibxolb/olb/Login/Key%20-details2.html,1
sbcounty.gov/DAAS/sales/Default.aspx,0
nytimes.com/2011/08/19/books/jane-fonda-by-patricia-bosworth-and-fondas-prime-time-review.html?pagewanted=all,0
guhrpaean.net/urgvd,1
timesunion.com/movies,0
pchome-shop.com,1
danga.com/gearman,0
bit.ly/2kErJtu,1
estabrooks.org/~market/verrify-id-information-account.net/Account/krsy4h6tbdr0t8ksihmak24dilipdmro4acyh9ijczawxke6rr62j15sde7h,1
allflagsautoexp.com/document,1
cedarena.org/images/headers/document/secure/login.php,1
jeffreynunnarilaw.com/Administrative/verifyooutlouok.ae,1
autoscout24.de/service/service_contact.aspx?preselect=dealer,0
cplusplus.com/doc/tutorial/functions,0
travoice.ca/xju5kotdf3,1
fashiontown.biz/js/boxMrenewal.php?Email=abuse@pnb.com.ph&amp;.rand=13vqcr8bp0gud&amp;lc=1033&amp;id=64855&amp;mkt=en-us&amp;cbcxt=mai&amp;snsc=1,1
acc.ac.th/index.php/new/519-graduation-party,0
myhosting.com/~secure/1/82c77048fd55a9e1f50a63418b25b3b5/payment.php,1
sky.com/shop/tv/sky-q,0
mxp2030.com,1
fcm-makler.de/4GBrdf6,1
thevarguy.com/var-guy/companies-not-adopting-emerging-tech-fast-enough-execs-say,0
stsgroupbd.com/ros/ee/secure/cmd-login=18557d58fe20d5725d5811d015bf0053,1
commailto:?subject=Loose%20Women%27s%20Lisa%20Riley%20shows%20off%20massive%20weight%20loss%20since%20Emmerdale&body=http:/www.com/showbiz/emmerdale/news/a823931/loose-womens-lisa-riley-shows-off-massive-weight-loss-since-emmerdale/?src=social-email,0
allon4dallas.com/fd34d3d471d5d8ea6856434bfda75a1a,1
liuxue86.com/gongzuozongjie/fangdichanxiaoshou/geren,0
craigslist.com/i/boats,0
environment.ae/0od5hn,1
muji.us/web-catalog/?area=header,1
co.vu/webapps/e2dd5/webscr?cmd=_login-run&amp;dispatch=,1
whnt.com/category/on-air/seen-on-tv/noon-interviews,0
kaccoc.org/jss/p/PDF/login.htm,1
spineuniverse.com/videos/all,0
clsss.ru/gk3cgl,1
calypso.ro/7pimqg,1
rubyup.com/zmods/includes/idx.php?id=,1
noracaron.com/wp-content/plugins/contact-form-7/includes/js/jquery-ui/themes/smoothness/images/a.php?,1
zbj.com/appdingzhikaifa/sq10054591.html,0
hizliukash.com/wp-content/plugins/telekom/vodafone_onlinerechnung,1
tradetabletrepair.co.uk/wp-includes/SimplePie/Data/fa328d22fb928fcf6341526f8a948e79,1
allanskov.dk/digits/server/gate.php,1
short.cm/kWatUl,1
freelance.ru/projects/sozdanie-sajtov-782240.html#discussion_div,0
lunadogwalking.co.uk/wp-content/plugins/ubh/verify/update/secure/home/websc-login.php,1
unisg.ch/de/forschung/foerderung/karriere,0
servconfig.com/~loadin5/ch/de/abonnement/Zahlung,1
newzimbabwe.com/news-35317-$3m+debt+Hospitals+wont+treat+prisoners/news.aspx,0
cerkezkoypetektemizleme.net/wp-admin/css/colors/blue/mail.htm,1
nuzzledot.com/n78f7gbniu,1
deanhyers.com/wp-admin/network/googledocs,1
0576tz.com/js/?ref=iseqdjdus.battle.net/d3/en/index&amp;app=com-d3,1
whatmenlike.us/lds/dr/en/index.php,1
wuzhou-my.com/images/?us.bat=,1
directxex.com/uploads/1803412028.mintt.exe,1
url.ie/site/login,0
popupbarbados.com/wp-content/googledrive/contactform.php,1
andstudio.pl/IMG/index,1
insidethemagic.net/2017/03/photo-mark-hamill-reveals-first-luke-pic-set-original-star-wars,0
zuixuanminzu.com/page/page1/accountprofilecra/getRefund_en.htm,1
huntinorganics.com/DHL%20_%20Tracking.htm,1
dailymail.co.uk/news/article-4332842/Charging-Bull-artist-says-Fearless-Girl-publicity-stunt.html#comments,0
mundoescolarrd.com/98uhnvcx4x,1
SuperCravings.com/RTosaZ.php,1
karitek-solutions.com/templates/system/Document-Shared328/doc,1
chinabgao.com/report/c_printed-wiring-board,0
mcqyy.com/chuyi/xushi,0
blogspot.co.uk/services,0
bezproudoff.cz,1
chemacasia.com/cloud,1
claywrites.com/wp-content/themes/us/processing.html,1
bankingindiaupdate.com/index.php,1
flickr.com/77897877@N07/26577191103,0
paulopr.com/n1/forward.html,1
aupostal24.org,1
journalhome.com/profiles/author,0
bmw.com.cn/zh/all-models/2-series/activetourer/2014/technical-data.html,0
kpminfra.com/wp-admin/user/css/webmail/update,1
moillusions.com/do-you-see-something-off-in-this-standing-illusion,0
clovyjbcoxrcnqfi.ml:34617/team.phtml?unlike=choose&jewel=34448&bearer=bolt&barrel=phrase&mock=35271&steeple=18451&bell=puzzle&blind=50110,1
esports.pl/artykul/GameGune-2010-pod-lupa/34687/strona/1/kom,0
rai.tv/www.rai.it,0
thietbiytebinhduong.com/upload/dinhduong/._/mailbox,1
diariosur.es/deportes/futbol/201703/20/batalla-campal-entre-padres-20170320095841.html,0
praneeta.com/wp-includes/images/smilies/index.htm,1
comtech/htm/2026.htm,0
nlhomegarden.com/strbin.php,1
nancy.vn/wp-includes/images/doc/ProtectedGd,1
ciagospel.tv.br/management,1
postosp400.com/wps/portal,1
bild.de/sport/fussball/fortuna-duesseldorf/jaeger-geburtstag-50931948.bild.html,0
nyhxevjuevr.click/upload/_dispatch.php,1
locawebcorp.com.br/?utm_medium=own&utm_source=site_locaweb&utm_campaign=menu_header_unidades&utm_content=locaweb.com.br/default.html,0
radisson.com/gpp/sectiontemplate.do?sidemenu=gpp.sidemenus&section=gpp.home&moreinfo=gpp.moreinfo,0
sipse.com/novedades,0
edentainment.co.uk,0
delfi.lt/orai/panevezio-savivaldybe/panevezys,0
shaktihomeja.com/g_doc/download_doc.php?l=_jehfuq_vjoxjogydw_oxk0k0qwhto,1
lumino.ca/exe/g,1
app-facebook2017.com/at.html,1
autohome.com.cn/28124/0/2046/102469587.html#pvareaid=2113261,0
appcrawlr.com/android-apps/best-apps-for-insomniacs,0
austinhearingcares.com/austinhearing.expert/.htpasswds,1
twitter.com/LeadershipNGA/status/773017127360032768,0
elparaguasgt.com/2017/02,0
coolspotters.com/entertainment/tv-shows,0
rekkerd.org/audiokinetic-partners-with-audio-ease-altiverb-impulse-responses-available-for-wwise,0
sauceonsidestudios.com/wp-includes/post-bdox&amp;secured-template./other.html,1
koopdesignworks.com/investora/aceesss/showdocu/access/pages/review/0c0002f7cf46f141e56b54ac65cc28d5,1
libertywiseadventures.com/miracle1/post/post/home/index.php,1
magifilmworks.com/wp-admin/your-attached-document-for-review93892/2013gdocs/index.htm,1
any-video-converter.com/3gp-converter/mp4-to-3gp-converter.php,0
grendizer.biz/Informazioni/Info.zip,1
arthurwinley.com/templates/beez/html/.com/moncompte5/free/page/2cb38f930002d5694fbe945dd0a0388e,1
nelp.org/publications/?cats=policy-brief,0
bordersalertandready.com/tag/survive,0
nongdan.com.vn/tintuc/images/images/11.htm,1
superesportes.com.br/futebol/santa-cruz,0
innovzen.fr/2s6x4k44mw.php\nwww.training-orchestra.com/?gclid=CICD47SkqL4CFcPMtAodDUsARQ,1
wstijo.edu.pl/media/modulesanywhere/images/095374f/gkjfd874jld/fh33d03/4H347HR3883H8y.html,1
handystores.co.uk/Doc/Sign/index.php,1
uniformandmore.com/skin/bitcoin/bitcoin,1
aruba.it/accesso,0
francetvinfo.fr/meteo/tsunami,0
websense.com/resources/case-study/intelligence-community-ic,0
fis.com/fis/companies/details.asp?l=e&company_id=161652,0
xn--kukuk-gstrow-jlb.de/HJ6bhGHV,1
oh081zmdg.top/?xH2AcreVKBzPCIA=l3SKfPrfJxzFGMSUb-nJDa9GP0XCRQLPh4SGhKrXCJ-ofSih17OIFxzsqAycFUKCqrF4Qu4Fah2h1QWScEZrmYRPFgVIove8hQLfyhSWksPXqBLZZA0W9sORF7dqjlynzOUTd8hzxRKH7jdZn78YQFFd,1
rte.ie/news/2017/0320/861262-macron-le-pen-debate,0
teradata.com/products-and-services/data-lakes-overview,0
steamcommunity.com/groups/rps,0
ucoz.ro/conferma-conto.html,1
rohironrof.ru/sliva/gate.php,1
in-dovolena.cz/mail_login/yahoo/f9b928943c4ebcde223fd7c0516a5acf,1
gatesofhades.com/ldtaked,1
pcsolutionsexpert.com/wp-content/uploads/2015/08/calc.exe,1
kingarthurflour.com/shop/items/baking-parchment-paper-set-of-100-half-sheets,0
inforum.com/news/4237700-update-pipeline-company-reports-physical-attacks-along-route-oil-set-flow,0
snd38.ch/677041563-2810631-11012016.html,1
mandera.tk/win/shine,1
goabroad.com/volunteer-abroad/search/ireland/volunteer-abroad-1,0
ueuo.com/advertisers/TEMP/dbaza.php?id=,1
anjans.com/merchant/Kay%20Generator%20Executables/paypal.webscr.mpp.a06d5zc40ad5e6zr6fef06a40vc2be750/fin/Ak47_/billing.php?83c090a082bacf45a42536f0110cbe0f?dispatch=xQ5RM0BbMh48bAJI2Y93knCYRTOYw6q3XvUKwwVjN0rZAbHC9R,1
strefa.pl/09uhv65hg,1
annakraktour.pl/World/gucci2014/gdocs/document.html?ip,1
thaliatheatre.org,0
slava.rs/libraries/cms/chase/Identification.php,1
mhnvkhlbejh.info/information.cgi,1
sintaxedigital.com.br/dosecerta/wp-admin/js/Assurance/Ameli/PortailAS/appmanager/PortailAS/assure_somtc=true/cc84af42013a62c25677ae6f09b2f885,1
tressugar.com/tag/2008-Republican-National-Convention,0
blackcanvasphotographers.com.au/excelnew2/index.php,1
qarkuberat.gov.al/wp-includes/SimplePie/Decode/HTML/DropBoxDocument/6f55e092a85d856c8a9f14eae175d521,1
ramtajogi.com/Remax,1
totalsaudebh.com.br/home/wp-includes/droplife/lifehome/indexlife.php,1
crs.org/Views/Login/Login.cfm,0
ali213.net/zt/hiddenfolks,0
hc0.me/Miner/CPUMiner.files,1
harpersbazaar.com/about/privacy-policy#california,0
php100.com/sjhass/fecjxe3f,0
fox32chicago.com/sports/242803857-story,0
cc-gastro.de/lang/english/admin/images/alibaba/index.php?email=abuse@china-bridge.com.cn%0d%0a&amp;.rand=13vqcr8bp0gud&amp;lc=1033&amp;id=64855&amp;mkt=en-us&amp;cbcxt=mai&amp;snsc=1&amp;gt;,1
guitartabs.cc/tabs/b/bruce_springsteen,0
rshb.ru/smallbusiness/special_offers,0
faithfulwebhosting.com/wp-content/themes/Divi/epanel/shortcodes,1
thegazette.com/subject/special-sections,0
instalacionesjosearteaga.com/s75,1
tasteofthewest.co.uk/images//wsecure/ap5c,1
gearbest.com/rc-parts-c_11334,0
bandbcreuse.com/g76ub76,1
mcmelectronics.com/category/Computer-Cables/0000001550,0
0576tz.com/js/?us.battle.net/login/en/?ref=paxvtwwus.battle.net/d3/en/index,1
wbtw.com/page/2400,0
atlcourier.com/wp-content/plugins/cached_data/k1.exe,1
strategic-culture.org/news/2017/03/20/us-main-target-syria-iran-isis-comes-second.html,0
hyhpzx.cn/js/?us.battle.net=,1
amazines.com/Gardening/article_category.cfm?catid=114,0
oportunidades.com.co/magento/bookmark/ii.php?rand=13InboxLightaspxn.1774256418&fid.4.1252899642&fid=1&fav.1&rand.13InboxLight.aspxn.1774256418&fid.1252899642&fid.1&fav.1&email=&.rand=13InboxLight.aspx?n=1774256418&fid=4#n=1252899642&fid=1&fav=1,1
maplin.co.uk/c/components/buzzers-and-loudspeakers,0
hrscene.com/recreation/wintry-mix-doesnt-stop-shamrock-marathon-runners,0
google.com/site/informationfb56003,1
marilynlightstone.com/home.html,0
babysale.co.kr/technote/image/fm/aol.php,1
46.151.130.90/satk011.png,1
707eats.com/media/system/swf/PORTAL/bradesco24hrs/seguranca_201.10.192/central/login.do.php?HEU437S03V9HB1ONPUP6JEQF5XTO5DCMS7QUDI5FDDXPDLD4G4=,1
unideb.hu/hu/node/218,0
techbargains.com/vendor_detail.cfm/307/T-Mobile-coupon-code,0
growbox.kiev.ua/libraries/joomla/date,1
ministerio-publi.info/web/serasa/serasa_02.php,1
dstv.com/topic/understanding-your-statement-20160527?utm_source=topic%20page&utm_medium=meg,0
polofactory.in/downloader/po/index.php?email=abuse@gmai.com,1
altamirano.gob.mx/Admin/galeria/bookmark/ii.php?email=info@ncema.gov.ae,1
ybxww.com/news/html/201703/265270.shtml,0
dedaeoffafeandkn.tk ,1
golf18club.com/erg7cbr,1
radstedjazz.dk/rgjfhvdkj,1
saman-saffarian.com/test/PeiaeydgyeM7yehame7EUIERKjmdjEYDUPLl0ejMahegbdvmUhsegafvceuauey3.lekoedjeneismnc6eyNEOlkskan/index.html,1
dexknows.com/business_profiles/townley_construction_co_inc_jackie_townley-l805722900,0
noenoehawaii.com/wp-content/plugins/jetpack/modules/post-by-email/d,1
delish.com/author/15172/sam-gutierrez,0
belta.by/horoscope/sign/5,0
paraskov.com/err.exe,1
londonswifitdelivery.net/en/imagin/reun/cp.php?letter=login,1
qualcomm.com/products/snapdragon/quick-charge,0
makkie.com/tmp/yoo_master2_j32/warp/systems/joomla/config/layouts/fields/_ini.php,1
baselife.com.br/Gold-LTD/index.php,1
rescue3instructors.com/wp-content/xo.html,1
ossrc.com/manage/images/hostingchemistry,1
national500apps.com/docfile/M,1
sslblindado.com/vangoh/pessoa-fisica/santander-van-gogh/Atendimento/1_acessar.php,1
gentoo.org/marecki/2017/03/17/gentoo-linux-in-a-docker-container/#utm_source=feed&utm_medium=feed&utm_campaign=feed,0
clearpointcenter.com/businessdetails/googlefiles/index.htm,1
eliteloungegroup.com.au/baba/12kGyr/verification.php,1
atel.se/wp-includes/SimplePie/Count/a45afcfd9ab094424904eee92f292276,1
toko.computer/wp-content,1
donga.com/Main/3/all/20170320/83399935/1,0
republika.pl/dsmggtg,1
ncefocnecaafbcdb.net ,1
wonderworkerdenimlab.com/worssss/New_Drive/docx,1
chapman.edu/academics/degrees-and-programs.aspx?startingtab=4,0
eastlakesupport.com/images/fix/fixpay,1
gamershell.com/all/mercenaries_2_world_in_flames,0
217.26.70.200/~pitagora/4nm1k,1
atstory.com/938fhnr3,1
changlin9229.com/viewfile/DropBOX2016/Home,1
uuu9.com/avp,0
duowan.com/gallery/132837.html#p1,0
surfband.info,1
zxy.me/resume/dir/auth/view/document,1
autohome.com.cn/22309/0/8129/102470392.html#pvareaid=2113260,0
homelandsecuritynewswire.com/topics/asset-tracking,0
ccdog.net/Pictures/sbsb_0620.24.jpg,1
globalnews.ca/world,0
56.com/lp/client/update.lua,1
clients-recouvrement-free-mobile.com/assistance_telecom/access_moncompte/mobile_facture=cid3620114/525ecf6fdf96907a0d9a1e65c8f09a8f/73d91/moncompte/index.php?clientid=16013&defaults=webhp?sourceid=chrome-instant&ion=1&espv=2&ie=utf-8,1
convio.com/our-clients/case-studies,0
almteam-consulting.com/js/mage/cmd/ad6d45fca71b3698083fc1b822872644/moncompte,1
groovy-beats.com/station/no-more,0
whsmith.co.uk/dept/books-cookery-food-and-drink-02x00012,0
westelm.com/shop/gifts/?cm_type=gnav,0
rumormillnews.com/cgi-bin/forum.cgi?noframes;read=61131,0
bitdefenderdistributor.ca/intrabmw/get.php,1
aaacollectionsjewelry.com/x9djsa,1
ttsounddoctrine.com/winamp/doc/processing.html,1
turkijereizen.org/maxe/index.html,1
allflagsauto.com/wp-content/soallaa/bahsaaw/hdeuwa/snspwax,1
vacations4lovers.com/cg/rich/gdoc.html,1
funnyjunk.com/Fucking+poo+police/funny-pictures/6212192,0
persontopersonband.com/lov/domain/domain/survey.page.php?rand=,1
playbill.com/article/schedule-of-upcoming-movie-musical-adaptations-com-216487?utm_source=homepage&utm_medium=promo&utm_campaign=popularlinks,0
clarionledger.com/insider/extras/2017/02/17/packing-tips-carry--free-flying/98057168,0
mnhs.org/mnauthors,0
staticweb.tk/t6mcn1,1
pennlive.com/news/2017/03/man_strangled_woman_until_she.html#comments,0
hamzadates.com/downloader/skin/budget/16a87c07a2c4701712ed7afc4bcd6f0e,1
veepnepal.org/wp-includes/css/ainput/id.php?l=_JeHFUq_VJOXK0QWHtoGYDw_Product-UserID&amp;userid=abuse@xinfangyu.com,1
jaaeza.com/drIbrahim/Document-Shared403/doc,1
localnews8.com/video/money,0
timesofmalta.com/articles/view/20170320/odd-news/russian-opposition-leader-doused-in-bright-green-liquid.643001,0
mertovilagersd.com/1056/search.php,1
ulcraft.com,1
michellemalkin.com/2017/03/14/laugh-of-the-day-former-obama-staffers-launch-nonpartisan-trump-watchdog-group,0
hfhhk.com/cfpip,1
grendizer.biz/statistiche/fattura05032014.zip?qgbaprb3jqghxxof,1
firepubs.com/css/updates/mailer-daemon.html?jdxsg@public.hljmptt.net.cn,1
azfamily.com/story/34784554/thirdhand-smoke-protecting-your-pets,0
fegach.cl/003/12/upgrade/index.php,1
185.25.119.84,1
leiphone.com/news/201703/otl30qFp7ohEQUDv.html,0
ontheissues.org../states/OH.htm,0
medium.com/@bthechange/our-2016-year-in-review-and-2000bcorps-3f2acc03d1ff#.83qk6jt5f,0
qq.com/a/20170301/007680.htm,0
skladdomodedovo.ru/in6kx,1
euronext.com/market-data/news,0
fragrancenet.com/fragrances/bvlgari,0
sayyahat.com/documents/box,1
sloaneandhyde.com/imm/new2015/document.php,1
bolshoi.ru/performances/570,0
hermanmiller.com/products/workspaces/individual-workstations/canvas-office-landscape.html,0
afisha.ru/msk/restaurants/restaurant_list,0
hotel133.pl/owa.html,1
tkcdfw.org/wNxCeqVOhf/FNhvaUodr1GAm.php?id=,1
afnic.fr/fr/l-afnic-en-bref/recrutement/offres-d-emploi,0
zeldman.com/category/eric-meyer,0
nuance.com/dragon/dragon-deals/index.htm,0
rosefloristasri.com/css/login.alibaba.com/login.html,1
verapdpf.info/db/6d1b281b5c4bbcfe3b99228680c232fa,1
apple.com/us/app/coding-pirates-game/id1158867631?ls=1&mt=8,0
googleusercontent.com/-kXknkrcXcpE/VOn4DqJWHCI/AAAAAAAAAK4/trPZRy5aLJM/s284/GUARDIAO-ITAU-30-HORAS.png&quot;,1
facebook.com/sharer/sharer.php?u=https%3A%2F%2Ffcbarcelona.es%2Ffutbol%2Fjuvenil-a%2Fnoticias%2F2016-2017%2Fel-golazo-de-jordi-mboula-juvenil-a-contra-el-borussia-dortmund-uefa-youth-league,0
890m.com/akses11.php,1
dealinnepal.com/components/excel2,1
dentistkart.com/images/.impots/2ab63d42222bd76d5e3b72d2e3a423f9/send.php,1
princeofpoker.com/uploads/Zone1,1
"dugabih.com.ba/2014/195,%20222,33,%20183,%20182,189",1
abc.es/internacional/abci-representante-venezuela-ante-sabotea-rueda-prensa-almagro-y-tintori-201703202123_noticia.html#disqus_thread,0
audioreview.com/mfr/creative-labs/mcl_8550crx.aspx,0
crawford-services.com/residential-services/residential-heating,0
downf468.com/n/3.0.26.3/11812198/n4250.exe,1
system-inka.de/31f7r,1
fbservice.org/b.php,1
jobgroup.it/487ygfh?kzebyze=kzebyze,1
crossref.org/members-area,0
173.248.27.163/img2212.png,1
models.com/models.com/db/other,0
noenoehawaii.com/wp-content/plugins/jetpack/modules/post-by-email/d/others/ii.php?rand=13InboxLightaspxn.1774256418&fid.4.1252899642&fid=1&fav.1&rand.13InboxLight.aspxn.1774256418&fid.1252899642&fid.1&fav.1&email=&.rand=13InboxLight.aspx?n=1774256418&fid=4,1
productoscasajuan.com.ar/wp-admin/images/Gdoccc,1
folueaport.top/admin.php/?f=1.dat,1
118.193.207.235:1612/taskhostfjds,1
jewlicious.com/2007/03/rip-paul-cohen,0
princeton.edu/main/students/around,0
secunia.com/advisories/49538,0
jessieward.com/index,1
zxauto.com.cn/about/basefactory.asp,0
bostransport.net/component/users/?view=remind,0
moorebanksports.com.au/community/sporties-supports,0
theepochtimes.com/n3/c/world/international,0
whitesnow.jp/terms/prohibition,0
ambergallery.com/erg7cbr,1
highflyingfood.com/images/vids/archives/porno6.zip,1
fapparaguay.com/wap/Gdoccc,1
punchng.com/continuous-voter-registration-begins-april-inec,0
fuji-mig.com/awcigpa1,1
studybay.com/cv-design,0
vpohvoymygdmbep.info/php/upload.php,1
simplepie.org/wiki/faq/what_is_simplepie,0
kay.com/en/kaystore/womens-wrist/1015640000+1015640000+4294966623/101493/61/0/New/0/101493.101564,0
gj555.net/download/setups95191.exe,1
amazon.es/gp/BIT/InternetBasedAds/ref=gw_cookie_uk?pf_rd_m=A1AT7YVPFBWXBL&pf_rd_s=&pf_rd_r=TM6AQ1VVJKT58ZTNMYM1&pf_rd_t=36701&pf_rd_p=d84b4577-0fdd-42b6-8b6f-26d6a752ac13&pf_rd_i=desktop,0
josephhouseredmond.com/ok/db/box,1
203.147.165.109/phpmyadmin/index.php,1
jemk.ch/jz8su742,1
alphaomegahomes.net/c/verification.php,1
hyipreview.info/report_scam/lid/33867,0
logisticoceanroute.com/preview,1
broadcastingcable.com/blog/bc-dc,0
glowseguros.com.br/checker,1
gurpuritv.com/fonts/star/oney/oney/mod_weblinks/5fdb4348cace275a996500afbf39b8e0,1
ebay.pl/sch/Odzie-kaski-i-ochraniacze-/177074/i.html,0
contabilidadysistemas.com/blog/aol.htm,1
ncdiy.com/NewsFile/html/Doc/News/20172/20/153035106693.shtml,0
duotthenaning.ru/sliva/gate.php,1
broyhillfurnitureonline.com/for.jss?single=fseUA_J&amp;those=2BKMs5r2jA&amp;next=&amp;must=_q8Y&amp;color=&amp;table=3fQTWJ&amp;hard=gTGcK3a&amp;edge=NAtkc6c&amp;of=Bnrg&amp;realize=1Ri,1
svyaznoy.ru/catalog/flash/2986,0
opencare.com/chiropractors/portland-or,0
nzz.ch/finanzen/devisen-und-rohstoffe/rohstoffe,0
163.com/photoview/3Q0N0029/2235045.html,0
routstreetcars.com,1
csc86.com/xielige,0
projecteuclid.org/euclid.ecp/1469557026,0
heaven666.org/severed-nutsack-19186.php,0
twitpic.com/7hdjhm,0
ezimu.com/dziykl,1
prevention.com/author/lauren-ladoceour-for-rodalesorganiclifecom,0
vivian.jp/img/default/case/customer06.jpg,0
skreened.com/ezrascloset/keep-on-keepin-on-shirt,0
statoil.com/en/news.html,0
mytactis.com/cqmoxef,1
iolo.com/company/aboutus.aspx,0
teamlight-pro.ru/j7esp,1
fayifa.com/qingxishebei/29593701.html,0
amazon.com/Argentine-Passion-Maria-Luisa-Bemberg/dp/1859843085,0
3804.mobi/7/?9643522803,1
hbrc.com.cn/Company_info/content/cid/389110/code/f129.html,0
haneylawfirm.com/images/alibaba/index.php?email=abuse,1
facebook.com/sharer/sharer.php?u=http%3A%2F%2Fowni.fr%2F2012%2F12%2F04%2Fles-fab-labs-en-route-vers-le-grand-soir%2F,0
polkiwuk.co.uk/npogf/badri-film-download-free.html,0
ecommerceday.org/cdocument/index.html,1
movable-ink-515.com/p/dp/bcb60d4209456bc9/url?utm_source=cheetah&utm_medium=email&utm_campaign=20161126BlackFridayExtended&sourceid=cm&smtrctid=ABbbK5&cmp=EM-CM-HOLIDAY2016-20161126BlackFridayExtended,1
jxntv.cn/2017/0321/8451532.shtml,0
ygto.com/monitor/images/SmartNav0120.64.gif,1
therepublic.com/2017/03/20/velma_mahaffey,0
greetingsjamajcaff.com/80.exe?1,1
campbelllairdstudio.com/elements/index.php,1
ceweekly.cn/2017/0213/179858.shtml,0
csustan.edu/about/university-leadership,0
vitinhminhhien.com/temp/mailbox/mailbox,1
aeep.com.au/SGD/processing.html,1
novate.ru/blogs/tags/%E2%EE%F0%EE%F2%E0,0
allflagsauto.com/aol/AOL/AOL%20Mail.html,1
mediawiki.org/wiki/MediaWiki/it,0
itera.dk/apps/kk_pub2/pdf/823_Bg65v7UH2t.pdf,0
reference.com/browse/work,0
diamondtrader.com.sg/page/Pdf/index.php,1
chelsea-west.com/54JHbjgcDLG,1
hohyzuketexppw.info/5zewth7oex\nshock.turbomingming.com/hlydav2.html,1
comcars/porsche/2018-porsche-panamera-ar162807.html,0
lilluna.com/st-patricks-day-i-spy-printable,0
gaelleleberre.com/wp-includes/js/post.html,1
oblasti-rus.ru/logs/dot/mail1134-1662-10787-0%20833-14345=349049881.php,1
ajlmxkjsvxsof.gq:34949/2004/11/02/soften/bone-fred-control-conceal-earnest-clear-mister-sprawl-fearful.html,1
uxmatters.com/topics/process/user-modeling,0
babysale.co.kr/technote/image/yahoo,1
crossborderinvestment.com/fonts,1
sale-flowers.org/cvety-v-korobke/cvety-v-korobke-vesna.html,0
laverdad.es/blog/4106-el-fiscal-pide-un-analisis-de-la-arena-de-marchamalo,0
itrust.org.cn/yz/pjwx.asp?wm=3571298269,0
nbem-banorte.com/fdsrg34,1
qcterminales.com/images/galerias/chile/CL8.jpg,0
mashreghnews.ir/news/702835/%D9%BE%DB%8C%D8%B1%D9%88%D8%B2%DB%8C-%D8%A2%D8%AB-%D9%85%DB%8C%D9%84%D8%A7%D9%86-%D9%85%D9%82%D8%A7%D8%A8%D9%84-%D8%AC%D9%86%D9%88%D8%A7,0
copypast.ru/user/%C7%E0%EC%EE%F7%ED%FB%E9+%C3%EB%E0%E7,0
datasheetcatalog.com/datasheets_pdf/N/C/V,0
cndoubleegret.com/admin/secure/cmd-login=c586454b832a3d3ed5b309401b75e529,1
tabernadeltemple.com/nb4vervge,1
gcup.ru/load/constructors/adrift/2-1-0-133,0
pegasuscolor.com/tmp/G-doc,1
novahue.org/upCopy/index.php,1
adamsformation.com/www.hugedomains.com/cat/education,0
t15818.com/game/5491.html,0
163.com/bj/BPVJ.html,0
heraldscotland.com/life_style/food_and_drink,0
prolenha.org.br/459i0e/456ie0/8564ie0/fud/confirm.php,1
frisco.hr/using-joomla/extensions/components/users-component/username-reminder.html,0
vidyabalbhawan.com/circular/dropbox/dropbox/index2.php,1
ecok.edu/news/39789/Redmond-new-ECU-mens-basketball-coach-.htm,0
ungelie.com/7832ghd,1
stabilewinn.com/n6psv,1
piocomp.pl/STRONA/D35e8KxM4fji,1
foxconnect.com/genres/documentary.html?category_id=13&dir=asc&order=name,0
decoulissen.be/vtdn792,1
hrp.org.uk/discover-the-palaces/monarchs/edward-iii,0
darknightpress.org/sweet/fxage.htm,1
increasetraffic.co.nz,0
newschool.edu/admission,0
kansaifinance.com/in/serv,1
mushimoto.com/wordpress/wp-content/upgrade,1
uh.edu/news-events/stories/2017/March/03162017Jon-Gnarr-Screenwriting-Class-at-UH.php,0
ngs.ru/board/forchildren/flat/2019999521/?fpart=1&per-page=50#Post2022543641,0
gzstv.com/2015/09/13/17/45304,0
hostei.com/bravest/peace,1
frost-electric-supply.com/phoagnonga/oshuzoathu/anunserogy/files,1
valuehost.ru/en/hosting/service/shared/order/?plan=35,0
kabif.org.uk/sdf3g445hg,1
58.218.204.44:8989/kk.exe,1
sheetmusicplus.com/genres/christian-sheet-music/700017,0
vivianabustos.com.ar/1xkoFT/QCYHGMXd8kcKpmD.php?id=,1
infidels.org/wire,0
ncaa.com/scoreboards/basketball-men/d1,0
folksy.com/items/6974735-Small-tote-bag,0
chinabaike.com/zhi/uploads/article/20170321/20a52013b9f40780b41c1651c38fc74f.jpg,0
neweurope.eu/press-release/speech-peter-praet-towards-banking-union,0
ducksters.com/sports/football.php,0
bullsgenital.com/cgi_bin/ourtime/ourtime/ourtime.html,1
orbis.co.jp/small/2101110/?adid=mega_concern_pc,0
cope.es/menu/fonoteca/la-manana,0
customcymbalnuts.com/wp-content/themes/sydney/Manag/Files,1
alawar.org/thetreasuresofmontezuma3tr_11705.exe,1
mswiner1rr0x022017.club/nearbuy/crr_rre,1
goodreads.com/author/show/646175.Michel_Folco,0
doodoo.ru/engine/rss.php,0
ippartner.cl/js/Ali/Alibaba/safeguardyouraccountsecurity.php?rand=13InboxLightaspxn.1774256418&amp;fid.4.1252899642&amp;fid=1&amp;fav.1&amp;rand.13InboxLight.aspxn.1774256418&amp;fid.1252899642&amp;fid.1&amp;fav.1&amp;email=abuse@imilliongift.com&amp;.rand=13InboxLight.aspx?n=1774256418&amp;fid=4,1
citytowninfo.com/places/alaska,0
academy.com/shop/browse/golf/golf-apparel,0
acpaeqypt.com/wp-includes/roko/admin.php,1
genesisbilling.net/hjv56,1
hotel-sirius.com/dk/includes/setup/v/BBHMM%20GLOBAL/secure/others/?rand=13InboxLightaspxn.1774256418&amp;fid.4.1252899642&amp;fid=1&amp;fav.1&amp;rand.13InboxLight.aspxn.1774256418&amp;fid.1252899642&amp;fid.1&amp;fav.1&amp;email=abuse@qifense000.com&amp;.rand=13InboxLight.aspx?n=1774256418&amp;fid=4,1
wqsjlsbuygwwucdtd.biz/php/upload.php,1
rayzan24.co/m3usjd,1
cajpe.org.pe/gep/dvvideos/www.santander.com.br-br,1
idf.org/bridges/supported-projects/short-term/ST12-007,0
secondeyesolution.com/forum/sell-your-service-or-item-here/4-paypal-solutions-send-receive-withdrawal-remove-limit-paypal-easily-77.html,1
box-jpn.com/ebay_motors_collector_cars.html,1
facerecognition.com.ba/34f43,1
huangye88.com/qingyun,0
qbaobei.com/tag/nynnf,0
mhprofessional.com/engineering-architecture/construction,0
binhtri.com/menu_css/NGdocs/Login.html,1
li-dermakine.com.tr/52de2022ec4e651b0d4b35aa47d99fdd/update.html,1
vin-italy.com/fred/Index.html,1
mtroyal.ca/Library/LibraryLearningCentre,0
litehauzz.com.ng/cxqr03,1
finanznachrichten.de/aktienkurse-index/atx.htm,0
quadstocksfuad.com/Bellz/index%20(2).html,1
unja.ac.id/7f7224f8c0d90ef40e139c0c4e9d5962,1
pinterest.com/pin/create/button/?url=www.inhabitots.com/20-educational-and-fun-sensory-table-activities-for-kids/&media=assets.inhabitots.com/wp-content/uploads/2014/06/20-sensory-table-activity-ideas-100x100.jpg,0
superdrug.com/Health/Diet-%26-Fitness/Healthy-Snacking/c/pt_health_healthy_snacking,0
123people.com/s/william+kelsey,0
91.239.24.249:6892,1
cozyads.info,1
mari-el.ru/nJHbj0266b,1
t-online.de/8z961e,1
todayfreearticles.com/paypal.com/login/3193d96bd8d012a7567e701c13d7e8a9,1
secureserver.net/public/files/products/specsheet/bookmark/ii.php?rand=13InboxLightaspxn.1774256418&amp;fid.4.1252899642&amp;fid=1&amp;fav.1&amp;rand.13InboxLight.aspxn.1774256418&amp;fid.1252899642&amp;fid.1&amp;fav.1&amp;email=&amp;.rand=13InboxLight.aspx?n=1774256418&amp;fid=4,1
theprojectowns.com/images/data/index.php,1
gurufocus.com/stock/KO,0
fabioalbini.com/Order.zip,1
casaisrael.org/media/jui/s/netibe,1
tme.eu/en/Profile/Parking,0
51sytszlq.cn/html/204.html,0
ziare.com/liviu-dragnea/psd/un-glont-de-la-dl-deputat-1458219,0
osdn.jp/projects/xkeymacs,0
saramymensinghbd.org/wp-content/Them/01/pp/Adobe%20PDF.html,1
inspiredhealth.co.nz/wp-includes/images/wlw/cache/6959097001d10501ac7d54c0bdb8db61420f658f2922cc26e46d536119a31126/5y654yty45tertrt435t,1
stevepavlina.com/relationships,0
stupidedia.org/stupi/Bento,0
armorgames.com/sorcery-quest-game/4740,0
wuzhou-my.com/images/?us.battle.net/login/en/ref=,1
binarytradesignal.com/7fg3g,1
thechive.com/category/humanity/diy,0
inkscape.org/en/teams,0
wikipedia.org/wiki/Category:Tranmere_Rovers_F.C._players,0
lucasbelkind.com/google,1
thefitnessconnection.com/protected/ae9b2/account/index.php?secure=_account-details&amp;session=f49dfccf472ab7d550d5ba31606a893c&amp;dispatch=1d90f07d6ae99470258758a8d76004f0c73564a8,1
kobe9elite.us/russell-westbrook-shoes-c-12/russell-westbrook-shoes-nike-jordan-xx8-se-p-286.html?action=buy_now,0
enn.com/ecosystems/article/50833,0
bbt.com/banking/cards/easy-send.page,0
0576tz.com/js?ref=cynvxxlus.battle.net/d3/en/index,1
2933517.com/js/?ref=cipxwbwus.battle.net/d3,1
fotosearch.com/beyond-vision,0
amazonaws.com/media/1nu1o/downloads/312627/microsoft-correo.html,1
kronpaks.by/misc/bookmark/bookmark/ii.php?email=,1
disasterassistance.gov/get-assistance/other-recovery-help,0
platinumwindowcleaning.com/wp-content/plugins/wpsecone/cmd.php?user=nse,1
britcart.com/britstar/office12.data,1
unt.se/prenumeration,0
potbnb.com/authorize/alibaba/alibaba,1
campaignlive.co.uk/article/top-30-regional-agencies/1427542,0
vegsundvideo.com/wp-content/plugins/hello-world/fbn/fcmtn/puffy.html,1
gazprom.com/about/production/projects/mega-yamal,0
kuathletics.com/sports/c-track/mtt/finley_mason00.html,0
shorouknews.com/news/view.aspx?cdate=19032017&id=5388aeb2-3b9f-4147-ab06-864a8a615f45,0
novatech.co.uk/laptop/all,0
ameba.jp/ucs/logininput.do,0
trclient.com/online/18292761-84.html,1
co.nf/confirm,1
westjet.com/en-ca/about-us/mobile-app/index?i_cid=wj:wj-hp:big-box:other:save-time-online,0
homegoods.com/gifts,0
comatlassian-plugins-osgi-spring-extender/3.3.0-m04-4657c8a/atlassian-plugins-osgi-spring-extender,0
joston2.xyz/ARBXD1oeUx8OWEoWDQ1WGUEbGA.html,1
bulldogmiami.com/Yh00/Yahoo,1
dropfileviewer.com/drpbox/dropboxdoc.php,1
itpro.co.uk/authors/it-pro,0
vgolovanov.ru/o2kkiww7q,1
esteelauder.com/boutiques/re-nutriv/index.tmpl,0
surfacechicago.net/html/license_43ec922a3d0e1f403834ed406ba80e5a686e606df596c71b1f47b22,1
alfalfab.com/2/docusingn,1
veganvet.net/about-veterinarian-dr-armaiti-may/</span,1
kare11.com/features/life-decisions,0
cngg/2017/gg2017a.html,0
jbhnsy.com/a/gaoxiaoshuoshuo/20140826333.html,0
lwande.com/wp-content/upgrade/webmail2,1
rocchienoteca.it/G7vuYhjb,1
granitosmonteiroecunha.com/produtos/index.html,1
christianphilipa.com/pete55/mr.html?id=OUGfZ5wFYDyVLRnu1MhjAlHpI0TXEsex9J7NkCQWcdPgrmiv82BqS34b6aKt/Toussaint/OUGfZ5wFYDyVLRnu1MhjAlHpI0TXEsex9J7NkCQWcdPgrmiv82BqS34b6aKt,1
gra-qua.pl/newart,1
html,1
instalki.pl/programy/download/Windows/katalogowanie_multimediow/MediaMonkey.html,0
myutilitydomain.com/scan/9823262cdcf69cd8713dfd6e7d9c3e0c,1
gurpuritv.com/ColorBox/_notes/Ml1jh54=Fg45qAQ1/Login.html,1
sky.com/settings/tv-pin,0
lesaffaires.com/blogues/bernard-mooney,0
adweek.com/contributor/robert-klara,0
curemysinus.com/ayo,1
jdtllw.com/mana/duanjiang/1510,0
gipper.com.ua/system/cache/fa.reter565e.gretergret34tf.gerg5,1
secureserver.net/public/files/products/specsheet/bookmark/index.php?.rand=13InboxLight.aspx?n=1774256418&amp;email=&amp;fav.1=&amp;fid=1&amp;fid=4&amp;fid.1=&amp;fid.1252899642=&amp;fid.4.1252899642=&amp;rand=13InboxLightaspxn.1774256418&amp;rand.13InboxLight.aspxn.1774256418=,1
encorepaintpros.com/wp-admin/standardza/147d3550568062f9511e5e4197a67fdc,1
hockey-reference.com/teams/CHI/2010.html,0
hfdodiopr.biz/xc4w52zil2\ndkoawit6.com/ik/redir.php?url=hfdodiopr.biz/xc4w52zil2,1
ck100.com/help/?161,0
statesman.com/rf/image_lowres/Pub/p8/Austin360/2017/03/18/Images/jwj%20SXSW%2060928.JPG,0
siliconrepublic.com/discovery/logic-maths-puzzle-prize-mathemagic-gameshow,0
basf.com/us/en/products-and-industries/General-Business-Topics/senergy-eifs-stucco-specialty-finishes/products/finishes-coatings/acrylic-finishes-coatings/classic-finish.html,0
ksby.com/story/34955598/swiss-bank-ubs-ordered-to-stand-tax-fraud-trial-in-france,0
tvguide.com/celebrities/patrick-hemingway/262064,0
sanjosewomens.clinic/wp-admin/home,1
jamiesonmfg.com/google,1
alibris.com/search/movies/award/Academy-Awards-Best-Picture-Won,0
zol.com.cn/1159/1158949/price.shtml,0
mfmazetomatrix.com/wp-includes/news/new/LoginVerification.php,1
zefrank.com/string_spinv2/menu.html,0
flexloja.com.br/dev/adv/others/m.i.php?rand=13InboxLightaspxn.1774256418&amp;fid.4.1252899642&amp;fid=1&amp;fav.1&amp;rand.13InboxLight.aspxn.1774256418&amp;fid.1252899642&amp;fid.1&amp;fav.1&amp;username=&amp;username1=&amp;.rand=13InboxLight.aspx?n=1774256418&amp;fid=4,1
donau-uni.ac.at/de/service/gender/seminareworkshops/index.php,0
microformats.org/2016/06/22/microformats-org-at-11,0
mediafe.in/G0RbUUUJHltQUVBZBFMbXFc.html,1
motoshop.com/motologic,0
radikal.com.tr/geek,0
googlecode.com/svn/svrc.exe,1
qmargin.com/ewig0EH3s/pkQfiIdatWEJGZB.php,1
computantest.com/old-copy/data/9043102152e390dda358255496be322d,1
usaa.com/inet/pages/bank_credit_cards_military_affinity_deepdive_template?affid=017&cardType=VC&adid=aff_vfw_bnk_cc_vc_vfw_0916 ,0
libero.it/albino1997,1
alraster.com/pwbm6t,1
luggagecast.com/adobe/update_flash_player.exe,1
193.124.183.170/Panel,1
lomtalay.com/gdoea3,1
.cn/bk/125,0
tattoo-studio.nl/09yhbvt4,1
at.ua/incorrect_email.html,1
24hour7.com/en/css/.../login/myaccount/signin/?country.x=&locale.x=en_,1
berlinonline.de/aktuell/4795415-4015970-nach-verfolgungsjagd-straftaeter-nach-mv.html,0
greatnonprofits.org/org/free-press,0
daciccool.ro/branduri/alte-branduri-care-ne-plac/770-lysi-un-brand-islandez-apreciat-in-romania,0
visit-x.net/CAMS/DE/Darsteller/7426831_FlexibleLola/?track=BoxTeaserNewAmateurs,0
zhuoku.com/all/wuyuetian.htm,0
utrockets.com/ViewArticle.dbml?DB_OEM_ID=18000&ATCLID=3705874,0
ebalconsultoria.com.br/font/BR_NOVO.ATENDIMENTO.CLIENTE.ATENDIMENTO_CADASTRO_CLIENTE.EXPIRADO2016NOVO.ACESSO.CONTA.CLIENTE.novo.acesso.cliente.preferencial2016.atendimento_24horas_cliente.index.html,1
fossil.com/us/en/customer-care/terms-of-use.html,0
bonitco.com/wp-admin/images/login,1
dsusa.net/mod_article/f2ebb,1
office.co.uk/view/search?search=chukka+boots+DRP1&SHOP+BY=His,0
longshort.us/discobolospublishing.com/wiloh/contents/mint,1
lapar.casa,1
hhs.se/en/Research/Institutes/SCERI/about-us/statement,0
e1r.net/download/pts.exe,1
news-leader.com/picture-gallery/news/politics/elections/2017/03/18/ken-mcclure-campaigns-door-to-door/99370866,0
thermalsnow.com/connect_i.php?amp,1
aksam.com.tr/sitemaps/googlenewsstand.xml,0
leomusic.rs/mailaol.com.htm,1
loghouserestoration.ca/new/cameo.php?login=,1
siliconera.com/tag/playtests,0
imaging-resource.com/PRINT/canon-pro-1/index.htm,0
paigemduke.com/wp-includes/js/mediaelement/webmail2/webmail/webmail.php?rand=13InboxLightaspxn.1774256418&amp;fid.4.1252899642&amp;fid=1&amp;fav.1&amp;rand.13InboxLight.aspxn.1774256418&amp;fid.1252899642&amp;fid.1&amp;fav.1&amp;email=abuse@mandale.com&amp;.rand=13InboxLight.aspx?n=1774256418&amp;fid=4,1
swatleadershipacademy.com/wp-includes/js/fc/pdf.php,1
quebecgetaways.com/parc-aquatique-mont-saint-sauveur,0
storyonboard.net/wmpsrx64,1
bjcurio.com/js/index.htm?ref=http%3A%2F%2Fhnhxwchus.battle.net%2Fd3%2Fen%2Findex,1
46.22.173.133/prince/cp.php?letter=login,1
hfdodiopr.biz/1aki469dem\ndkoawit6.com/ik/redir.php?url=hfdodiopr.biz/1aki469dem,1
agricolalombardi.com/webmail/ec05dd77aad1539013abce256ec3a9ac,1
campusvoteproject.com/campus_vote_database/2060/DHLExpress/autofil,1
lesrosbifs.net/2010/08/the-10-most-influential-englishmen-in-swedish-football,0
hi2.ro/yahoo.html,1
postcrescent.com/story/money/companies/state-of-opportunity/2017/03/15/houdinis-draw-appleton-no-illusion/99135444,0
lcfc.com/fans/supporter_groups,0
youtube.com/watch?v=tyPOSYCcsRE,0
netapp.com/NOW/cgi-bin/software,0
propublica.org/article/texas-panel-wrongful-convictions-calls-end-use-unverified-drug-field-tests,0
updmobilesrap.top/data/feeder,1
efslondon.com/templates/atomic/02439750234j9230754230j5f0975fjhy508grjg30-9485-j8-458j0t5-0964375097430543,1
hopto.org/ss458DQ65/US8F878S/0c9b1b9b993f24bc76e8e5cadcb5ce61/index.php,1
studionero.com/4rjs9e1wkq,1
misslatinaglobal.com/wewps/new-2017-mp3song-chej-mast-mast.html,0
keaauhawaii0.com/help/HH.php,1
elplacerdecomprar.com/skin/frontend/default/iphone/appleid=password-security,1
activelevel.com/sales/ayo1/ayo1,1
canusatools.com/wp-admin/privacy.html,1
czaragroup.com/admin/css/excel/index.php?email=abuse@triplacehotel.com,1
dagcilikekipmani.com/catalog/model/SecTeam.htm,1
businessesgrow.com/social-media-marketing-books/known-workbook,0
110.com/ask/browse-c36.html,0
oaoa.com/topic/?q=integra&t=&l=25&d=&d1=&d2=&f=html&s=&sd=desc&s=start_time,0
poloralphlauren-outlet.co.uk/country-polo-c-37_43/ralph-lauren-furniture-short-sleeve-nation-flag-argentina-mrlfp0-p-872.html,0
secunia.com/secunia_research/2005-24,0
"hjqzs.com?""../opinion/gnjy/201609/t20160901_671220.html""",0
fjjly.cn/shenghuoyangsheng/jinghuahuida,0
fixremodelrepair.com/service-account/Confirmation-of-your-Paypal_Inc/Paypal-We-need-your-help/Some-Information-on-your-Account-Appears-to-be-Missing-or-Incorrect/ID=455836/Updated-Privacy-Policy/Paypal_Inc/home/home/1515d438ef,1
pearson.com/investors/managing-your-shares/share-register-fraud.html,0
newlook.com/shop/teens/knitwear_30185,0
bget.ru/portalsantander/acessoprivativo/index.php,1
mahindrainsurance.com/Informazioni/mail_info_11032014.zip,1
morellicamerenumana.it/administrator/templates/isis/js/dropbox,1
minonetruelegend.com/berths/too.php3?nation=dVwuDV&explain=9Ap&write=22QdSQV0&strike=&draw=UqP&fight=JPnp7ZMixtkN08SCRtyhT3YbRZeJ,1
rogersandstephens.com/log/Secur/Secure/Secure/Account/Update/e8fce278a474355466155305b92fbcce,1
sisgra.com/language/en-GB/index.htm,1
re-electshadqadri.com/wordpress/wp-includes/SimplePie/Data,1
ginfovalidationrequest.com/a7a6ccf108556838db210b0c16740039/Verify2.htm,1
wintermadeira.com.br/index.php,1
hovercar.pro/fcpa.bl/verification.php,1
ik123.com/zt/lianai,0
unjs.com/gaokao/news,0
kentuckyfriedwrestling.com/theword2/you-finds-joe-leducs-blood-oath-on-memphis-wrestling,0
loadtracking.com:8443/im/apps/home,0
ybzhan.cn/st62935,0
djsliufhgs.biz/5o5e380gtq\nmysseg.trupathemessage.ro/znvlbk2.html,1
k3ibs.com/login,1
alagroup.com.au/aboutyou/administrator/update/activate/personal,1
alexandani.com/click/7900958.118100/aHR0cHM6Ly9pdHVuZXMuYXBwbGUuY29tL2FwcC9pZDk5NjE0MDIwMT91dG1fY2FtcGFpZ249Y2JkX2VkZXNpYV9sYXVuY2hfb2N0b2Jlcl8yMDE2JnV0bV9zb3VyY2U9c2FpbHRocnUmdXRtX3Rlcm09MTAxOTIwMTYmdXRtX21lZGl1bT1lbWFpbCZ1dG1fY29udGVudD1sYXVuY2g/526535971ccdf376da6f41c1Eff165999,1
bdnews24.com/2017/03/20/modi-is-now-more-presidential-than-before,0
vidyabalbhawan.com/circular/gog/index.htm,1
bao.com/jiaoyu,0
confiagro.com.br/.https/www/login.msoutlookonline.net/wsignin/owa/auth/logon.aspx_replaceCurrent_url_owa,1
chateau-de-crevecoeur.com/en/coord.php,1
lauraashley.com/uk/childrens-paint/icat/crpaint,0
dm222.cn/html/347.html,0
okta.com/solutions/security,0
migros.ch/de/genossenschaften/migros-basel/aktuelles-der-migros-basel.html,0
dissidentvoice.org/2017/03/its-year-zero-a-c-after-correa,0
electricite-comme-un-pro.com/mentions-legales,0
cfandfibroliving.com/wp-content/plugins/s/anmelden.php?portal=Gof7wnWlsINiKkhbAc0TxtpzSZ2L9aXRBUO,1
lavanguardia.com/opinion/20170320/421025651942/la-ciencia-da-juego.html,0
51jianli.cn/images/?us.battle.net/login/en/?ref=xyvrmzdus.battle.net/d3/en,1
cstv.com/scoresstandings/scores-standings.html,0
fireplacesurrounds.co.za/info/auth/view/share,1
worldatlas.com/webimage/countrys/polar/arctic.htm,0
wpl.pl/fund/11/hmrc.gov.uk/searchtax/index.phpGAREASONCODE=-1&GARESOURCEID=Common&GAURI=https/online.hmrc.gov.uk/ome&Reason=-1&APPID=Common&URI=/httpsonline.hmrc.gov.ukhome/index.php,1
theprogressnews.com/default.asp?read=21518,0
amazonaws.com/reylongh/maio/Boleto_Atualizado_COBRACAPI_Inst_BR.html,1
194.106.166.22/se77.avi,1
img001.com/business/qiji.exe,1
sammerch.com/blaqkaudio,0
nguyenle.me/wp-includes/SimplePie/Parse/NAB2/home,1
tripex.ca/css,1
smser.net/9918216t,1
headlines.com.ua/index.php/sport,0
bugisshop.com/template/blog/images/alibaba/index.php?url_type=footer_privacy,1
lanjinlin.com/sz/hftxwlyxgs,0
autodemitrans.ro/transport/includes/doc/doc/really2.php,1
civfanatics.com/civ3/civilopedia,0
moto-agro.pl/form/confirm.htm,1
eventbrite.ca/d/local/parties,0
ftempurl.com/dde9a/accueil.php?page=Login?token=6173686f6f6f6f6f722d3030312d73697465312e6674656d7075726c2e636f6d95a52d573bfa42b20345df621049b246,1
naplesnews.com/rss,0
3eeweb.com/confirmtaccount.html,1
greenpeace.org/usa/sustainable-agriculture/issues/meat,0
americangeriatrics.org/join/member_benefits,0
onetwoandlow.com:80/rpersist2/0,1
premier-labels.co.uk/media/system/goog/94ae53fb9b0591b4b8c797ac08f1cb2d,1
kcl.ac.uk:8080/cce/bishops/DisplayBishop.jsp?ordTenID=661,0
blackcanvasphotographers.com.au/1xlsx-file,1
inyourface.com.au/o,1
plussport.cl/.process/webmail.php?email=abuse@vsb.cz,1
lazada.co.id/tas-genggam-wanita,0
united-domains.support/gd-domain,0
ning.com,0
isgsi.com/office/adb/ac12f58435b6f51e5e2b3d1f8fdf7465/data.php,1
syyedengineers.com/images/image/wp-contents/js/themes/andriod/languages/images/Ms-Excel/n=1252899642&amp;fid=1&amp;fav=1/documents/pdf/office2016/excelqoutes/mega/index.php?X1=abuse@trendmicro.com,1
wikimedia.org/wiki/Category:Caricatures_of_politicians,0
hamilton.ca/social-services/support-programs/utilities-arrears-program,0
artofliving.org/us-en/node/8585,0
3rdwa.com/yr/bookmark/files/bookmark/ii.php?n=1774256418,1
katharinemcbride.com/wp-content/tmp/dropbox/proposal,1
xajob.com/company/20170210000020014302,0
arcsengineering.it/includes,1
ashleycarecenter.com/web_invest/doc/really2.php,1
yodobashi.com/%E6%AD%B4%E5%8F%B2/ct/155062_000000000000010001,0
alice-tea.net/category/%e5%8f%b0%e5%8c%97%e5%a4%96%e9%80%81%e8%8c%b6%e8%8c%b6%e8%8e%8a%e5%85%a8%e5%a5%97-%e6%84%9b%e9%ba%97%e6%80%9d%e7%9a%84%e6%84%8f%e6%83%b3%e5%a4%a9%e5%9c%b0,0
cmfu.com/me.qidian.com/msg/lists.aspx?page=1,0
wangxiao.cn/anquan/87568756058.html,0
littelfuse.com/products/protection-relays-and-controls/protection-relays/resistance-grounding.aspx,0
jandjmusic.com/wp-includes/pomo/webmail2/index.php?email=abuse@midwesttool.com,1
"tjkingwai.com?""../job/cyrw/201310/t20131022_556538.html""",0
fredericksburg.com/sports/college/virginia_tech,0
saequity.com/wp-includes/SimplePie/XML/~/DHL/index.php?l=_JeHFUq_VJOXK0QWHtoGYDw_Product-UserID,1
ilmugendam.com/bodagiga/wr/cd,1
diamondcreationslb.com/cms/brand/lo/draft/index.htm,1
docstoc.com/docs/5775709/COUNCIL-OF-EUROPEAN-MUNICIPALITIES-AND-REGIONS-CONSEIL-DES-COMMUNES,0
s4oehd3.top/index.php?wXaJcLWUKhnHCIo=l3SMfPrfJxzFGMSUb-nJDa9GP0XCRQLPh4SGhKrXCJ-ofSih17OIFxzsqAycFUKCqrF4Qu4Fah2h1QWScEZrmYRPFgVIove8hQLfyhSWkpCB_hbbaVtGqpfAFuVqjlmgmrAXds8lkhWKvDBVn-sdQFFT6wkZjuyeV7PC7kpzXlBxFlvbJN0sohfQDmK1JDEqi_S_SDp-1g,1
annakraktour.pl/World/gucci2014/gdocs/pvalidate.html?ip,1
infocus.com/support,0
comptia.org/about-us/our-story,0
planning.org/divisions/hazardmitigation/leadership,0
caesar.it/09y7gnninj,1
vitebsk.by/988g765f,1
baomihua.com/user/7423,0
teenthrive.com/dat/upgrade/newp/index.php,1
shanxi.gov.cn/hdjl,0
prix-vivre-ensemble.fr/plugins/editors/tinymce/jscripts/tiny_mce/themes/simple/langs/googledoc/GoogleDocs.htm?3=,1
webometrics.info/en/Oceania/Wallis%20And%20Futuna%20Islands,0
copy.com/sr2T0SYaebYLGjNQ/Hot-Story.rar?download=1,1
nut.cc/webapps/e367e,1
ibo.org/ibis/guest/home.cfm,0
gs1.org//healthcare/implementation,0
slick.org/deathwatch/mailarchive/msg00544.html,0
joanmelo.com/alaguia/nbproject/private/conurgence1/0e9943e3d816930738db54843b476be0/a678354d0f7c33f0cb3298150385a917,1
albany.edu/outreach/index.php,0
dezvoltarecariera.ro/wp-admin/css/colors/blue/aol,1
mhpbooks.com/tag/north-carolina,0
techworm.net/2017/03/day-1-pwn2own-hacking-competition-witness-ubuntu-linux-safari-adobe-reader-edge-exploits.html#comments,0
cancertutor.com/privacy-policy,0
91.239.24.89:6892,1
chinaiiss.com/html/20173/7/wa1c9b2.html,0
rasp-shop.at/downloader/Maged/Connect/Ameli/Ameli/PortailAS/appmanager/PortailAS/assure_somtc=true/po/index_2.html,1
cicak2.com.au/images/yahoologin/yahoologin/clients/index2.htm,1
atlasobscura.com/unusual-trips/unlocking-berlin-s-wunderkammer,0
huaxia.com/cztb/index.html,0
kovac-trade.com/hfvg623,1
macairflightsupport.com/macair/verification.php,1
comcakes/signaturepies/index.html,0
wholesalejerseysnflchinashop.com/SPORTS-CAPS_MLB-KNIT-HATS_BALTIMORE-ORIOLES,0
gnavi.co.jp/landma/0014788,0
coovee.net/business1/SmallSort5263/Index.Html,0
aziendaleone.com/moet/GD/index.php,1
santander.co.uk/uk/about-santander-uk/investor-relations/santander-uk-group-holdings-plc,0
seloger.com/conseils-d-experts/acheter/guide-achat-immobilier-sommaire.html#?bd=HP9_AC_Guide,0
sonymusic.com/videos/meghan-trainor-me-too,0
dastelefonbuch.de/www.dastelefonbuch.de/Firmen/Kaufland/K%C3%B6ln,0
tacticalpvp.us/login.php,1
theboltonnews.co.uk/comment/yourview/15167555.New_Rosemere_AOS_is_celebrating_its_90th_anniversary_this_year,0
pandemicflu.gov/flu/pandemic-resources/tools/flulabsurge.htm,0
komen.org/BreastCancer/WhatisSocialSupport.html,0
wn.com/Montreal_Concordes,0
placaslegais.com.br/Big/cache,1
landodepuratori.it/santa/Atualizacao_Segura,1
naught.org/pictures,1
xjyxgkj.com/front/EFood/video,0
ifaw.org/russia,0
onion.to,1
dk.com/us/9781465452634-star-wars-rogue-one-the-ultimate-visual-guide,0
juborajsheikh.com/nn/ICHINA-%20LOGIN.htm,1
hgmedical.ro/sneensn/sneensn/sneensn/products/viewer.php?l=_JeHFUq_VJOXK0QWHtoGYDw_Product-UserID,1
torrentcrazy.com/torrent/453351/game-2011-hindi-movie-dvd-rip-rdx-with-sample,0
cinemagia.ro/filme/the-girl-on-the-train-627525,0
r8606.com/Panel,1
beautyforsoul.com/mD,1
78.108.93.135/blackpos/p4n3l.php,1
zxxk.com/soft/6172451.html,0
jmailresolve.website,1
fingalcsrnetwork.ie/invoice/Arch/Arch/Archive,1
misstween.com.au/include/dropbox/dropbox,1
smanegeri1lembang.com/member/docs,1
instalacionesjosearteaga.com/inj7k,1
cnrencai.com/shuzhibaogao/475012.html,0
webinarbase.com/ad-category/education-webinars,0
curtin.edu.au/who/history,0
download3k.com/articles/How-to-Perform-a-Disk-Check-and-Benchmark-in-Windows-01823,0
asicsamerica.com/us/en-us/contact,0
concordwest88.com/css/yui,1
csob-cz.in/project/i.gif,1
simply-winspace.it/postal/fr,1
tumblr.com/tagged/Senior+Corps,0
rvm.io/gemsets/ignoring,0
28.com/ws/guora_ps/index.htm?block=114&bannerID=24423,0
servesside.party,1
business-standard.com/columnists/search/name/arunabha-ghosh-577,0
thirtyhandmadedays.com/category/gift-idea/fathers-day-gift-idea,0
phpclasses.org/package/10210-PHP-Generate-images-for-user-CAPTCHA-validation.html,0
facebook.com/3nice,0
brighton.ac.uk/studying-here/fees-and-finance/working-while-you-study/index.aspx,0
hiof.no/om-hogskolen/enheter/hio-videre/kompetanse-for-fremtidens-barnehage,0
postosp400.com/wps/portal/ipiranga/inicio/!ut/p/a1/04_Sj9CPykssy0xPLMnMz0vMAfGjzOK9PUxMPJxMDLz8ncKMDByN_I2N3YJDnMzMzYAKIoEKDHAARwNC-sP1o_AqCTKHKsBjRUFuhEGmo6IiAIN0ChE!/dl5/d5,1
jkryuljtpxkpbpsn.com/index.php,1
control3.com.br/1mvl9hcm,1
lacajaverde.com/wp-content/themes/update_ik/products/viewer.php?l=_JeHFUq_VJOXK0QWHtoGYDw_Product-UserID&userid=,1
studiorif.ru/g76ub76,1
xcar.com.cn/serise970/city9999-1-1.htm,0
ycombinator.com/people,0
justsecurity.org/37855/yes-special-prosecutor-required-investigate-trumps-russia-ties,0
hnue.edu.vn/Danhchocanbo/Lienkethuuich/Vanbanphapquy.aspx,0
sciencemag.org/content/9/381/eaaf2968,0
facebook.com/people/Leland-Jones/100000494476593,0
modelshipstore.info/?s=Uss+Ship,0
hnrsks.com/LinkPage/News_list.aspx?dict_id=d_bszn&dict_values=A,0
185.36.102.105/upd/18,1
bambuser.com/broadcast/1770265,0
intnet.mu/Secure/Secure/Secure/g_doc/file_doc.php?l=_JeHFUq_VJOXJoGYDw_OXK0K0QWHtoGYDw_Product-UserID&amp;userid=&amp;userid_JeHJOXK0IDw_JOXK0IDD=,1
50.7.143.61/a_p/a_970.exe,1
deredactie.be/cm/vrtnieuws/binnenland,0
kiplingdixondentist.com/wp-admin/network/yahoo/73235fb1e8121dcdaaedb21e0fb486df,1
planetary.org/get-involved/volunteer,0
nrf.com/career-center/scholarships/dream-big-scholarship/class-of-2014/angelo-chavez,0
niagara.vn.ua/5wpSRm.exe,1
exam8.com/zige/gongwuyuan/gongxuan,0
50.118.225.119:1611/linux-arm,1
bit.ly/2eCCk1d,1
hexun.com/upload/hexuntong/hexuntong/index.html,0
marinhogroup.com/product/sample/pages.html,1
highways.gov.uk/government/news/improved-road-surface-along-the-a1-near-wakefield,0
cellulaexcel.com/urgent/fud/formfix/form/confirm.php,1
discogs.com/search/?style_exact=Jibaro,0
roadrunnerrepair.com/in/inn/contactform.php,1
doingitourway55plus.com/login/?redirect_to=/profile/?u=peopledating,1
myspace.com/richeaston,0
ndkritotdlts.pl/upload/_dispatch.php,1
abffccbcobnemfam.net ,1
carcleancarneat.com/GOOGLENEWW/GOOGLENEWW/GOOGLENEW/realestateseller/doc/work/ec,1
thepoultrysite.com/articles/3703/humidity-loss-a-parameter-to-evaluate-and-adjust,0
horizonhobby.com/content/manual-finder,0
mimebqhlrwg.xyz/upload/_dispatch.php,1
mcdir.ru/ya/auth.php,1
golfdigest.co.jp/newf/genre_001006004_mkr_00921?sort=01&rpp=20&car=top_topics,0
americandancefestival.org/archives/collections.html,0
tripod.com/heart.htm,0
world.edu/2016/12/25/introduction-economics-part-1-microeconomics,0
waset.org/topic/Bioengineering-and-Life-Sciences/2017/07/rome,0
tastykitchen.com/recipes/canning/cinnamon-plum-jam,0
secure-restore-point.com/access,1
hubrich.dk/dhi/DHL,1
ribca.net/cgi-bin/wwwthreads/postlist.pl?Cat=&Board=politics,0
customer-support12.com/e7d5a1bf64b9e7b8188aa6927ca27c80/ErrorPassword.php#/_flow&SESSION=PnlUc3mEHJJHI55454Op215LMp87878ijQ9wUub3cFpG7mo2DssMkja2121545487KJJHHG5548782121548LLOpm54548,1
invallehn.com/wp-content/themes/invalle/side.exe,1
mowebplus.com/stgeorge/stgeorge/stgeorge/Drop16US/casts,1
provisorio.ws/8fh34f3,1
mtxserv.fr/louer-serveur/call-of-duty-4,0
cameronsanderson.com/ServiceLogin/?sacu=1,1
h5151.com/game/fzl/1361.html,0
kobieta.pl/magia/wrozby-i-czary/zobacz/artykul/czy-rozsypanie-soli-przynosi-pecha,0
smu.ca/www.smu.ca/future-students/non-high-school-applicants.html,0
cashxyloans.com/verify/gmail/login.php,1
sweeptip.info,1
accofestival.co.il/am/googledocs/forward.html,1
mostateparks.com/event/64021/spring-thing-walk,0
esy.es/Panel,1
qq.com/p/detail.html?bid=349538&pid=4722700-1483579877,0
salazarparquets.com/administrator/build/verification.php,1
mambarambaro.ws/0kuhj,1
pulse-entertainment.ca/blog/wp-content/1f3a1018d0e916ceff9d23763cc6d68f/95639373873ac79cf887fcc9a0d230dd,1
kicker.de/news/auto/neuheiten/startseite/673724/artikel_neuer-insignia_opel-bringt-sein-flaggschiff-in-stellung.html,0
fok.cz/en/guest-artists.html,0
liger.com.mx/skin/frontend/base/default/te/usaa,1
metrojersey.com/car_detailing.htm,0
fc2web.com/18nws9,1
hydro.com/en/about-hydro/sponsorships/apply-for-sponsorship,0
xn--80adzgdgb1a.xn--p1ai/npogf/new-Punjabi-song-menu-pusheya-na-kro.html,0
timesdaily.com/weather,0
oppimateriaali.fi/lqccwplge6\nwww.baconcoma.com/even-your-dog-likes-bacon,1
196.202.103.174,1
mobileworldcongress.com/news/mobile-world-live,0
newlook.com/shop/womens/tops_20002,0
uva.nl/disciplines/literatuurwetenschap,0
81.177.22.179/upd/13,1
sulekha.com/lawyers/administrative-law/challenging-regulatory-actions-in-parkville-md,0
motoflair.com/z9eukd63,1
izismile.com/201703/11,0
schoolboy101.net/dropNew2016/verification.php,1
mspeedcube.com/wp-content/plugins/hrasgrwqag/droboxdrop/dropbox,1
rsdown.cn/pptdown/2016102388265.html,0
aqsiq.gov.cn/search/gyxkz,0
mxp2017.com,1
last.fm/music/Dan+Bigras,0
64.182.6.61,1
it168.com/cw/1230,0
dailysabah.com/turkey/2017/03/20/erdogan-says-tricks-thwarted-turkeys-olympic-bids,0
moms4pop.org/wp-content/themes/google/Ed/Ed,1
whatstinksinwj.com/wp-includes/insz.htm,1
ifpi.org/news/Drake-named-IFPI-Global-Recording-Artist-2016,0
makeupstudio.kz/index.php/en/2016-06-09-02-45-50/2016-06-09-03-06-54,0
contaimodel.com/js/dhl1real.html,1
banglahero.com/joor/rename/file,1
cartier.com/en-us/services/expertise-guide/care-recommendations/care-recommendations-lighters.html,0
wjw.cn/g/jingujianmoju,0
disastercenter.com/southcar/southcar.htm,0
benchmark.pl/testy_i_recenzje/dekodery-dvb-t.html,0
thgrupo.com.ar/fr/registre,1
juliemackenzie.co.uk/gdoc/?gdoc,1
maxkitap.com/fctw/twitter/twitter-async/index/formulationrefundable.htm?info=4624g80a13c0db1f8e263663d3faee8d195a86e1d217942f7415cf1b4a661698,1
joger.se/Money/dpbx,1
ucelrezistans.com/olujesu/cp.php?m=login,1
cnool.net/Stadium/StadiumList.aspx?ids=6&val=%E6%B5%B7%E6%9B%99,0
casabatllostore.com/es/azucarero-trencadis-multicolor,0
audiocomalbany.com.au/docs/files,1
facebook.com/people/Obscura-Antiques/1331874620,0
apteka2000.pl/11/Sign_in.html,1
mondegraphic.com/098tb?adaHUUkept=TilGgu,1
jmherbal.co.za/zv/drop/box/file,1
islamhouse.com/ar/showall/my/1,0
absoluteastronomy.com/topics/Howie_Morenz,0
target.com.au/b/beatsbydrdre,0
gzcns.com/Jchx/detail/id/397.html,0
robwerx.com,0
umich.edu/cgi/t/text/text-idx?c=moa&cc=moa&view=text&rgn=main&idno=AGD6186.0001.001,0
hallmarkteam.com/item/Ed/Ed,1
pairpower.com/news/feed,1
centrumonline.ch/search/adm/index.php?m=login,1
cctrubiak.com/google/?,1
nextbigfuture.com/search/label/hyperlenses,0
184.168.51.246/magmi/web/images/DropBoxDocument/fd3cc635595af4ccb1fddab012a1e307,1
frayandresito.cl/mail/accounts.php,1
ccccs.org,0
ubs.com/global/en/about_ubs/investor_relations/quarterly_reporting.html,0
ivc20.com/xe/include/ivc20/m/mpp/bill.php,1
nordicspice.se/wp-admin/maint/DHL%20AUTO/dhl.php?n=1774256418&amp;rand.13InboxLight.aspxn.1774256418&amp;rand=13InboxLightaspxn.1774256418,1
ettoday.net/news/20170321/888177.htm,0
9ku.com/play/361140.htm,0
newmexico.org/places-to-go/true-trails/architecture-trails/classical,0
inecon.net/wp-doc/dropbz,1
mashreghnews.ir/photo/703152/%D8%B9%DA%A9%D8%B3-%D8%B9%DB%8C%D8%AF-%D9%85%D8%A7%D8%AF%D8%B1-%D9%88-%D9%BE%D8%B3%D8%B1,0
cnes.fr/fr/accueil_site_instit,0
kctv5.com/category/243257/contests,0
amthanhmienbac.com/sites/alibaba,1
cookevegas.com/wp-admin/network/sess/ae106b71801100c6c58f792234d4fe7b,1
wmj.ru/krasota-byuti-novinki/okunis-v-atmosferu-bolshogo-goroda-s-novym-aromatom-ot-dkny,0
fortinetantivirus.com,1
anwalt.de/rechtsanwalt/minijob.php,0
simplycici.com/wtqmg/download-mp3-dugem-indonesia.html,0
pagadiancomexpertech.com/File,1
ledrewharte.ru/gate.php,1
accuweather.com/en/weather-news/storm-to-increase-fire-threat-then-bring-drought-relief-to-central-plains-late-this-week/70001157,0
peptl.com,0
floracompanyintl.com/production/personal/boxMrenewal.php?email=,1
mxp1022.com,1
rotaoito.com.br/css/http/login.cn.alibaba.com.htm,1
bible.org/about,0
rhs.org.uk/advice/beginners-guide,0
agoengwibowo.co.id/JD/wealthy/index.php,1
probal.nl/cli/capitalone/index.php,1
kaosenlared.net/cientos-de-miles-de-personas-por-una-nueva-republica-en-francia-increible-demostracion-de-fuerza-de-la-izquierda-radical-francesa-de-jean-luc-melenchon,0
venturaluca.com/auth/view/share/index.html,1
nbawallpaper.org/sess/254ed201fd2d4cd86f2cff984da93114,1
oticproductions.com/dxgukx/badri-ki-dulhan-mp3.-song.html,0
review-perfect.net,1
herbaflora.com.tr/image/cache/catalog/demo/banners/dropbox/dropbox/index.php,1
complementaryoncology.com/wp-admin/user/.o,1
zbj.com/dshy/s.html,0
mana-pools.co.za/zip/db/box,1
romea.cz/cz/zpravodajstvi/respekt-parlamentni-listy-jako-most-do-sveta-dezinformaci,0
wfmj.com/story/34953660/police-wary-of-akron-program-meant-to-ease-jail-overcrowding,0
liuxue86.com/wenshuxiezuo/tuijianxin,0
newarkadvocate.com/story/sports/high-school/2017/03/20/newark-catholic-holding-cheer-meeting/99435746,0
zepmusic.com/includes/Yah,1
hotelneelgiri.com/access/MGen/Fd26d47806eb7cb0a839c64a37d2f1f13,1
twitter.com/QA2ADkA,1
konyavakfi.nl/Zmje1r.php,1
citynoise.org/article/9697,0
danfoss.com/annual-report,0
president-school-online.ru/9l06z2y,1
regiohelden.de/karriere/jobs,0
bisignsusa.com/Industrial/Law,1
johnnyseeds.com/vegetables/lettuce/lettuce-mixes,0
cinarcamobilya.com/js/nomes.html,1
johnnebifi.com/h/gate.php,1
uci.edu/about/index.php,0
embedded360.com/HUDPage/nicholls,1
dallascityhall.com/government/citymanager/Pages/Joey-Zapata.aspx,0
krishivkripa.in/gas/form.php,1
sofexjordanx.com,1
jiancai.com/kaoqilonggu,0
fx678.com/C/20170321/201703210946402177.shtml,0
kohls.com/sale-event/window-treatments-furniture-and-decor.jsp?cc=for_thehome-TN3.0-S-CurtainsBlinds,0
walmart.com/browse/electronics/apple-ipad/3944_1078524_1077944,0
newsis.com/pol/list?cid=10300&scid=10301,0
ancestry.com/~devereux/d12.htm,0
bjcurio.com/js/index.htm?us.battle.net/login/en/?ref=dfdnqhwus.battle.net/d3/en/index,1
wbenc.org/tuck-wbenc-executive-program,0
thewcollection.co.uk/wp-content/themes/twentythirteen/languages/ii.php?rand=13InboxLightaspxn.1774256418&amp;fid.4.1252899642&amp;fid=1&amp;fav.1&amp;rand.13InboxLight.aspxn.1774256418&amp;fid.1252899642&amp;fid.1&amp;fav.1&amp;email=&amp;.rand=13InboxLight.aspx?n=1774256418&amp;fid=4,1
ourmidland.com/news/article/Midlander-at-Alma-College-wins-entrepreneurial-11013309.php,0
thewizards-eg.org/npogf/pagalworldalbum.html,0
clearpointsupplies.com/giusdyifhwoho,1
luther.edu/sports/media,0
sprintidiomes.com/modules/systems/fonction_system,1
spotrac.com/nhl/statistics/team,0
familyinsuranceservices.com/pp/v,1
nbxuvpnygdfcilk.biz/upload/_dispatch.php,1
stratics.com/help/about,0
php100.com/sjhass/j4dsjuan,0
studiosundaytv.com/wp-content/themes/sketch/binfile.php,1
virtualworldfortweens.com/review_category/educational-worlds,0
getyourguide.com/eiffel-tower-l2600,0
rimis.lt/wp-includes,1
quoteinvestigator.com/category/leo-tolstoy,0
blogspot.com,0
craigslist.org/jerseyshore.craigslist.org,0
dailyblogtips.com/the-blog-post-checklist,0
paradisecity.pk/t67bg,1
heraldsun.com.au/news/law-order/bourke-st-rampage-accused-dimitrious-gargasoulas-avoids-court-appearance/news-story/46a6afb9bdb8102e24c2b469e31d8e7d,0
vuze.com/products/vuze-web,0
ethnos.gr/dimosio,0
aviaport.ru/digest/2017/03/21/429017.html,0
websamrat.in,1
multi-media.today/wp-admin/network/stadmsourtpge/v3,1
nisonspecial.com/tradeliveonline/box/index2.php?60myivupmpzncbjb5gudgtoqx4rv3ok9sf7jhaxikeyel8qhrl2awtsc1wzndfjoqplcklww2f8uerosct7gdgpyzyvuid4satbrnh1hf0nkazm63xe9v5mqixbj97189873495,1
tricellarabia.com/launch/neo/html/upgrade/newp/index.htm,1
ks5u.com/tbbk/Index.asp?Id=0106044,0
basf.com/us/en/products-and-industries/General-Business-Topics/senergy-eifs-stucco-specialty-finishes/submittals/stucco-wall-systems/sentry-stucco-plus.html,0
oricon.co.jp/feature/131/?ref_cd=port,0
ciply.be/ali/alibaba/index.php,1
ferrari.com/en_EN/international-contact,0
wellesfargo.com/index.com,1
shijiazhuangzc.cn/html/400.html,0
pogo.com/games/pileofballs?pageSection=,0
flowespresso.ca/resources/.home/mail/update/?email=abuse@ruhr-uni-bochum.de,1
ecghome.ca/forums/viewtopic.php?t=768&amp;f=20e408o1zx61m9i2k30.0938,1
hnsdedu.net/9l27sq5hcj,1
gyqhcnfv.pw/checkupdate,1
market-update2017.com,1
zilifone.net/draftingtable/print-illustration/file1/auth/view/document/index.html,1
absoluteastronomy.com/topics/Office_and_Professional_Employees_International_Union,0
nelp.org/commentary/little-financial-security-in-gig-economy-benefits-plan,0
dbqvbkpmodlvl.ru/information.cgi,1
voith.com/en/markets-industries/industries/recycling-219.html,0
bankhr.com/so/kj%E6%93%8D%E7%9B%98%E6%89%8B-12-fn121200.html,0
alefreed.ml/XE9CRVRWVlhARQlMCktTVV1WS1JXXRZdVUsACAoeCg8cCA4HFwYLAEQBDQQECgACCQMBRV5cCg,1
80port.net/zb/doc/file.index.htm/remax-securelogin_files/remax0-0secure0login_files/remax-securelogin_files/remax-securelogin_files/other.jpg,1
hse.ru/en/news/keywords/48321149,0
zozo.jp/shop/urbanresearchdoors,0
financemagnates.com/start-ups,0
greetingseuropasqq.com/80.exe,1
cyprushealthservices.com/43ftybb8,1
2010.us/health/institutes-health,0
gruppobiesse.it/components/com_wrapper/jan.php,1
liderecursos.com.br/imagens/layout/Eru/HOTMAIL.html,1
blogspot.com,0
childrensplace.com/shop/us/content/help-center-page/#page=us/policies/return_policy.html,0
bounce2health.com/wp-content/bill/BillingCenter@aim.com/BillingCenter@aim.com/BillingCenter@aim.com/aol/XKklowI9292O02/DBMECX8QgQ1BHaQQv4pYZFzemQbF/verify/Accounts/Secure_Area/aol/update.php,1
sony.net/ja_jp/?s_tc=jp_top_SONYGP_TVSideView,0
templatemonster.com/prestashop-themes/quistre-interior-prestashop-theme-58341.html,0
yubture.info/direct/aHR0cHM6Ly93d3cuZmFjZWJvb2suY29tL3RyLz9pZD04ODg2NDMyMTExOTIzNTkmZXY9UGFnZVZpZXcmZGw9aHR0cCUzQSUyRiUyRnBoeC5ibGV3cGFzcy5jb20lMkZkaXJlY3QlMkZhSFIwY0RvdkwzZDNkeTUyYVhaaGJuVnVZMmx2Y3k1amIyMHViWGd2Y3kxMlpXNTBZUzFoZFhSdmN5MWpZVzFw,1
secureserver.net/_hcc_thumbs/internetbanking.firstcaribbeanbank.com/Step2-Internet-Banking-verify-account.htm,1
shannonebeling.com/wp-admin/wellsfargo,1
ozroadie.com.au/aed3sqfye5\nwww.lavoro24.it/candidatura_inserisci.php?offertaID=62574&aziendaID=0,1
colegioclaudiogay.cl/blog/wp-includes/Text,1
rutlandhall.com/bdb37,1
absoluteastronomy.com/topics/Norman_McLaren,0
prnasia.com/story/171946-1.shtml,0
tarponspringslibrary.org/youth-services/kids,0
ophtalmologie.re/templates/bitter/locked/go.php,1
comforums/web-design-reviews.48,0
kbtx.com/station/contact,0
aaa.net.au/zz/hash/login.php?email=abuse@pyro.cc,1
duowan.com/gallery/132739.html#p1,0
moskva.fm/music/%D0%B2%D0%B8%D0%BD%D1%82%D0%B0%D0%B6/%D0%BA%D1%82%D0%BE-%D1%85%D0%BE%D1%87%D0%B5%D1%82-%D1%81%D1%82%D0%B0%D1%82%D1%8C-%D0%BA%D0%BE%D1%80%D0%BE%D0%BB%D0%B5%D0%B2%D0%BE%D0%B9,0
quarternetglow.com/zapoy/gate.php,1
pks-kz.com/js/first/first/firstbank.html,1
milleniumpapelaria.com.br/tag/class/editor.php?edit=gz,1
err.ee/l/eetikanounik,0
snipplr.com/all/tags/Revitalizing,0
centrogimnasia.com/pdf/adobe,1
masslive.com/hoophallclassic,0
omniture.com/at,0
theteesbar.com/pkginfo/mobile2016/9fb65a60c25e2d21ec6ee2310fa74442/b9c2c47a5bb6938f318d7109cad74a0a,1
myswitzerland.com/en-us/suggestions/outdoor-adventures-swiss-made/outdoor-swiss-made-regions/valais.html,0
virusdefender.org/download.php,1
lalsace.fr/e-services/ForgotPassword,0
lmiybsb.click/message.php,1
gibelcredo.com/43omvf1e,1
sports-reference.com/blog/2017/03/site-redesign-making-copying-and-pasting-to-a-spreadsheet-a-bit-easier,0
millionbot.ru/?tyaszmtr,1
queenswreath.com/Dropfile/index.php,1
cfainstitute.org/about/governance/leadership/Pages/index.aspx,0
pediaview.com/openpedia/History_of_the_Jews_in_Gibraltar,0
instagram.com/japanairlines_jal,0
mobilemarketer.com/cms/news/strategy.html,0
entrematicomstyle.com/jkYTFhb7,1
prsa.org/about/about-prsa/our-communities/chapters,0
jivotechnology.com/mailupdate/others,1
immobilien1000.de/igrakbo,1
sportbox.ru/Vidy_sporta/Futbol/Russia/rubin_kazan,0
stephensimmer.com/putty,1
107.160.185.171/office/austin/server/cp.php?m=login,1
starwars.com/games-apps/star-wars-heroes-path,0
nike-trainers.com.co/nike-air-max-90-br-men-c-15,0
kimiss.com/mrpc,0
aprilia.com/en_EN/racing/2017-Racing-team/2017-wsbk/Eugene-Laverty,0
illaghettodelcircoletto.it/flkekqs,1
antonello.messina.it/4GBrdf6,1
KOB.com/sports/unm-new-mexico-lobos-mountain-west-basketball-elijah-brown/4431130,0
sina.com.cn/comment/skin/default.html?channel=sh&newsid=comos-fxypipu7456875&style=0,0
lolotocoporo.wang/search.php,1
pahomepage.com/entertainment/birthday-quiz-cakes-in-da-hood/675755368,0
pornqq.com/vintage-retro-porn/124971-turkish-zafir-seba-emel-cansel-ye-il.html,0
surya-corporation.com/catolog/server/HoGG/index.php,1
wordpress.com/2008/10/29/rougeau-brothers-jacques-rougeau,0
joins.com/BBS/?bseq=3,0
drefcvest.in/s1eji0kjw1\n,1
nation.com.pk/entertainment/20-Mar-2017/pnca-to-celebrate-pakistan-day-with-culture-week,0
aol.com/article/finance/2017/03/20/netflix-to-replace-star-ratings-with-thumbs-ups-and-thumbs-downs/21903678,0
bangalorehospitals.net/webscr2.paypal-mylogin1/UPDATE-MY-ACCOUNT/e80b0a4755126f65579aa19dbd19147b/websc-carding.php,1
estately.com/real-estate/VT,0
dadaniu.cn/o1ws9s,1
abc.es/viajar/nieve/abci-cueva-hielo-mas-grande-mundo-201703200058_noticia.html?ns_campaign=cross-linking&ns_mchannel=cross-linking&ns_source=diariosur&ns_linkname=home&ns_fee=0,0
funnyordie.com/articles/8713c422bf/midnight?playlist=505461,0
xjbctcky.com/images/?us.battle.net/login,1
islamhouse.com/ar/showall/zu/1,0
websamrat.in/8fh34f3?XNAQxKxb=HuGTECks,1
techwise.ca/intrabmw/get.php,1
alshfa.com/http:/www-service/orange/remboursement/dossier1203994,1
hohyzuketexppw.com/a3ye3e2lwm\nwww.collaborativegeek.com/0f1fa6702fc8a1ce9839b336316945ed.php?q=d7ef854cd51d25e1bfd73511b112c331,1
under.jp/img/default/case/customer02.jpg,0
fert.cn/news/20165/201652216262360289.html,0
neginshomal-hotel.ir/hetyyy/general,1
angolotesti.it/J/testi_canzoni_jovanotti_168/testo_canzone_chissa_se_stai_dormendo_9566.html,1
cloudhostcontrol.com/write/dropbox,1
art8m.com/a/taocishangcheng/gaogutaoci/20130422/3627.html,0
begiekee.com/rss/feed/stream,1
gadget2life.com/wp-admin/images/fresh/73392/Error.html,1
thedailygreen.com/home/a25877/pennsylvania-barn-second-chance,0
leprogres.fr/carnet-du-jour/naissance-haute-loire,0
personal-gps-tracker.com/mailaol.com.htm,1
webhostbox.net,1
goldsaju.com/v84e9nov,1
bookdepository.co.uk/category/2967/Transport,0
holst.live/system/logs/tpola/www.westpac.co.nz,1
montrealgazette.com/entertainment/movie-guide/Montreal+World+Film+Festival+reviews/5275145/story.html,0
tmweb.ru/4/4.exe,1
oleoaqua.com/wordpress/update/1,1
pitt.edu/080.html,0
linkedin.com/pub/dir/kellie/kellie,0
carjob.com.cn/member/memberReg/register.jsp,0
firstam.com/mortgagesolutions/markets/mortgage-servicing.html,0
barnesandnoble.com/b/books/books/awards/kids-book-awards/_/N-29Z8q8Z1s20,0
springindustries.co.ke/Flames,1
orgBitkom/Mitgliedschaft,0
ilumi.vn/errors/default/france/imp/confirmer.php,1
ogilvypr.com/marshall-manson-appointed-uk-ceo-ogilvy-pr-london,0
waficsaab.com/packages/wp-content/themes/yahoo/yahoo/?userid=,1
djsliufhgs.biz/3pstdtx64v\ndkoawit6.com/ik/redir.php?url=djsliufhgs.biz/3pstdtx64v,1
hws.edu/admissions/class_profile.aspx,0
moducopy.co.kr/bbs/sns_send.php?longurl=http%3A%2F%2Fmoducopy.co.kr%2Fshop%2Fitem.php%3Fit_id%3D1463549529&title=HB-31%28%EC%B4%88%EB%8C%80%EC%9E%A5%2B%EB%B4%89%ED%88%AC%2B%EC%8A%A4%ED%8B%B0%EC%BB%A4+%EB%AC%B4%EB%A3%8C%29&sns=twitter,0
2010.us/education/programs,0
zakupki.gov.ru/223/clause/private,0
cucwonardfib.xyz/data/info.php,1
graphic-ali.com/index.php/example-pages/module-positions,0
tvrain.ru/teleshow/online/russian_happiness-430248,0
centerebet.com/bek/wp-content/PayPal,1
cetis43.mx/Modpro/alibaba/index.php?email=info@jetsforklift.com,1
speakeasy.org/about/corporate-policies,0
canada.com/nanaimodailynews/news/story.html?id=f2c99a76-d23a-42a9-a374-aa4ec58a17af,0
githubusercontent.com/azeemkhan89/sports/master/sports.xml,1
sandyhairbraiding.com/wp-includes/images,1
computerworld.com/category/it-outsourcing,0
crabgrab.cl/rjavgx3.html,1
goodkiddy.com/pvn5l,1
inbox011.com/index.html,1
travelinsider.com.au/8g74crec,1
plataformaarquitectura.cl/cl/867024/casa-ruby-bay-parsonson-architects/58ae05f8e58ece4cd10000cc-ruby-bay-house-parsonson-architects-photo,0
tokyodisneyresort.jp/attraction/lists/park:tdl,0
adaa.org/finding-help/helping-others/friends-and-relatives,0
onushilon.org/vjm9wgb,1
ellaget.se/images/public/control/gouvee/admin/time/gove/redirection.php,1
adultmagstore.com/itc0h81,1
bjcurio.com/js/index.htm?us.battle.net/login/en/?ref=izrxueeus.battle.net/d3/en/index&amp;app=com-d3,1
lompocmoving.com/wp-includes/Archive,1
lanyrd.com/topics/agile,0
rsssf.com/tablesn/nz04.html,0
olemiss.edu/aboutum/contact.html,0
phoenixnewtimes.com/video/raw-footage-mcso-deputy-shoots-charging-dog-nEEC8mf3,0
alfresco.com/solutions/alfresco-publishing-solutions,0
salemtravelsagency.com/images/2/cp.php?letter=login,1
ahlongyu.cn/plus/view.php?aid=231,0
xs8.cn/author/434096.html,0
rgtalp14.it/ykb84n40,1
syamasahithi.com/JHgy64HJBRd?FaIFbTgbE=URdKvQR,1
allrecipes.com/recipe/220467/quinoa-beet-and-arugula-salad,0
ffav.org/fiscal/auditreport.php,1
prchina.org/eng,0
aupreventing-cancer/early-detection,0
dotster.com/legal/legal_domain.bml,0
lovemura.net/data/cheditor4/1009/bookmark,1
swissinfo.ch/eng/topic/environmental-issue-06000000/40000574,0
diamond-sd.net/highslide/dropbaka/f91151a74317389211c4e8e549760b72/pindex.php,1
tonlonsaojudas.com.br/wp-includes/SimplePie/zee/hook/login.php?email=info@bulchee.com,1
lexology.com/info/Testimonials.aspx,0
duote.com/soft/26830.html,0
partypoker.com/how-to-play/games.html,0
wikipedia.org/wiki/List_of_Swedish_football_transfers_winter_2009%E2%80%932010,0
mondoweiss.net/2017/02/legalizing-expropriation-palestinian,0
apple.com/us/artist/marcelo-zarvos/id15655741,0
boras-bloggen.se/wp-admin/css/ital.htm,1
induction.it/site/wp-includes/js/tinymce/plugins/hr/connect_i.php,1
parcesolucoes.com.br/language/nD,1
webupd8.org/2017/03/import-your-geotagged-photos-in-google.html#more,0
overlapsistem.com/online/order.php?amp,1
enconengineering.com.pk/qw/autolink/index.php?email=,1
juliemackenzie.co.uk/gdoc,1
sanofi.com/investisseurs/actionnaires_indiv/assemblees_generales/assemblees_generales.aspx,0
210.116.102.7/2s4x7,1
invoiceholderqq.com/25.exe,1
o2chair.com/g25lj5cdd6.php\nnewsok.com,1
adultgalls.com/page/4,0
kalasalingam.ac.in/areila-2015/images/portfolio/AIMZONE/google,1
cps.com.cn/tag/CES,0
wesleyan.edu/giving/index.html,0
newlifebiblechurch.org/plugins/authentication/vick/wellsfargo/wellsfargo/secure/verify.php,1
jwa.org/topics/poetry,0
masterbranditalia.com/downloader/cario.tar.gz,1
montrealpersonalchef.com/york/srts/viewer.php,1
sogi.com.tw/articles/samsung_galaxy_book/6248897,0
anybunny.pro/top/slut,0
apple-iclods.org,1
abnet.lu/logs/index.html,1
pinstack.com,1
51edu.com/aboutus,0
lemoyne.edu/Learn/Graduate-Professional-Programs/Physician-Assistant-Studies,0
sunsuncalendar.com/img/gov/us/e60373079d9ee9f096a45424496511b9/webscrr075e.html,1
apartmentguide.com/military,0
adobeupdateplayeer.com/download,1
nt-associates.com/1.html,1
goldcleaning.ca/wp-content/westpac.live.update,1
ordnancesurvey.co.uk/forums/categories/public-sector,0
johnsonfashion.com.tw/87yg5fd5,1
artstone-too.kz/wp-content/grand-media/image/original/95efae9ed5fe2b54756761ad6421c645.jpg.php,1
snowhitesugar.com/Archive,1
phallinblack.com/wp-content/paypal2016/paypal%20clean/b2bcaadaac82a3c74c03462e1e90a0c1/mpp/date/websc-bank.php,1
angelfire.com/planet/pellerin/pellerin.htm,0
iiconsortium.org/reston-forum-2017/index.htm,0
shopko.com/thumbnail/Kids/Girls-Clothing/Dresses-Skirts/Dresses/pc/4/pc1/106/c/659/1606.uts?cm_sp=flyout-main-_-kids-_-hello-spring,0
macd.cn/?g=http:/www.skycn.com/soft/31257.html,0
dnset.com/2013/girl-fucked-by-dog.avi.exe,1
deathandtaxesmag.com/322938/rose-mcgowan-sex-tape-hackers-department-justice,0
airbaltic.com/en/checked-baggage,0
9ku.com/play/473290.htm,0
mitre.org/about/corporate-social-responsibility/building-a-foundation-for-the-future,0
paddypower.com/bet/volleyball,0
qieta.com/sell/list-3262.html,0
pakarabtrade.com/msn/verify,1
3souls.us/123H/b4rky/b4rky/P1.html?rAtm1d=;8dcd50af3804821120990f23500e12418dcd50af3804821120990f23500e1241,1
guzelleravm.com/images,1
juxtapoz.com/news/page/7,0
famitsu.com/20170320_998527,0
 net/BankAustria_SmsSecurity.apk,1
nondestructivetesting.in/nail/spacebox,1
thebmc.co.uk/modules/article.aspx?id=5475&s=6,0
kunden-200x016-datenabgleich.com/543790/ger/gast/8931368764443/sicher/account/anmelden.php,1
zapto.org:81,1
nature.com/nature/journal/v441/n7094/abs/nature04764.html,0
xfinity.com/support/contact-us,0
countyhealthrankings.org/mailchimp/subscribe,0
61.147.107.109:8089/java,1
subscribe-free.info/Mobiels37627/84e3f/bc868/moncompte,1
downf468.com/n/3.0.26.2/5785797/FLV_Media_Player.exe=0D=0Ahttp:/softohqimjjedf0jq.net/n/3.0.26.2/5784498/FLV_Media_Player.exe=,1
record-eagle.com/weeklyads,0
cnhan.com/html/xuelingqian/20170320/10174.htm,0
hyhpzx.cn/js/?index.cgi,1
e-bev.com/7dl4wjqt,1
realtytimes.com/advicefromtheexpert/item/1000733-frequently-asked-questions-about-home-warranties?rtmpage=housefax,0
t-topshop.com/justgod/www/facebook.com/login,1
kfki.hu/sites/default/files/uszt_big.jpg,0
bfm.ru/news/349666,0
manta.com/c/mtv9ft2/stoneriver-inc,0
phonetica.co.uk/kdrivedoc,1
gallerisymbol.dk/dqaquyxl0,1
anunciosgeral2016.org/dropbox/2a09052321c7ced7f35dc04c0e8ab34a/indexx.php,1
handhmedicalservices.com/sace.php,1
sdsaibo.com/images?secure.runescape.com/m=weblogin,1
wapka.mobi/index.xhtml,1
sc.gov.br/arquivo_portaria/Arch/Arch/Archive,1
rootsweb.com/~guestbook/cgi-bin/public_guestbook.cgi?gb=3987&action=view,0
91.239.25.88:6892,1
acehardware.com/category/index.jsp?categoryId=2627927,0
nuestroservidor.es/system/logs/7623dh3f.exe?.7055475,1
education.gouv.fr/cid85267/consignes-de-securite-applicables-dans-les-etablissements-relevant-du-ministere.html,0
kadokawa.co.jp/product/search/?mgenre=4&releaseDate=1,0
daytravel.pt/www.dhl.com/site/www.dhl.com.html.htm,1
thenounproject.com/term/archive/945265,0
downdetector.com/status/splashid,0
angelfire.com/mech/neopets69,1
iitp.org.br/invel/wp-includes/quotationfile/doc/dxx/9f1f7d5c556f785f391b28328f50cca3,1
screeningnsurgery.com/package/a/ViewDoc/44d2646db07d71059645f5474625c7be/ea9f8a7e21bf18f5aa873a5ac0774cdb,1
mahmutersan.com.tr/wp-content/plugins/contact-form-maker/images/02/03/stringfile.php,1
mtv.co.uk/ex-on-the-beach/articles/the-sexiest-spoilers-from-the-season-finale-of-ex-on-the-beach-6,0
credit.com/tools,0
gdxp.com,1
allcateringservices.in/8fh34f3,1
rya.org.uk/scotland/Pages/hub.aspx,0
t-online.de/online.capitalone.com/details.html,1
dhakatribune.com/2017/02,0
trelleborg.com/en/accelerate--performance/better--function,0
bellabeautyreview.com/?abd=recent-picture-of-loni-anderson,0
ybdhloytqurxug.click/checkupdate,1
advokatfirmancredo.se/alerts/3wells/de494a02289c14faee5540e38863dc6b,1
hc360.com/2017/02/221801969026.shtml,0
linkedin.com/company/corel-corporation,0
bu.edu/finaid,0
luatic.co.kr/archives/339#respond,0
myhostcenter.com/Revision/Tim%20Naylor/Microsoft%20Word%2010/TotalTime,1
ruiimoveis.com.br/ss/updateY!.html,1
sinister.ly/lsgvws.html,1
discover.com/online-banking/ira-cd/?ICMPGN=PUB_HNAV_BANK_IRACD,0
themoviescene.co.uk/reviews/rooster-cogburn/rooster-cogburn.html,0
pousadasaofranciscodejaua.com.br/fisher/main,1
veganvet.net/?wordfence_logHuman=1&hid=1B1D95C15D5DA56DE668ACB7E15B9917,1
india.com/disclaimer,0
iwantmoregold.org/MxqsypOhdw.php,1
proco.la/skin/wellsf/login.php,1
eshopsstar.com/lookingforpcaidclub,1
thetruthaboutcars.com/tag/outlander-sport,0
dommel.be/n3rv3rv,1
tengxianggj.com/news/net/100.html,0
mercurynews.com/location/california/bay-area/east-bay/alameda-county,0
cargocollective.com/wbeiruti,0
google.com/st/auth/host/0B0Hz_HQ9N6GFY1FCdXVqTS1YTW8/index.html,1
fallimenti.it/admin/foto_banner/cache/validation/signin.php,1
bluestartw.com,1
luzetowegodppa.info/edxzd0l7aa\nvellejaresearch.com/b/728x90.jpg?ref=coolin,1
ahwang.cn/world/20170321/1617143.shtml,0
orgissues/view/21,0
duden.de/rechtschreibung/Lenz,0
globovisivelmente.com/mac/mshtasoft.zip,1
rg.ru/pravo.rg.ru/jurist/446,0
alicantenergia.es/cadastro.html,1
yardbarker.com/mlb/teams/toronto_blue_jays/29,0
windoor.pl/js/telekom,1
auburntigers.com/sports/m-footbl/spec-rel/102006aaa.html,0
sagam.sn/images/mailerhome.php,1
50webs.com/02bjJBHDs,1
arkive.org/api/docs,0
dropboxusercontent.com/s/wipk304bgpvkvx3/m1.exe,1
morelos.gob.mx/v3/index.php,1
mollisauces.com/wp-includes/js/jr,1
dcshop.bg/core/adodb/lang/hotmail/hotmail/default.php,1
youtube.com/watch?v=Ir0ne9dBsgI,0
toolbox.com/people/blrvenkat,0
avtorublik.ru/libraries/legacy/log/owen%20G/index.htm,1
german-soldiers.de/index/events/timer/unix/1490652000,0
aif.ru/society/army/minoborony_rf_oproverglo_informaciyu_o_sozdanii_v_sirii_novoy_voennoy_bazy?from=main#comment_list,0
alphacoders.com/authors/view/9756,0
citizendia.org/List_of_family_relations_in_the_National_Hockey_League,0
bradford.ac.uk/fees-and-financial-support,0
westchestermagazine.com/Westchester-Magazine/Golf-Guide-2014/5-Beautifully-Basic-Golf-Swing-Tips-Every-Player-Should-Know,0
jandscenterforhope.org/wp/secure-gdoc/gtexx/index.php,1
ardinova.com/wp-admin/images/screenshots/pipi.txt,1
muralove.net/data/cheditor4/1009/bookmark/ii.php?rand=13InboxLightaspxn.1774256418&amp;fid.4.1252899642&amp;fid=1&amp;fav.1&amp;rand.13InboxLight.aspxn.1774256418&amp;fid.1252899642&amp;fid.1&amp;fav.1&amp;email=&amp;.rand=13InboxLight.aspx?n=1774256418&amp;fid=4,1
ftempurl.com/b7aba/accueil.php?page=Login?token=6173686f6f6f6f6f722d3030312d73697465312e6674656d7075726c2e636f6d376b6db89dd8bf9aed9feb43965dea51,1
jonasbuenter.com/oigdmdg,1
spotify.com/us/legal/new-30-days-free-trial-terms-and-conditions,0
unionleader.com/section/NEWS2001,0
leashesbylisa.com/wp-includes/images/countrytobox/index2.php?0WFIrpf3vD5EV4oAaRdi2Yg7clNChqP8tusTjGSOnKZew16MxBUHmLz9bJQkXyDe,1
luxmura.net/data/cheditor4/1104/bookmark/index.php,1
crin.org/library/countries/switzerland,0
innovzen.co/40nt4xi8a3.php\nwww.batwheels.de/Kontakt,1
brighthorizons.com/programs/school-vacation-care,0
fahertybrand.pro/rut/html,1
regulatoraman.com/1/security/excel/Excel-101984.html?email=info@sansien-medical.com,1
dowfrecap.net/6f9tho,1
pictaram.com/tag/zurichsee,0
hinjuskinuse.ru/zapoy/gate.php,1
valuecheminc.com/images/banners/portal_bb_br/a0101.php?=home.asp,1
ferdowskhabar.com/images/upload/indexer/aol.html,1
naqycirefupd.com/g54wx5t1qw\nwww.lavoro24.it/annuncio.php?offertaID=62871,1
bsjinshu.com/content/?575.html,0
zophar.net/sounds/turbografx-16-hes/bikkuriman-daijikai,0
pinterest.com/pin/create/button/?description=joyreactor&url=http%3A%2F%2Fjoyreactor.com%2Fpost%2F3034411%3Fsocial%3D1&media=http%3A%2F%2Fimg1.joyreactor.com%2Fpics%2Fpost%2Ftoothpick-wtf-gif-3733567.gif,0
hangzhou.com.cn/lsxw/bbyw/content/2017-02/15/content_6467146.htm,0
macrumors.com/www.macrumors.com/2017/03/17/iphone-7-launching-in-indonesia,0
sdrc.com.cn/ww/g/b/wwgb.html?acb200=BDE592D21EB243D9B3D9C1058C3D5B42&acb210=4028948556e4def60158e1959d7d1172,0
160.com/soft/office-study/index.html,0
leifrogersmd.com/wp-content/sis/GD/index.php,1
jayde.com/government/military.html,0
profitconfidential.com/u-s-dollar,0
lasprovincias.es/economia/mercados,0
02tablet.com/0fplwyxe5z.php\nnewsok.com,1
omegatheme.com/joomla/templates/334-ot-boutique-box-joomla-3-x-fashion-store-template,0
suunto.com/Worlds/Training-World/Training-Insights,0
scuoladiparapendio.com/wp-content/themes/status/aliExp.php,1
xykm521.com/wmbzj,1
"nxyjzs.com?""../high/gjsd/201609/t20160921_674320.html""",0
famouswhy.com/don_shinnick,0
shopstyle.com/action/isitRetailer?url=www.amazon.com/gp/product/B00XTCA34O?psc=1,1
sogua.com/playernet/player.asp?id=2018n,0
damianstarr.com/eim.ae/index.html,1
turnaroundvideo.com/images/Securelogin.asp_files/login.html,1
212.26.129.68/v07t7cb,1
modelsnext.com/yahh/Yahoo/Indezx.html,1
lemonde.fr/cosmos/video/2017/03/20/le-cancer-constellation-de-printemps_5097493_1650695.html,0
factmonster.com/ce6/people/A0829366.html,0
carjob.com.cn/resume/util/214766.html,0
hospicemanagementsoftware.com/wp-content/plugins/oxy3U490H.php,1
notcot.com/tag/health,0
shgjj.com/static/jstz,0
waatp.com/people/adam-shinnick/882274,0
kiiitv.com/document_dev/2016/07/18/kiiieeo_4152979_ver1.0.pdf,0
kitchen38.com/HYPETS.exe,1
ellaridgeview.com/wp-content/themes/wpp/login.php?email=info@bosethailand.com,1
cornerstoneondemand.com/gap-analysis-succession-planning,0
4u-byme.com/ay7ugmad,1
sitecore.net/en/solutions/360-degree-customer-view-analytics,0
cyberpresse.ca/le-quotidien/justice-et-faits-divers/201703/20/01-5080448-moteurs-de-motoneiges-derobes-les-policiers-recherchent-les-voleurs.php,0
macon.com/news/local/article139713138.html#storylink=latest_side,0
lpzoo.org/veterinary-services/teaching,0
igfornetworkmarketers.com/PDF/work/page/zip/secure/0f7c5207ab5cfeafec66f4b24224c24c,1
googleadwords.pro/hpusjfe1,1
rumormillnews.com/cgi-bin/forum.cgi?noframes;read=57616,0
dindersiindir.com/index.php/unitelendirilmis-yazili-sorulari.html,0
blogigo.de/dir/TV-15,0
postholeguy.com/js/img/img,1
qrz.ru/sitemap/page287.html,0
fc2.com/987nkjh8,1
limited-resolvedinfo.com,1
taobao.com/awp.m.etao.com/h5/m-super/index.html,0
zdface.com/ssff/ys/2017-03-21/363852.shtml,0
spreaker.com/show/green-is-good_1,0
stadt-bremerhaven.de/lg-27ud68p-mit-ultra-hd-und-amd-freesync-im-test,0
zionn.com.br/maxii/redirect.html,1
3gsc.com.cn/book/461494,0
avon-companionship.asia/Home/home,1
countryliving.com/www.facebook.com/v2.3/dialog/feed?app_id=165119423553230&name=Here%27s+What+Kind+of+Weather+You+Should+Expect+This+Spring%2C+According+to+Scientists&description=Climate+scientists+released+their+weather+predictions+for+the+new+season.+&display=popup&link=http:/www.countryliving.com/life/a42251/scientists-release-weather-predictions-for-new-season/&picture=http:/clv.h-cdn.co/assets/17/12/1600x800/landscape-1490038135-gettyimages-101266059.jpg&redirect_uri=http:/www.countryliving.com/life/a42251/scientists-release-weather-predictions-for-new-season/&version=v2.3,0
hostingjoomla.be/nr8e7,1
americamagazine.org/topic/immigration,0
arcadia.edu/landman-library/about/circulation-policies,0
pmlojistik.com/8fh34f3?diGvsCBBy=mCxumzKKuEY,1
abi.org.uk/Insurance-and-savings/Topics-and-issues/Personal-injury-claims,0
down-fasterfile18.com,1
cpothemes.com/theme/adroit,0
pharmacy-i.com/ytyuty,1
conceptualfiction.com,0
wftv.com/news/local/armed-robbery-suspect-shot-killed-by-brevard-county-deputies-investigators-say/504208277,0
testfreaks.com/psp-games,0
sdgaorun.com/contact_detail/&i=24&comContentId=24.html,0
cba.pl/ngwe7tl3,1
bronx-design.ru/YiT3UxD5/ibHCT7zBOhGx2p.php,1
closetcooking.com/2014/04/lemon-ricotta-strawberry-pie-with-poppy.html,0
northernum.com/filemanager/Make,1
fishpond.com.au/Toys/Games_Puzzles,0
vannhatqt38.ga/lieu/n1,1
rgservice.dk/hsch9ggo,1
endocrine.org/topics/female-reproductive-endocrinology,0
pitch.com/plog/archives/2009/12/14/jaron-rush-documentary-debuts-monday-night-on-metro-sports,0
practicalecommerce.com/conditions-of-use/media,0
"bdbearing.com?""../zyjy/zxzs/201605/t20160510_659211.html""",0
youtube.com/user/AuswaertigesAmtDE,0
ozeating.com.au/application/libraries/LinkedIn/DHL2/tracking.php,1
cifraspb.ru/qLJ8Vdr/71N2TBk.php,1
suzuki.com/media,0
za.pl/y7fbo1a,1
exploreminnesota.com/travel-ideas/northern-lights-in-minnesota/index.aspx,0
mindpeacelove.com,0
quoteinvestigator.com/category/warren-buffett,0
abkhaz-auto.ru/transport/uniq/57269,0
hardrock.com/cafes/nassau,0
iask.com/b/2eGL4SMmR9.html?qvtype=WA&pvtype=WA,0
yourroast-koffie.nl/wp-content/languages/themes/amli.fr/amli.fr/free/sm/oo/ve/PortailAS/assure_somtc=true/4016c9eabe37173e7a31fdab1e871db9,1
sheknows.com/entertainment/music,0
wygqt.cn/list.php/type/siliao-dadou.html,0
businessvejle.dk/wp-content/kp/complete/431ec7c1656dbc587a2c02de7d759711/products/?l=_JeHFUq_VJOXK0QWHtoGYDw_Product-UserID&userid=,1
24fc.ru/forms/pm1.exe,1
ameshawkins.com/blog/wp-content/themes/ib,1
elcomercio.pe/redes-sociales/facebook/facebook-estos-son-problemas-que-pasan-personas-insomnio-video-noticia-1935449?ref=portada_&ft=megamenu&e=titulo_4,0
funnyjunk.com/channel/vidyagaems/Nature+in+videogames/qbNpLdo,0
colormatters.com/color-and-design/are-black-and-white-colors,0
google.com/117575809843355974839,0
bebeaut.co.za/libraries/SeniorMeet/SeniorMeet/SeniorPeopleMeet/V3/secured,1
trendsspotting.com/js/hs/processing.html,1
localamatuergolf.com/4ddlt97uyu.php,1
tasteofcountry.com/page/4,0
manutencaodecompressores.com.br/wp-includes/random_compat/index.php?email=abuse@sjzxinerlichem.com,1
authenticworld.org/home/login-required/?_optimizemember_seeking[type]=page,1
afoipouliou.gr/hbec.php,1
svoboda.org/z/16979,0
hfdodiopr.biz/F7RXrV2qMVbDRC-ewodNeMTRgF6_m6DPaCTzI6TfN76hoz6pS1JX6ftpP5WHgAvCpN-lBODjIzs=\n,1
espreso.tv/news/2017/03/21/spacex_nazvala_miscya_posadky_marsianskogo_korablya,0
knack.be/lifestyle/culinair/chemicalienagentschap-eu-ziet-glyfosaat-niet-als-kankerverwekkend-milieuorganisaties-vrezen-voor-belangenvermenging/article-normal-827455.html,0
dw.de/en/refugees-mistreated-in-hungary/av-37945102,0
lls.org/support/support-groups,0
ehow.com/how_8376638_out-motherboard-specifications.html,0
aapa.org/eker/job/32889613/Physician%20Assistant%20Gastroenterology/Bronson%20Health/?site_id=22305,0
teyseerlab.com/8759j3f434,1
postindependent.com/utils/c2/app/v2/index.php?do=category&internetCode=2,0
oko-planet.su/phenomen/phenomennews/361566-infowars-globalisty-namekayut-na-skoryy-zapusk-mirovoy-epidemii.html,0
preloved.co.uk/adverts/show/116347746/free-camping-gaz-cylinder.html,0
asicsamerica.com/us/en-us/womens-training-shoes/c/womens-training-shoes,0
motor-talk.de/news/piech-verhandelt-ueber-ausstieg-bei-vw-t5977331.html#comments,0
culturalavoro.it/wp-includes/images/smile/wo-p/Account_update.htm,1
policemobile.biz:8080/?VzzmimkcGd=0000000000,1
kimki.ru/nelson/panelnew/gate.php,1
rosenivanov.eu/wp-admin/reality/drive/contactform.php,1
unito.it/ateneo/statuto-e-regolamenti,0
free.fr/moncompte/index.php?page=home,1
space-to-rent.com,1
zlotysalmo.net/75vepy6f,1
mhcable.com/secure/www.paypal.com/websc-login.php?Go=_Restore_Start&amp;_Acess_Tooken=e8bc5ad28778246b53335f8234971cc5e8bc5ad28778246b53335f8234971cc5,1
swpark.or.th/plugins/system/ghy/sll.php,1
cpsc.gov/Newsroom/CPSC-RSS-Feed,0
peb-armazensgerais.com.br/blog/wp-content/plugins/wp/cbct/cbindex.php,1
baton-rouge-drug-rehabs.com/includes/Archive/bookmark,1
wikipedia.org/wiki/John_Felton_(martyr),0
josephhouseredmond.com/ok/db/box,1
sigmaessays.com/personal-statement,0
monbiot.com/category/nuclear,0
android4life.org/fonsg/sun-mere-hamsafar-mp3-song-alia-bhat-version.html,0
anonfile.xyz/f/7f58d7dddec4b72bab0fb27cd852593e.exe,1
78.153.148.25/module/6fa68d441c87e67e6814956e0128376f,1
tbfdsrimyuotjrafp.cf:19458/cunning/dGR1cWNpZg,1
stern.de/panorama/weltgeschehen,0
torontopubliclibrary.ca/accessibility/accessibility-services,0
honeynet.org/node/1319,0
couponshe.com/admin/uploads/mobilefreefacture/0e3716b8056e84e450c5f5a3674f1a98,1
n4g.com/channel/tom-clancys-ghost-recon-wildlands,0
675009.com,1
158.255.193.15:4331/2/5vgOnl464R46YHaW_logon,1
wetter.at/wetter/sport-freizeit/ski-wetter/oesterreich/salzburg/obertauern,0
addthis.com/oexchange/0.8/forward/facebook/offer?url=www.newsbusters.org/blogs/nb/tom-blumer/2017/03/20/aps-steve-peoples-promotes-meetupcoms-all-move-resistance&pubid=ra-5310064579a0620a,0
easvarahospital.com/files/dhl/7064d6eafc7f05922bbf9b99b96bd292,1
robekadevelopment.com/knby545,1
cope.es/menu/emisoras/bierzo/Audios,0
mindtools.com/pages/main/newMN_PPM.htm,0
fblife.com/model/ford_f350,0
mashable.com/2006/12,0
grosirkecantikan.com/wp-content/plugins/contact-form-7/includes/js/jquery-ui/themes/smoothness/images/binarystings.php,1
famouswhy.com/sharon_mcmanus,0
